order_date,year,quarter,region,product,unit_price,quantity,revenue,cost,profit
2024-01-01,2024,Q1,South,Laptop Sleeve,19.99,1,19.99,7.6,12.39
2024-01-01,2024,Q1,North,Noise Cancelling Headphones,149.99,2,299.98,136.0,163.98
2024-01-01,2024,Q1,East,Ergonomic Chair Cushion,39.99,1,39.99,17.2,22.79
2024-01-01,2024,Q1,South,Wireless Mouse,24.99,2,49.98,22.4,27.58
2024-01-01,2024,Q1,West,Laptop Sleeve,19.99,2,39.98,15.2,24.78
2024-01-02,2024,Q1,North,Noise Cancelling Headphones,149.99,7,1049.93,476.0,573.93
2024-01-02,2024,Q1,North,Ergonomic Chair Cushion,39.99,2,79.98,34.4,45.58
2024-01-02,2024,Q1,South,Ergonomic Chair Cushion,39.99,1,39.99,17.2,22.79
2024-01-02,2024,Q1,West,Wireless Mouse,24.99,4,99.96,44.8,55.16
2024-01-03,2024,Q1,South,Webcam HD,59.99,7,419.93,191.1,228.83
2024-01-03,2024,Q1,South,Noise Cancelling Headphones,149.99,2,299.98,136.0,163.98
2024-01-03,2024,Q1,East,Noise Cancelling Headphones,149.99,3,449.97,204.0,245.97
2024-01-04,2024,Q1,South,Desk Lamp,29.95,2,59.9,26.8,33.1
2024-01-04,2024,Q1,North,Ergonomic Chair Cushion,39.99,1,39.99,17.2,22.79
2024-01-04,2024,Q1,South,Bluetooth Speaker,74.99,7,524.93,231.7,293.23
2024-01-05,2024,Q1,West,Ergonomic Chair Cushion,39.99,8,319.92,137.6,182.32
2024-01-05,2024,Q1,East,Webcam HD,59.99,4,239.96,109.2,130.76
2024-01-05,2024,Q1,South,Monitor Stand,45.0,2,90.0,39.8,50.2
2024-01-05,2024,Q1,East,Noise Cancelling Headphones,149.99,8,1199.92,544.0,655.92
2024-01-05,2024,Q1,East,Bluetooth Speaker,74.99,5,374.95,165.5,209.45
2024-01-06,2024,Q1,North,Mechanical Keyboard,89.99,7,629.93,297.5,332.43
2024-01-06,2024,Q1,South,Desk Lamp,29.95,3,89.85,40.2,49.65
2024-01-06,2024,Q1,West,Laptop Sleeve,19.99,1,19.99,7.6,12.39
2024-01-06,2024,Q1,North,Noise Cancelling Headphones,149.99,6,899.94,408.0,491.94
2024-01-06,2024,Q1,East,Desk Lamp,29.95,8,239.6,107.2,132.4
2024-01-06,2024,Q1,West,Mechanical Keyboard,89.99,2,179.98,85.0,94.98
2024-01-06,2024,Q1,East,Bluetooth Speaker,74.99,2,149.98,66.2,83.78
2024-01-07,2024,Q1,East,Ergonomic Chair Cushion,39.99,8,319.92,137.6,182.32
2024-01-07,2024,Q1,East,Laptop Sleeve,19.99,6,119.94,45.6,74.34
2024-01-07,2024,Q1,North,Bluetooth Speaker,74.99,6,449.94,198.6,251.34
2024-01-08,2024,Q1,North,Bluetooth Speaker,74.99,1,74.99,33.1,41.89
2024-01-08,2024,Q1,South,Webcam HD,59.99,3,179.97,81.9,98.07
2024-01-08,2024,Q1,South,Laptop Sleeve,19.99,7,139.93,53.2,86.73
2024-01-08,2024,Q1,West,Mechanical Keyboard,89.99,3,269.97,127.5,142.47
2024-01-09,2024,Q1,West,Noise Cancelling Headphones,149.99,5,749.95,340.0,409.95
2024-01-09,2024,Q1,South,Laptop Sleeve,19.99,5,99.95,38.0,61.95
2024-01-09,2024,Q1,West,Desk Lamp,29.95,7,209.65,93.8,115.85
2024-01-09,2024,Q1,South,USB-C Hub,34.5,2,69.0,31.6,37.4
2024-01-09,2024,Q1,South,USB-C Hub,34.5,4,138.0,63.2,74.8
2024-01-09,2024,Q1,South,Wireless Mouse,24.99,8,199.92,89.6,110.32
2024-01-10,2024,Q1,South,Webcam HD,59.99,5,299.95,136.5,163.45
2024-01-10,2024,Q1,North,USB-C Hub,34.5,7,241.5,110.6,130.9
2024-01-10,2024,Q1,East,Ergonomic Chair Cushion,39.99,6,239.94,103.2,136.74
2024-01-10,2024,Q1,South,Noise Cancelling Headphones,149.99,1,149.99,68.0,81.99
2024-01-10,2024,Q1,West,Noise Cancelling Headphones,149.99,7,1049.93,476.0,573.93
2024-01-10,2024,Q1,West,Laptop Sleeve,19.99,7,139.93,53.2,86.73
2024-01-10,2024,Q1,North,Bluetooth Speaker,74.99,7,524.93,231.7,293.23
2024-01-11,2024,Q1,South,Mechanical Keyboard,89.99,4,359.96,170.0,189.96
2024-01-11,2024,Q1,West,USB-C Hub,34.5,2,69.0,31.6,37.4
2024-01-11,2024,Q1,East,Ergonomic Chair Cushion,39.99,1,39.99,17.2,22.79
2024-01-12,2024,Q1,North,Ergonomic Chair Cushion,39.99,3,119.97,51.6,68.37
2024-01-12,2024,Q1,North,Desk Lamp,29.95,1,29.95,13.4,16.55
2024-01-12,2024,Q1,North,Monitor Stand,45.0,7,315.0,139.3,175.7
2024-01-13,2024,Q1,East,Desk Lamp,29.95,6,179.7,80.4,99.3
2024-01-13,2024,Q1,West,Mechanical Keyboard,89.99,2,179.98,85.0,94.98
2024-01-13,2024,Q1,West,Bluetooth Speaker,74.99,8,599.92,264.8,335.12
2024-01-13,2024,Q1,West,Webcam HD,59.99,2,119.98,54.6,65.38
2024-01-14,2024,Q1,North,Desk Lamp,29.95,5,149.75,67.0,82.75
2024-01-14,2024,Q1,West,USB-C Hub,34.5,1,34.5,15.8,18.7
2024-01-14,2024,Q1,South,Noise Cancelling Headphones,149.99,6,899.94,408.0,491.94
2024-01-14,2024,Q1,South,Noise Cancelling Headphones,149.99,1,149.99,68.0,81.99
2024-01-15,2024,Q1,East,Mechanical Keyboard,89.99,5,449.95,212.5,237.45
2024-01-15,2024,Q1,East,USB-C Hub,34.5,6,207.0,94.8,112.2
2024-01-15,2024,Q1,South,Noise Cancelling Headphones,149.99,6,899.94,408.0,491.94
2024-01-15,2024,Q1,South,Ergonomic Chair Cushion,39.99,4,159.96,68.8,91.16
2024-01-15,2024,Q1,South,Laptop Sleeve,19.99,4,79.96,30.4,49.56
2024-01-15,2024,Q1,South,Noise Cancelling Headphones,149.99,8,1199.92,544.0,655.92
2024-01-15,2024,Q1,East,Wireless Mouse,24.99,1,24.99,11.2,13.79
2024-01-16,2024,Q1,West,Webcam HD,59.99,4,239.96,109.2,130.76
2024-01-16,2024,Q1,East,Bluetooth Speaker,74.99,6,449.94,198.6,251.34
2024-01-16,2024,Q1,East,Mechanical Keyboard,89.99,4,359.96,170.0,189.96
2024-01-16,2024,Q1,North,Monitor Stand,45.0,8,360.0,159.2,200.8
2024-01-16,2024,Q1,South,Desk Lamp,29.95,4,119.8,53.6,66.2
2024-01-17,2024,Q1,North,Bluetooth Speaker,74.99,6,449.94,198.6,251.34
2024-01-17,2024,Q1,North,Mechanical Keyboard,89.99,7,629.93,297.5,332.43
2024-01-17,2024,Q1,South,Bluetooth Speaker,74.99,3,224.97,99.3,125.67
2024-01-17,2024,Q1,West,Desk Lamp,29.95,2,59.9,26.8,33.1
2024-01-17,2024,Q1,West,Bluetooth Speaker,74.99,7,524.93,231.7,293.23
2024-01-17,2024,Q1,North,USB-C Hub,34.5,3,103.5,47.4,56.1
2024-01-18,2024,Q1,North,USB-C Hub,34.5,8,276.0,126.4,149.6
2024-01-18,2024,Q1,South,Ergonomic Chair Cushion,39.99,8,319.92,137.6,182.32
2024-01-18,2024,Q1,East,USB-C Hub,34.5,3,103.5,47.4,56.1
2024-01-18,2024,Q1,North,Wireless Mouse,24.99,2,49.98,22.4,27.58
2024-01-19,2024,Q1,South,Laptop Sleeve,19.99,4,79.96,30.4,49.56
2024-01-19,2024,Q1,South,Wireless Mouse,24.99,5,124.95,56.0,68.95
2024-01-19,2024,Q1,South,Webcam HD,59.99,4,239.96,109.2,130.76
2024-01-19,2024,Q1,East,Webcam HD,59.99,7,419.93,191.1,228.83
2024-01-19,2024,Q1,South,Wireless Mouse,24.99,6,149.94,67.2,82.74
2024-01-19,2024,Q1,West,Ergonomic Chair Cushion,39.99,7,279.93,120.4,159.53
2024-01-19,2024,Q1,South,Noise Cancelling Headphones,149.99,3,449.97,204.0,245.97
2024-01-20,2024,Q1,North,Bluetooth Speaker,74.99,3,224.97,99.3,125.67
2024-01-20,2024,Q1,North,USB-C Hub,34.5,3,103.5,47.4,56.1
2024-01-20,2024,Q1,South,Bluetooth Speaker,74.99,2,149.98,66.2,83.78
2024-01-20,2024,Q1,North,Desk Lamp,29.95,8,239.6,107.2,132.4
2024-01-20,2024,Q1,North,Noise Cancelling Headphones,149.99,1,149.99,68.0,81.99
2024-01-20,2024,Q1,South,Monitor Stand,45.0,5,225.0,99.5,125.5
2024-01-20,2024,Q1,North,Mechanical Keyboard,89.99,8,719.92,340.0,379.92
2024-01-21,2024,Q1,North,Mechanical Keyboard,89.99,8,719.92,340.0,379.92
2024-01-21,2024,Q1,East,Ergonomic Chair Cushion,39.99,4,159.96,68.8,91.16
2024-01-21,2024,Q1,East,Bluetooth Speaker,74.99,8,599.92,264.8,335.12
2024-01-21,2024,Q1,South,Noise Cancelling Headphones,149.99,5,749.95,340.0,409.95
2024-01-21,2024,Q1,South,Bluetooth Speaker,74.99,3,224.97,99.3,125.67
2024-01-21,2024,Q1,West,Mechanical Keyboard,89.99,7,629.93,297.5,332.43
2024-01-21,2024,Q1,West,Desk Lamp,29.95,2,59.9,26.8,33.1
2024-01-22,2024,Q1,South,Laptop Sleeve,19.99,2,39.98,15.2,24.78
2024-01-22,2024,Q1,South,Webcam HD,59.99,2,119.98,54.6,65.38
2024-01-22,2024,Q1,South,Desk Lamp,29.95,3,89.85,40.2,49.65
2024-01-22,2024,Q1,East,USB-C Hub,34.5,8,276.0,126.4,149.6
2024-01-22,2024,Q1,South,Mechanical Keyboard,89.99,7,629.93,297.5,332.43
2024-01-22,2024,Q1,West,USB-C Hub,34.5,4,138.0,63.2,74.8
2024-01-22,2024,Q1,South,Laptop Sleeve,19.99,7,139.93,53.2,86.73
2024-01-22,2024,Q1,East,Laptop Sleeve,19.99,4,79.96,30.4,49.56
2024-01-23,2024,Q1,East,Mechanical Keyboard,89.99,6,539.94,255.0,284.94
2024-01-23,2024,Q1,North,Desk Lamp,29.95,8,239.6,107.2,132.4
2024-01-23,2024,Q1,West,Wireless Mouse,24.99,7,174.93,78.4,96.53
2024-01-23,2024,Q1,East,Noise Cancelling Headphones,149.99,5,749.95,340.0,409.95
2024-01-23,2024,Q1,North,Mechanical Keyboard,89.99,4,359.96,170.0,189.96
2024-01-24,2024,Q1,North,Webcam HD,59.99,5,299.95,136.5,163.45
2024-01-24,2024,Q1,North,USB-C Hub,34.5,5,172.5,79.0,93.5
2024-01-24,2024,Q1,South,Laptop Sleeve,19.99,5,99.95,38.0,61.95
2024-01-25,2024,Q1,South,Noise Cancelling Headphones,149.99,8,1199.92,544.0,655.92
2024-01-25,2024,Q1,East,Mechanical Keyboard,89.99,5,449.95,212.5,237.45
2024-01-25,2024,Q1,North,USB-C Hub,34.5,7,241.5,110.6,130.9
2024-01-25,2024,Q1,North,Webcam HD,59.99,1,59.99,27.3,32.69
2024-01-25,2024,Q1,North,Webcam HD,59.99,2,119.98,54.6,65.38
2024-01-25,2024,Q1,South,Mechanical Keyboard,89.99,5,449.95,212.5,237.45
2024-01-26,2024,Q1,West,Wireless Mouse,24.99,6,149.94,67.2,82.74
2024-01-26,2024,Q1,West,Webcam HD,59.99,3,179.97,81.9,98.07
2024-01-26,2024,Q1,North,Noise Cancelling Headphones,149.99,4,599.96,272.0,327.96
2024-01-27,2024,Q1,South,Webcam HD,59.99,1,59.99,27.3,32.69
2024-01-27,2024,Q1,South,Monitor Stand,45.0,5,225.0,99.5,125.5
2024-01-27,2024,Q1,East,Noise Cancelling Headphones,149.99,4,599.96,272.0,327.96
2024-01-28,2024,Q1,West,Noise Cancelling Headphones,149.99,3,449.97,204.0,245.97
2024-01-28,2024,Q1,East,Desk Lamp,29.95,1,29.95,13.4,16.55
2024-01-28,2024,Q1,East,Wireless Mouse,24.99,1,24.99,11.2,13.79
2024-01-28,2024,Q1,North,Noise Cancelling Headphones,149.99,4,599.96,272.0,327.96
2024-01-28,2024,Q1,West,Monitor Stand,45.0,8,360.0,159.2,200.8
2024-01-29,2024,Q1,West,Bluetooth Speaker,74.99,7,524.93,231.7,293.23
2024-01-29,2024,Q1,East,Monitor Stand,45.0,4,180.0,79.6,100.4
2024-01-29,2024,Q1,East,Monitor Stand,45.0,3,135.0,59.7,75.3
2024-01-30,2024,Q1,East,Wireless Mouse,24.99,3,74.97,33.6,41.37
2024-01-30,2024,Q1,North,Mechanical Keyboard,89.99,5,449.95,212.5,237.45
2024-01-30,2024,Q1,West,USB-C Hub,34.5,1,34.5,15.8,18.7
2024-01-30,2024,Q1,North,Laptop Sleeve,19.99,5,99.95,38.0,61.95
2024-01-30,2024,Q1,South,Webcam HD,59.99,1,59.99,27.3,32.69
2024-01-30,2024,Q1,West,USB-C Hub,34.5,3,103.5,47.4,56.1
2024-01-31,2024,Q1,West,Wireless Mouse,24.99,5,124.95,56.0,68.95
2024-01-31,2024,Q1,East,Desk Lamp,29.95,6,179.7,80.4,99.3
2024-01-31,2024,Q1,South,Wireless Mouse,24.99,5,124.95,56.0,68.95
2024-01-31,2024,Q1,South,Desk Lamp,29.95,3,89.85,40.2,49.65
2024-01-31,2024,Q1,North,Desk Lamp,29.95,7,209.65,93.8,115.85
2024-02-01,2024,Q1,West,Webcam HD,59.99,4,239.96,109.2,130.76
2024-02-01,2024,Q1,South,Noise Cancelling Headphones,149.99,1,149.99,68.0,81.99
2024-02-01,2024,Q1,North,Webcam HD,59.99,2,119.98,54.6,65.38
2024-02-02,2024,Q1,West,Ergonomic Chair Cushion,39.99,1,39.99,17.2,22.79
2024-02-02,2024,Q1,West,Wireless Mouse,24.99,5,124.95,56.0,68.95
2024-02-02,2024,Q1,East,Monitor Stand,45.0,2,90.0,39.8,50.2
2024-02-02,2024,Q1,South,Ergonomic Chair Cushion,39.99,7,279.93,120.4,159.53
2024-02-03,2024,Q1,West,USB-C Hub,34.5,5,172.5,79.0,93.5
2024-02-03,2024,Q1,South,Wireless Mouse,24.99,7,174.93,78.4,96.53
2024-02-03,2024,Q1,South,Noise Cancelling Headphones,149.99,1,149.99,68.0,81.99
2024-02-03,2024,Q1,South,Mechanical Keyboard,89.99,1,89.99,42.5,47.49
2024-02-03,2024,Q1,North,USB-C Hub,34.5,6,207.0,94.8,112.2
2024-02-04,2024,Q1,West,Bluetooth Speaker,74.99,1,74.99,33.1,41.89
2024-02-04,2024,Q1,North,Noise Cancelling Headphones,149.99,4,599.96,272.0,327.96
2024-02-04,2024,Q1,West,Webcam HD,59.99,1,59.99,27.3,32.69
2024-02-05,2024,Q1,North,Noise Cancelling Headphones,149.99,2,299.98,136.0,163.98
2024-02-05,2024,Q1,North,Bluetooth Speaker,74.99,5,374.95,165.5,209.45
2024-02-05,2024,Q1,North,Webcam HD,59.99,4,239.96,109.2,130.76
2024-02-05,2024,Q1,South,Monitor Stand,45.0,8,360.0,159.2,200.8
2024-02-05,2024,Q1,West,Laptop Sleeve,19.99,2,39.98,15.2,24.78
2024-02-05,2024,Q1,West,Webcam HD,59.99,1,59.99,27.3,32.69
2024-02-06,2024,Q1,South,Mechanical Keyboard,89.99,3,269.97,127.5,142.47
2024-02-06,2024,Q1,East,Webcam HD,59.99,5,299.95,136.5,163.45
2024-02-06,2024,Q1,South,Wireless Mouse,24.99,8,199.92,89.6,110.32
2024-02-06,2024,Q1,North,Bluetooth Speaker,74.99,5,374.95,165.5,209.45
2024-02-06,2024,Q1,North,Monitor Stand,45.0,8,360.0,159.2,200.8
2024-02-06,2024,Q1,East,Noise Cancelling Headphones,149.99,5,749.95,340.0,409.95
2024-02-06,2024,Q1,West,Bluetooth Speaker,74.99,8,599.92,264.8,335.12
2024-02-07,2024,Q1,South,Webcam HD,59.99,2,119.98,54.6,65.38
2024-02-07,2024,Q1,West,Wireless Mouse,24.99,5,124.95,56.0,68.95
2024-02-07,2024,Q1,West,Mechanical Keyboard,89.99,8,719.92,340.0,379.92
2024-02-08,2024,Q1,West,Monitor Stand,45.0,4,180.0,79.6,100.4
2024-02-08,2024,Q1,North,Ergonomic Chair Cushion,39.99,2,79.98,34.4,45.58
2024-02-08,2024,Q1,South,Noise Cancelling Headphones,149.99,5,749.95,340.0,409.95
2024-02-08,2024,Q1,East,USB-C Hub,34.5,5,172.5,79.0,93.5
2024-02-08,2024,Q1,North,Desk Lamp,29.95,4,119.8,53.6,66.2
2024-02-09,2024,Q1,West,Laptop Sleeve,19.99,1,19.99,7.6,12.39
2024-02-09,2024,Q1,South,Wireless Mouse,24.99,8,199.92,89.6,110.32
2024-02-09,2024,Q1,West,Laptop Sleeve,19.99,5,99.95,38.0,61.95
2024-02-09,2024,Q1,South,Laptop Sleeve,19.99,6,119.94,45.6,74.34
2024-02-09,2024,Q1,West,Desk Lamp,29.95,2,59.9,26.8,33.1
2024-02-09,2024,Q1,East,Wireless Mouse,24.99,6,149.94,67.2,82.74
2024-02-10,2024,Q1,West,Mechanical Keyboard,89.99,4,359.96,170.0,189.96
2024-02-10,2024,Q1,North,Webcam HD,59.99,5,299.95,136.5,163.45
2024-02-10,2024,Q1,East,Mechanical Keyboard,89.99,7,629.93,297.5,332.43
2024-02-10,2024,Q1,West,Ergonomic Chair Cushion,39.99,2,79.98,34.4,45.58
2024-02-10,2024,Q1,East,Laptop Sleeve,19.99,5,99.95,38.0,61.95
2024-02-11,2024,Q1,East,Mechanical Keyboard,89.99,1,89.99,42.5,47.49
2024-02-11,2024,Q1,East,USB-C Hub,34.5,4,138.0,63.2,74.8
2024-02-11,2024,Q1,East,Laptop Sleeve,19.99,6,119.94,45.6,74.34
2024-02-12,2024,Q1,East,Laptop Sleeve,19.99,1,19.99,7.6,12.39
2024-02-12,2024,Q1,West,Noise Cancelling Headphones,149.99,4,599.96,272.0,327.96
2024-02-12,2024,Q1,North,Wireless Mouse,24.99,7,174.93,78.4,96.53
2024-02-12,2024,Q1,West,Ergonomic Chair Cushion,39.99,3,119.97,51.6,68.37
2024-02-13,2024,Q1,East,Bluetooth Speaker,74.99,1,74.99,33.1,41.89
2024-02-13,2024,Q1,South,USB-C Hub,34.5,8,276.0,126.4,149.6
2024-02-13,2024,Q1,West,Desk Lamp,29.95,5,149.75,67.0,82.75
2024-02-13,2024,Q1,East,Webcam HD,59.99,5,299.95,136.5,163.45
2024-02-13,2024,Q1,West,Monitor Stand,45.0,5,225.0,99.5,125.5
2024-02-13,2024,Q1,West,Noise Cancelling Headphones,149.99,7,1049.93,476.0,573.93
2024-02-13,2024,Q1,North,USB-C Hub,34.5,3,103.5,47.4,56.1
2024-02-13,2024,Q1,North,Monitor Stand,45.0,8,360.0,159.2,200.8
2024-02-14,2024,Q1,South,Bluetooth Speaker,74.99,6,449.94,198.6,251.34
2024-02-14,2024,Q1,West,Laptop Sleeve,19.99,3,59.97,22.8,37.17
2024-02-14,2024,Q1,South,Monitor Stand,45.0,2,90.0,39.8,50.2
2024-02-14,2024,Q1,South,Desk Lamp,29.95,2,59.9,26.8,33.1
2024-02-14,2024,Q1,East,Monitor Stand,45.0,6,270.0,119.4,150.6
2024-02-14,2024,Q1,East,Ergonomic Chair Cushion,39.99,4,159.96,68.8,91.16
2024-02-14,2024,Q1,North,Laptop Sleeve,19.99,7,139.93,53.2,86.73
2024-02-15,2024,Q1,South,Laptop Sleeve,19.99,5,99.95,38.0,61.95
2024-02-15,2024,Q1,East,Wireless Mouse,24.99,8,199.92,89.6,110.32
2024-02-15,2024,Q1,East,Ergonomic Chair Cushion,39.99,6,239.94,103.2,136.74
2024-02-15,2024,Q1,South,Noise Cancelling Headphones,149.99,4,599.96,272.0,327.96
2024-02-15,2024,Q1,North,Webcam HD,59.99,4,239.96,109.2,130.76
2024-02-15,2024,Q1,West,Laptop Sleeve,19.99,8,159.92,60.8,99.12
2024-02-16,2024,Q1,East,Wireless Mouse,24.99,3,74.97,33.6,41.37
2024-02-16,2024,Q1,North,Laptop Sleeve,19.99,8,159.92,60.8,99.12
2024-02-16,2024,Q1,West,Wireless Mouse,24.99,2,49.98,22.4,27.58
2024-02-16,2024,Q1,West,Noise Cancelling Headphones,149.99,8,1199.92,544.0,655.92
2024-02-16,2024,Q1,West,Monitor Stand,45.0,2,90.0,39.8,50.2
2024-02-16,2024,Q1,South,USB-C Hub,34.5,3,103.5,47.4,56.1
2024-02-17,2024,Q1,North,Bluetooth Speaker,74.99,2,149.98,66.2,83.78
2024-02-17,2024,Q1,North,Wireless Mouse,24.99,3,74.97,33.6,41.37
2024-02-17,2024,Q1,South,Ergonomic Chair Cushion,39.99,1,39.99,17.2,22.79
2024-02-17,2024,Q1,East,USB-C Hub,34.5,5,172.5,79.0,93.5
2024-02-17,2024,Q1,West,Mechanical Keyboard,89.99,2,179.98,85.0,94.98
2024-02-17,2024,Q1,North,Webcam HD,59.99,4,239.96,109.2,130.76
2024-02-17,2024,Q1,West,Webcam HD,59.99,4,239.96,109.2,130.76
2024-02-18,2024,Q1,North,Wireless Mouse,24.99,5,124.95,56.0,68.95
2024-02-18,2024,Q1,West,Webcam HD,59.99,6,359.94,163.8,196.14
2024-02-18,2024,Q1,South,Bluetooth Speaker,74.99,4,299.96,132.4,167.56
2024-02-18,2024,Q1,South,Wireless Mouse,24.99,7,174.93,78.4,96.53
2024-02-18,2024,Q1,East,Wireless Mouse,24.99,1,24.99,11.2,13.79
2024-02-18,2024,Q1,South,Bluetooth Speaker,74.99,7,524.93,231.7,293.23
2024-02-18,2024,Q1,North,Webcam HD,59.99,4,239.96,109.2,130.76
2024-02-19,2024,Q1,West,Desk Lamp,29.95,4,119.8,53.6,66.2
2024-02-19,2024,Q1,West,Wireless Mouse,24.99,6,149.94,67.2,82.74
2024-02-19,2024,Q1,West,Desk Lamp,29.95,7,209.65,93.8,115.85
2024-02-19,2024,Q1,South,Wireless Mouse,24.99,5,124.95,56.0,68.95
2024-02-19,2024,Q1,North,Monitor Stand,45.0,8,360.0,159.2,200.8
2024-02-19,2024,Q1,South,Webcam HD,59.99,4,239.96,109.2,130.76
2024-02-19,2024,Q1,South,Bluetooth Speaker,74.99,4,299.96,132.4,167.56
2024-02-19,2024,Q1,East,Webcam HD,59.99,2,119.98,54.6,65.38
2024-02-20,2024,Q1,West,Ergonomic Chair Cushion,39.99,3,119.97,51.6,68.37
2024-02-20,2024,Q1,South,Bluetooth Speaker,74.99,7,524.93,231.7,293.23
2024-02-20,2024,Q1,North,Ergonomic Chair Cushion,39.99,3,119.97,51.6,68.37
2024-02-20,2024,Q1,West,Wireless Mouse,24.99,4,99.96,44.8,55.16
2024-02-20,2024,Q1,North,Ergonomic Chair Cushion,39.99,3,119.97,51.6,68.37
2024-02-20,2024,Q1,West,Wireless Mouse,24.99,1,24.99,11.2,13.79
2024-02-20,2024,Q1,South,Laptop Sleeve,19.99,8,159.92,60.8,99.12
2024-02-21,2024,Q1,East,Mechanical Keyboard,89.99,2,179.98,85.0,94.98
2024-02-21,2024,Q1,South,Desk Lamp,29.95,4,119.8,53.6,66.2
2024-02-21,2024,Q1,South,Noise Cancelling Headphones,149.99,8,1199.92,544.0,655.92
2024-02-21,2024,Q1,North,Webcam HD,59.99,7,419.93,191.1,228.83
2024-02-21,2024,Q1,East,Desk Lamp,29.95,8,239.6,107.2,132.4
2024-02-21,2024,Q1,South,Mechanical Keyboard,89.99,1,89.99,42.5,47.49
2024-02-21,2024,Q1,North,Webcam HD,59.99,2,119.98,54.6,65.38
2024-02-21,2024,Q1,East,Laptop Sleeve,19.99,2,39.98,15.2,24.78
2024-02-22,2024,Q1,South,Laptop Sleeve,19.99,6,119.94,45.6,74.34
2024-02-22,2024,Q1,East,Laptop Sleeve,19.99,2,39.98,15.2,24.78
2024-02-22,2024,Q1,North,Bluetooth Speaker,74.99,4,299.96,132.4,167.56
2024-02-22,2024,Q1,East,Noise Cancelling Headphones,149.99,8,1199.92,544.0,655.92
2024-02-22,2024,Q1,South,Desk Lamp,29.95,6,179.7,80.4,99.3
2024-02-22,2024,Q1,West,Wireless Mouse,24.99,7,174.93,78.4,96.53
2024-02-22,2024,Q1,South,Laptop Sleeve,19.99,1,19.99,7.6,12.39
2024-02-23,2024,Q1,North,Bluetooth Speaker,74.99,2,149.98,66.2,83.78
2024-02-23,2024,Q1,North,Webcam HD,59.99,4,239.96,109.2,130.76
2024-02-23,2024,Q1,North,Ergonomic Chair Cushion,39.99,6,239.94,103.2,136.74
2024-02-23,2024,Q1,East,Webcam HD,59.99,6,359.94,163.8,196.14
2024-02-23,2024,Q1,North,Webcam HD,59.99,6,359.94,163.8,196.14
2024-02-23,2024,Q1,East,Webcam HD,59.99,1,59.99,27.3,32.69
2024-02-24,2024,Q1,North,Wireless Mouse,24.99,4,99.96,44.8,55.16
2024-02-24,2024,Q1,North,Bluetooth Speaker,74.99,8,599.92,264.8,335.12
2024-02-24,2024,Q1,West,Webcam HD,59.99,7,419.93,191.1,228.83
2024-02-24,2024,Q1,West,USB-C Hub,34.5,8,276.0,126.4,149.6
2024-02-24,2024,Q1,South,Wireless Mouse,24.99,5,124.95,56.0,68.95
2024-02-24,2024,Q1,South,Ergonomic Chair Cushion,39.99,4,159.96,68.8,91.16
2024-02-24,2024,Q1,East,Desk Lamp,29.95,8,239.6,107.2,132.4
2024-02-24,2024,Q1,East,Ergonomic Chair Cushion,39.99,2,79.98,34.4,45.58
2024-02-25,2024,Q1,South,Laptop Sleeve,19.99,3,59.97,22.8,37.17
2024-02-25,2024,Q1,South,Laptop Sleeve,19.99,2,39.98,15.2,24.78
2024-02-25,2024,Q1,North,Bluetooth Speaker,74.99,6,449.94,198.6,251.34
2024-02-25,2024,Q1,South,Laptop Sleeve,19.99,2,39.98,15.2,24.78
2024-02-25,2024,Q1,North,Webcam HD,59.99,2,119.98,54.6,65.38
2024-02-25,2024,Q1,South,Mechanical Keyboard,89.99,7,629.93,297.5,332.43
2024-02-25,2024,Q1,West,Bluetooth Speaker,74.99,3,224.97,99.3,125.67
2024-02-26,2024,Q1,South,Laptop Sleeve,19.99,8,159.92,60.8,99.12
2024-02-26,2024,Q1,South,Noise Cancelling Headphones,149.99,2,299.98,136.0,163.98
2024-02-26,2024,Q1,East,Webcam HD,59.99,5,299.95,136.5,163.45
2024-02-26,2024,Q1,East,Desk Lamp,29.95,5,149.75,67.0,82.75
2024-02-27,2024,Q1,East,Monitor Stand,45.0,8,360.0,159.2,200.8
2024-02-27,2024,Q1,South,USB-C Hub,34.5,4,138.0,63.2,74.8
2024-02-27,2024,Q1,South,USB-C Hub,34.5,5,172.5,79.0,93.5
2024-02-27,2024,Q1,South,Desk Lamp,29.95,2,59.9,26.8,33.1
2024-02-27,2024,Q1,West,Webcam HD,59.99,4,239.96,109.2,130.76
2024-02-27,2024,Q1,South,Mechanical Keyboard,89.99,8,719.92,340.0,379.92
2024-02-27,2024,Q1,North,Mechanical Keyboard,89.99,1,89.99,42.5,47.49
2024-02-27,2024,Q1,West,Monitor Stand,45.0,8,360.0,159.2,200.8
2024-02-28,2024,Q1,North,Webcam HD,59.99,4,239.96,109.2,130.76
2024-02-28,2024,Q1,North,Wireless Mouse,24.99,4,99.96,44.8,55.16
2024-02-28,2024,Q1,South,Mechanical Keyboard,89.99,6,539.94,255.0,284.94
2024-02-28,2024,Q1,South,Bluetooth Speaker,74.99,5,374.95,165.5,209.45
2024-02-28,2024,Q1,North,Mechanical Keyboard,89.99,6,539.94,255.0,284.94
2024-02-29,2024,Q1,North,Desk Lamp,29.95,6,179.7,80.4,99.3
2024-02-29,2024,Q1,South,Wireless Mouse,24.99,4,99.96,44.8,55.16
2024-02-29,2024,Q1,East,Wireless Mouse,24.99,4,99.96,44.8,55.16
2024-02-29,2024,Q1,North,Desk Lamp,29.95,7,209.65,93.8,115.85
2024-03-01,2024,Q1,East,USB-C Hub,34.5,5,172.5,79.0,93.5
2024-03-01,2024,Q1,North,Monitor Stand,45.0,1,45.0,19.9,25.1
2024-03-01,2024,Q1,West,Noise Cancelling Headphones,149.99,8,1199.92,544.0,655.92
2024-03-01,2024,Q1,North,Laptop Sleeve,19.99,2,39.98,15.2,24.78
2024-03-01,2024,Q1,West,Noise Cancelling Headphones,149.99,3,449.97,204.0,245.97
2024-03-01,2024,Q1,North,USB-C Hub,34.5,7,241.5,110.6,130.9
2024-03-01,2024,Q1,East,Laptop Sleeve,19.99,5,99.95,38.0,61.95
2024-03-01,2024,Q1,East,Laptop Sleeve,19.99,1,19.99,7.6,12.39
2024-03-02,2024,Q1,East,Laptop Sleeve,19.99,7,139.93,53.2,86.73
2024-03-02,2024,Q1,North,Desk Lamp,29.95,4,119.8,53.6,66.2
2024-03-02,2024,Q1,West,Laptop Sleeve,19.99,4,79.96,30.4,49.56
2024-03-02,2024,Q1,North,Laptop Sleeve,19.99,3,59.97,22.8,37.17
2024-03-02,2024,Q1,West,Mechanical Keyboard,89.99,2,179.98,85.0,94.98
2024-03-03,2024,Q1,East,Bluetooth Speaker,74.99,3,224.97,99.3,125.67
2024-03-03,2024,Q1,South,Wireless Mouse,24.99,1,24.99,11.2,13.79
2024-03-03,2024,Q1,South,Laptop Sleeve,19.99,2,39.98,15.2,24.78
2024-03-03,2024,Q1,East,Noise Cancelling Headphones,149.99,3,449.97,204.0,245.97
2024-03-03,2024,Q1,South,Desk Lamp,29.95,5,149.75,67.0,82.75
2024-03-03,2024,Q1,South,Noise Cancelling Headphones,149.99,3,449.97,204.0,245.97
2024-03-04,2024,Q1,North,Laptop Sleeve,19.99,8,159.92,60.8,99.12
2024-03-04,2024,Q1,South,Webcam HD,59.99,3,179.97,81.9,98.07
2024-03-04,2024,Q1,North,Bluetooth Speaker,74.99,6,449.94,198.6,251.34
2024-03-05,2024,Q1,West,Mechanical Keyboard,89.99,3,269.97,127.5,142.47
2024-03-05,2024,Q1,South,Ergonomic Chair Cushion,39.99,7,279.93,120.4,159.53
2024-03-05,2024,Q1,South,Bluetooth Speaker,74.99,3,224.97,99.3,125.67
2024-03-06,2024,Q1,South,Wireless Mouse,24.99,7,174.93,78.4,96.53
2024-03-06,2024,Q1,South,Laptop Sleeve,19.99,6,119.94,45.6,74.34
2024-03-06,2024,Q1,North,USB-C Hub,34.5,4,138.0,63.2,74.8
2024-03-06,2024,Q1,South,Wireless Mouse,24.99,1,24.99,11.2,13.79
2024-03-06,2024,Q1,East,Mechanical Keyboard,89.99,7,629.93,297.5,332.43
2024-03-06,2024,Q1,West,Noise Cancelling Headphones,149.99,5,749.95,340.0,409.95
2024-03-06,2024,Q1,West,Webcam HD,59.99,4,239.96,109.2,130.76
2024-03-07,2024,Q1,West,Desk Lamp,29.95,8,239.6,107.2,132.4
2024-03-07,2024,Q1,West,USB-C Hub,34.5,1,34.5,15.8,18.7
2024-03-07,2024,Q1,North,Ergonomic Chair Cushion,39.99,8,319.92,137.6,182.32
2024-03-07,2024,Q1,West,Monitor Stand,45.0,8,360.0,159.2,200.8
2024-03-07,2024,Q1,West,USB-C Hub,34.5,8,276.0,126.4,149.6
2024-03-07,2024,Q1,West,Mechanical Keyboard,89.99,2,179.98,85.0,94.98
2024-03-08,2024,Q1,East,Laptop Sleeve,19.99,6,119.94,45.6,74.34
2024-03-08,2024,Q1,North,Bluetooth Speaker,74.99,1,74.99,33.1,41.89
2024-03-08,2024,Q1,North,USB-C Hub,34.5,2,69.0,31.6,37.4
2024-03-08,2024,Q1,East,Noise Cancelling Headphones,149.99,2,299.98,136.0,163.98
2024-03-09,2024,Q1,West,USB-C Hub,34.5,1,34.5,15.8,18.7
2024-03-09,2024,Q1,North,Ergonomic Chair Cushion,39.99,2,79.98,34.4,45.58
2024-03-09,2024,Q1,South,USB-C Hub,34.5,8,276.0,126.4,149.6
2024-03-10,2024,Q1,South,Monitor Stand,45.0,2,90.0,39.8,50.2
2024-03-10,2024,Q1,East,Ergonomic Chair Cushion,39.99,5,199.95,86.0,113.95
2024-03-10,2024,Q1,South,Desk Lamp,29.95,5,149.75,67.0,82.75
2024-03-10,2024,Q1,West,USB-C Hub,34.5,5,172.5,79.0,93.5
2024-03-10,2024,Q1,West,Monitor Stand,45.0,5,225.0,99.5,125.5
2024-03-11,2024,Q1,South,Desk Lamp,29.95,6,179.7,80.4,99.3
2024-03-11,2024,Q1,North,Monitor Stand,45.0,3,135.0,59.7,75.3
2024-03-11,2024,Q1,West,USB-C Hub,34.5,5,172.5,79.0,93.5
2024-03-11,2024,Q1,East,Laptop Sleeve,19.99,3,59.97,22.8,37.17
2024-03-11,2024,Q1,East,Mechanical Keyboard,89.99,1,89.99,42.5,47.49
2024-03-11,2024,Q1,East,Bluetooth Speaker,74.99,2,149.98,66.2,83.78
2024-03-11,2024,Q1,East,Noise Cancelling Headphones,149.99,7,1049.93,476.0,573.93
2024-03-12,2024,Q1,East,Webcam HD,59.99,7,419.93,191.1,228.83
2024-03-12,2024,Q1,East,Ergonomic Chair Cushion,39.99,3,119.97,51.6,68.37
2024-03-12,2024,Q1,East,Desk Lamp,29.95,2,59.9,26.8,33.1
2024-03-12,2024,Q1,West,Monitor Stand,45.0,3,135.0,59.7,75.3
2024-03-12,2024,Q1,North,Webcam HD,59.99,5,299.95,136.5,163.45
2024-03-12,2024,Q1,East,Ergonomic Chair Cushion,39.99,6,239.94,103.2,136.74
2024-03-12,2024,Q1,North,Wireless Mouse,24.99,4,99.96,44.8,55.16
2024-03-12,2024,Q1,South,Webcam HD,59.99,7,419.93,191.1,228.83
2024-03-13,2024,Q1,East,Wireless Mouse,24.99,3,74.97,33.6,41.37
2024-03-13,2024,Q1,West,Monitor Stand,45.0,1,45.0,19.9,25.1
2024-03-13,2024,Q1,North,Wireless Mouse,24.99,1,24.99,11.2,13.79
2024-03-13,2024,Q1,East,Webcam HD,59.99,2,119.98,54.6,65.38
2024-03-13,2024,Q1,East,Noise Cancelling Headphones,149.99,4,599.96,272.0,327.96
2024-03-13,2024,Q1,West,Ergonomic Chair Cushion,39.99,5,199.95,86.0,113.95
2024-03-14,2024,Q1,South,Monitor Stand,45.0,6,270.0,119.4,150.6
2024-03-14,2024,Q1,West,USB-C Hub,34.5,3,103.5,47.4,56.1
2024-03-14,2024,Q1,North,Monitor Stand,45.0,3,135.0,59.7,75.3
2024-03-14,2024,Q1,West,Mechanical Keyboard,89.99,2,179.98,85.0,94.98
2024-03-14,2024,Q1,South,Webcam HD,59.99,7,419.93,191.1,228.83
2024-03-14,2024,Q1,East,Wireless Mouse,24.99,1,24.99,11.2,13.79
2024-03-14,2024,Q1,East,Ergonomic Chair Cushion,39.99,8,319.92,137.6,182.32
2024-03-15,2024,Q1,West,Monitor Stand,45.0,3,135.0,59.7,75.3
2024-03-15,2024,Q1,North,Wireless Mouse,24.99,1,24.99,11.2,13.79
2024-03-15,2024,Q1,North,Laptop Sleeve,19.99,3,59.97,22.8,37.17
2024-03-15,2024,Q1,South,USB-C Hub,34.5,1,34.5,15.8,18.7
2024-03-15,2024,Q1,North,Wireless Mouse,24.99,4,99.96,44.8,55.16
2024-03-15,2024,Q1,South,Laptop Sleeve,19.99,4,79.96,30.4,49.56
2024-03-15,2024,Q1,West,Ergonomic Chair Cushion,39.99,3,119.97,51.6,68.37
2024-03-16,2024,Q1,East,Mechanical Keyboard,89.99,5,449.95,212.5,237.45
2024-03-16,2024,Q1,North,Bluetooth Speaker,74.99,1,74.99,33.1,41.89
2024-03-16,2024,Q1,West,Laptop Sleeve,19.99,8,159.92,60.8,99.12
2024-03-16,2024,Q1,North,Bluetooth Speaker,74.99,3,224.97,99.3,125.67
2024-03-16,2024,Q1,South,Mechanical Keyboard,89.99,5,449.95,212.5,237.45
2024-03-16,2024,Q1,South,Wireless Mouse,24.99,2,49.98,22.4,27.58
2024-03-16,2024,Q1,East,Webcam HD,59.99,1,59.99,27.3,32.69
2024-03-17,2024,Q1,West,Noise Cancelling Headphones,149.99,5,749.95,340.0,409.95
2024-03-17,2024,Q1,East,Monitor Stand,45.0,2,90.0,39.8,50.2
2024-03-17,2024,Q1,North,USB-C Hub,34.5,5,172.5,79.0,93.5
2024-03-17,2024,Q1,South,Monitor Stand,45.0,3,135.0,59.7,75.3
2024-03-17,2024,Q1,East,Monitor Stand,45.0,7,315.0,139.3,175.7
2024-03-18,2024,Q1,South,Laptop Sleeve,19.99,8,159.92,60.8,99.12
2024-03-18,2024,Q1,West,Noise Cancelling Headphones,149.99,1,149.99,68.0,81.99
2024-03-18,2024,Q1,North,Laptop Sleeve,19.99,4,79.96,30.4,49.56
2024-03-18,2024,Q1,East,Monitor Stand,45.0,7,315.0,139.3,175.7
2024-03-18,2024,Q1,North,Ergonomic Chair Cushion,39.99,3,119.97,51.6,68.37
2024-03-19,2024,Q1,North,Wireless Mouse,24.99,2,49.98,22.4,27.58
2024-03-19,2024,Q1,North,Ergonomic Chair Cushion,39.99,3,119.97,51.6,68.37
2024-03-19,2024,Q1,East,USB-C Hub,34.5,1,34.5,15.8,18.7
2024-03-19,2024,Q1,North,Wireless Mouse,24.99,3,74.97,33.6,41.37
2024-03-20,2024,Q1,North,Mechanical Keyboard,89.99,1,89.99,42.5,47.49
2024-03-20,2024,Q1,North,Ergonomic Chair Cushion,39.99,6,239.94,103.2,136.74
2024-03-20,2024,Q1,South,Noise Cancelling Headphones,149.99,2,299.98,136.0,163.98
2024-03-20,2024,Q1,West,Mechanical Keyboard,89.99,4,359.96,170.0,189.96
2024-03-20,2024,Q1,South,Monitor Stand,45.0,2,90.0,39.8,50.2
2024-03-20,2024,Q1,North,Wireless Mouse,24.99,2,49.98,22.4,27.58
2024-03-20,2024,Q1,East,Bluetooth Speaker,74.99,2,149.98,66.2,83.78
2024-03-20,2024,Q1,South,Mechanical Keyboard,89.99,4,359.96,170.0,189.96
2024-03-21,2024,Q1,East,Desk Lamp,29.95,7,209.65,93.8,115.85
2024-03-21,2024,Q1,East,Wireless Mouse,24.99,6,149.94,67.2,82.74
2024-03-21,2024,Q1,East,Webcam HD,59.99,1,59.99,27.3,32.69
2024-03-21,2024,Q1,East,Desk Lamp,29.95,8,239.6,107.2,132.4
2024-03-21,2024,Q1,East,Ergonomic Chair Cushion,39.99,1,39.99,17.2,22.79
2024-03-22,2024,Q1,North,Laptop Sleeve,19.99,2,39.98,15.2,24.78
2024-03-22,2024,Q1,East,Bluetooth Speaker,74.99,1,74.99,33.1,41.89
2024-03-22,2024,Q1,South,Mechanical Keyboard,89.99,5,449.95,212.5,237.45
2024-03-22,2024,Q1,South,Laptop Sleeve,19.99,1,19.99,7.6,12.39
2024-03-22,2024,Q1,South,Webcam HD,59.99,1,59.99,27.3,32.69
2024-03-22,2024,Q1,North,Desk Lamp,29.95,8,239.6,107.2,132.4
2024-03-23,2024,Q1,West,USB-C Hub,34.5,8,276.0,126.4,149.6
2024-03-23,2024,Q1,East,Noise Cancelling Headphones,149.99,5,749.95,340.0,409.95
2024-03-23,2024,Q1,South,Webcam HD,59.99,4,239.96,109.2,130.76
2024-03-24,2024,Q1,South,Bluetooth Speaker,74.99,3,224.97,99.3,125.67
2024-03-24,2024,Q1,North,Mechanical Keyboard,89.99,8,719.92,340.0,379.92
2024-03-24,2024,Q1,North,Desk Lamp,29.95,6,179.7,80.4,99.3
2024-03-24,2024,Q1,North,Laptop Sleeve,19.99,7,139.93,53.2,86.73
2024-03-24,2024,Q1,North,Laptop Sleeve,19.99,1,19.99,7.6,12.39
2024-03-24,2024,Q1,East,Monitor Stand,45.0,5,225.0,99.5,125.5
2024-03-24,2024,Q1,East,Laptop Sleeve,19.99,3,59.97,22.8,37.17
2024-03-24,2024,Q1,West,Monitor Stand,45.0,8,360.0,159.2,200.8
2024-03-25,2024,Q1,North,Desk Lamp,29.95,6,179.7,80.4,99.3
2024-03-25,2024,Q1,South,Bluetooth Speaker,74.99,6,449.94,198.6,251.34
2024-03-25,2024,Q1,South,Bluetooth Speaker,74.99,8,599.92,264.8,335.12
2024-03-25,2024,Q1,East,Ergonomic Chair Cushion,39.99,4,159.96,68.8,91.16
2024-03-26,2024,Q1,East,Bluetooth Speaker,74.99,4,299.96,132.4,167.56
2024-03-26,2024,Q1,South,Webcam HD,59.99,5,299.95,136.5,163.45
2024-03-26,2024,Q1,South,USB-C Hub,34.5,4,138.0,63.2,74.8
2024-03-26,2024,Q1,East,Ergonomic Chair Cushion,39.99,6,239.94,103.2,136.74
2024-03-27,2024,Q1,South,Desk Lamp,29.95,4,119.8,53.6,66.2
2024-03-27,2024,Q1,East,Mechanical Keyboard,89.99,3,269.97,127.5,142.47
2024-03-27,2024,Q1,North,Monitor Stand,45.0,7,315.0,139.3,175.7
2024-03-27,2024,Q1,South,USB-C Hub,34.5,5,172.5,79.0,93.5
2024-03-28,2024,Q1,East,Laptop Sleeve,19.99,5,99.95,38.0,61.95
2024-03-28,2024,Q1,South,Mechanical Keyboard,89.99,2,179.98,85.0,94.98
2024-03-28,2024,Q1,East,Monitor Stand,45.0,7,315.0,139.3,175.7
2024-03-28,2024,Q1,West,Wireless Mouse,24.99,1,24.99,11.2,13.79
2024-03-28,2024,Q1,West,Laptop Sleeve,19.99,4,79.96,30.4,49.56
2024-03-28,2024,Q1,East,Bluetooth Speaker,74.99,1,74.99,33.1,41.89
2024-03-28,2024,Q1,South,Webcam HD,59.99,7,419.93,191.1,228.83
2024-03-28,2024,Q1,North,Monitor Stand,45.0,7,315.0,139.3,175.7
2024-03-29,2024,Q1,West,Monitor Stand,45.0,4,180.0,79.6,100.4
2024-03-29,2024,Q1,South,Mechanical Keyboard,89.99,8,719.92,340.0,379.92
2024-03-29,2024,Q1,West,Desk Lamp,29.95,5,149.75,67.0,82.75
2024-03-29,2024,Q1,North,Laptop Sleeve,19.99,4,79.96,30.4,49.56
2024-03-29,2024,Q1,West,USB-C Hub,34.5,5,172.5,79.0,93.5
2024-03-29,2024,Q1,West,Bluetooth Speaker,74.99,8,599.92,264.8,335.12
2024-03-29,2024,Q1,North,Ergonomic Chair Cushion,39.99,7,279.93,120.4,159.53
2024-03-29,2024,Q1,South,Desk Lamp,29.95,1,29.95,13.4,16.55
2024-03-30,2024,Q1,West,Mechanical Keyboard,89.99,1,89.99,42.5,47.49
2024-03-30,2024,Q1,East,Noise Cancelling Headphones,149.99,4,599.96,272.0,327.96
2024-03-30,2024,Q1,South,Monitor Stand,45.0,6,270.0,119.4,150.6
2024-03-30,2024,Q1,North,Ergonomic Chair Cushion,39.99,8,319.92,137.6,182.32
2024-03-30,2024,Q1,South,Bluetooth Speaker,74.99,1,74.99,33.1,41.89
2024-03-30,2024,Q1,East,Noise Cancelling Headphones,149.99,6,899.94,408.0,491.94
2024-03-31,2024,Q1,West,Monitor Stand,45.0,3,135.0,59.7,75.3
2024-03-31,2024,Q1,West,Noise Cancelling Headphones,149.99,2,299.98,136.0,163.98
2024-03-31,2024,Q1,East,Wireless Mouse,24.99,5,124.95,56.0,68.95
2024-03-31,2024,Q1,East,Laptop Sleeve,19.99,7,139.93,53.2,86.73
2024-03-31,2024,Q1,North,Wireless Mouse,24.99,2,49.98,22.4,27.58
2024-03-31,2024,Q1,West,Laptop Sleeve,19.99,6,119.94,45.6,74.34
2024-04-01,2024,Q2,East,Mechanical Keyboard,89.99,4,359.96,170.0,189.96
2024-04-01,2024,Q2,East,Laptop Sleeve,19.99,4,79.96,30.4,49.56
2024-04-01,2024,Q2,West,Bluetooth Speaker,74.99,4,299.96,132.4,167.56
2024-04-01,2024,Q2,South,USB-C Hub,34.5,2,69.0,31.6,37.4
2024-04-01,2024,Q2,South,Bluetooth Speaker,74.99,4,299.96,132.4,167.56
2024-04-01,2024,Q2,South,Desk Lamp,29.95,7,209.65,93.8,115.85
2024-04-01,2024,Q2,West,Webcam HD,59.99,3,179.97,81.9,98.07
2024-04-02,2024,Q2,East,Monitor Stand,45.0,5,225.0,99.5,125.5
2024-04-02,2024,Q2,West,Webcam HD,59.99,7,419.93,191.1,228.83
2024-04-02,2024,Q2,South,Bluetooth Speaker,74.99,1,74.99,33.1,41.89
2024-04-02,2024,Q2,East,Desk Lamp,29.95,4,119.8,53.6,66.2
2024-04-02,2024,Q2,East,Desk Lamp,29.95,8,239.6,107.2,132.4
2024-04-02,2024,Q2,West,Laptop Sleeve,19.99,2,39.98,15.2,24.78
2024-04-03,2024,Q2,East,USB-C Hub,34.5,5,172.5,79.0,93.5
2024-04-03,2024,Q2,West,Wireless Mouse,24.99,2,49.98,22.4,27.58
2024-04-03,2024,Q2,East,USB-C Hub,34.5,6,207.0,94.8,112.2
2024-04-03,2024,Q2,North,Wireless Mouse,24.99,4,99.96,44.8,55.16
2024-04-03,2024,Q2,North,Webcam HD,59.99,5,299.95,136.5,163.45
2024-04-03,2024,Q2,North,Ergonomic Chair Cushion,39.99,3,119.97,51.6,68.37
2024-04-03,2024,Q2,South,USB-C Hub,34.5,8,276.0,126.4,149.6
2024-04-03,2024,Q2,East,USB-C Hub,34.5,4,138.0,63.2,74.8
2024-04-04,2024,Q2,South,Ergonomic Chair Cushion,39.99,2,79.98,34.4,45.58
2024-04-04,2024,Q2,East,Monitor Stand,45.0,8,360.0,159.2,200.8
2024-04-04,2024,Q2,South,Noise Cancelling Headphones,149.99,2,299.98,136.0,163.98
2024-04-04,2024,Q2,West,Mechanical Keyboard,89.99,2,179.98,85.0,94.98
2024-04-04,2024,Q2,East,Laptop Sleeve,19.99,4,79.96,30.4,49.56
2024-04-04,2024,Q2,South,Bluetooth Speaker,74.99,8,599.92,264.8,335.12
2024-04-05,2024,Q2,North,Bluetooth Speaker,74.99,8,599.92,264.8,335.12
2024-04-05,2024,Q2,South,Bluetooth Speaker,74.99,4,299.96,132.4,167.56
2024-04-05,2024,Q2,West,USB-C Hub,34.5,1,34.5,15.8,18.7
2024-04-05,2024,Q2,South,Desk Lamp,29.95,8,239.6,107.2,132.4
2024-04-05,2024,Q2,West,Webcam HD,59.99,8,479.92,218.4,261.52
2024-04-05,2024,Q2,East,Laptop Sleeve,19.99,7,139.93,53.2,86.73
2024-04-05,2024,Q2,North,USB-C Hub,34.5,6,207.0,94.8,112.2
2024-04-06,2024,Q2,North,Wireless Mouse,24.99,1,24.99,11.2,13.79
2024-04-06,2024,Q2,East,Mechanical Keyboard,89.99,8,719.92,340.0,379.92
2024-04-06,2024,Q2,West,USB-C Hub,34.5,1,34.5,15.8,18.7
2024-04-06,2024,Q2,South,Laptop Sleeve,19.99,3,59.97,22.8,37.17
2024-04-06,2024,Q2,East,Mechanical Keyboard,89.99,6,539.94,255.0,284.94
2024-04-06,2024,Q2,East,Bluetooth Speaker,74.99,4,299.96,132.4,167.56
2024-04-06,2024,Q2,East,Laptop Sleeve,19.99,6,119.94,45.6,74.34
2024-04-06,2024,Q2,West,Webcam HD,59.99,1,59.99,27.3,32.69
2024-04-07,2024,Q2,East,Desk Lamp,29.95,8,239.6,107.2,132.4
2024-04-07,2024,Q2,West,Desk Lamp,29.95,5,149.75,67.0,82.75
2024-04-07,2024,Q2,East,Monitor Stand,45.0,8,360.0,159.2,200.8
2024-04-07,2024,Q2,North,Desk Lamp,29.95,4,119.8,53.6,66.2
2024-04-07,2024,Q2,East,Webcam HD,59.99,3,179.97,81.9,98.07
2024-04-08,2024,Q2,North,Wireless Mouse,24.99,7,174.93,78.4,96.53
2024-04-08,2024,Q2,West,Noise Cancelling Headphones,149.99,1,149.99,68.0,81.99
2024-04-08,2024,Q2,West,Webcam HD,59.99,2,119.98,54.6,65.38
2024-04-08,2024,Q2,North,Wireless Mouse,24.99,4,99.96,44.8,55.16
2024-04-08,2024,Q2,West,Ergonomic Chair Cushion,39.99,1,39.99,17.2,22.79
2024-04-08,2024,Q2,West,Ergonomic Chair Cushion,39.99,3,119.97,51.6,68.37
2024-04-08,2024,Q2,North,Monitor Stand,45.0,1,45.0,19.9,25.1
2024-04-09,2024,Q2,West,USB-C Hub,34.5,2,69.0,31.6,37.4
2024-04-09,2024,Q2,South,Wireless Mouse,24.99,7,174.93,78.4,96.53
2024-04-09,2024,Q2,North,Wireless Mouse,24.99,6,149.94,67.2,82.74
2024-04-09,2024,Q2,South,Webcam HD,59.99,5,299.95,136.5,163.45
2024-04-09,2024,Q2,East,USB-C Hub,34.5,7,241.5,110.6,130.9
2024-04-09,2024,Q2,North,Desk Lamp,29.95,1,29.95,13.4,16.55
2024-04-09,2024,Q2,West,Ergonomic Chair Cushion,39.99,1,39.99,17.2,22.79
2024-04-09,2024,Q2,West,Ergonomic Chair Cushion,39.99,1,39.99,17.2,22.79
2024-04-10,2024,Q2,West,Ergonomic Chair Cushion,39.99,7,279.93,120.4,159.53
2024-04-10,2024,Q2,West,Mechanical Keyboard,89.99,1,89.99,42.5,47.49
2024-04-10,2024,Q2,West,Ergonomic Chair Cushion,39.99,3,119.97,51.6,68.37
2024-04-11,2024,Q2,West,Noise Cancelling Headphones,149.99,2,299.98,136.0,163.98
2024-04-11,2024,Q2,North,Bluetooth Speaker,74.99,4,299.96,132.4,167.56
2024-04-11,2024,Q2,South,Wireless Mouse,24.99,7,174.93,78.4,96.53
2024-04-11,2024,Q2,North,Wireless Mouse,24.99,2,49.98,22.4,27.58
2024-04-11,2024,Q2,North,Monitor Stand,45.0,2,90.0,39.8,50.2
2024-04-11,2024,Q2,South,Bluetooth Speaker,74.99,1,74.99,33.1,41.89
2024-04-12,2024,Q2,South,Bluetooth Speaker,74.99,3,224.97,99.3,125.67
2024-04-12,2024,Q2,North,Desk Lamp,29.95,3,89.85,40.2,49.65
2024-04-12,2024,Q2,North,Webcam HD,59.99,8,479.92,218.4,261.52
2024-04-12,2024,Q2,West,Webcam HD,59.99,1,59.99,27.3,32.69
2024-04-12,2024,Q2,North,Wireless Mouse,24.99,1,24.99,11.2,13.79
2024-04-13,2024,Q2,North,Laptop Sleeve,19.99,5,99.95,38.0,61.95
2024-04-13,2024,Q2,East,Ergonomic Chair Cushion,39.99,3,119.97,51.6,68.37
2024-04-13,2024,Q2,West,Ergonomic Chair Cushion,39.99,1,39.99,17.2,22.79
2024-04-14,2024,Q2,East,Ergonomic Chair Cushion,39.99,8,319.92,137.6,182.32
2024-04-14,2024,Q2,West,USB-C Hub,34.5,3,103.5,47.4,56.1
2024-04-14,2024,Q2,North,Desk Lamp,29.95,3,89.85,40.2,49.65
2024-04-14,2024,Q2,West,Bluetooth Speaker,74.99,7,524.93,231.7,293.23
2024-04-14,2024,Q2,West,Webcam HD,59.99,6,359.94,163.8,196.14
2024-04-15,2024,Q2,East,Wireless Mouse,24.99,6,149.94,67.2,82.74
2024-04-15,2024,Q2,North,USB-C Hub,34.5,5,172.5,79.0,93.5
2024-04-15,2024,Q2,West,Monitor Stand,45.0,7,315.0,139.3,175.7
2024-04-15,2024,Q2,West,Laptop Sleeve,19.99,4,79.96,30.4,49.56
2024-04-15,2024,Q2,West,Webcam HD,59.99,1,59.99,27.3,32.69
2024-04-16,2024,Q2,East,Webcam HD,59.99,7,419.93,191.1,228.83
2024-04-16,2024,Q2,South,Ergonomic Chair Cushion,39.99,1,39.99,17.2,22.79
2024-04-16,2024,Q2,East,USB-C Hub,34.5,3,103.5,47.4,56.1
2024-04-16,2024,Q2,East,Noise Cancelling Headphones,149.99,8,1199.92,544.0,655.92
2024-04-16,2024,Q2,East,Noise Cancelling Headphones,149.99,2,299.98,136.0,163.98
2024-04-17,2024,Q2,West,Laptop Sleeve,19.99,4,79.96,30.4,49.56
2024-04-17,2024,Q2,South,Webcam HD,59.99,1,59.99,27.3,32.69
2024-04-17,2024,Q2,West,Bluetooth Speaker,74.99,4,299.96,132.4,167.56
2024-04-17,2024,Q2,East,Ergonomic Chair Cushion,39.99,1,39.99,17.2,22.79
2024-04-17,2024,Q2,West,Bluetooth Speaker,74.99,2,149.98,66.2,83.78
2024-04-17,2024,Q2,East,Mechanical Keyboard,89.99,4,359.96,170.0,189.96
2024-04-17,2024,Q2,West,Ergonomic Chair Cushion,39.99,5,199.95,86.0,113.95
2024-04-18,2024,Q2,East,Bluetooth Speaker,74.99,4,299.96,132.4,167.56
2024-04-18,2024,Q2,South,Monitor Stand,45.0,4,180.0,79.6,100.4
2024-04-18,2024,Q2,North,USB-C Hub,34.5,5,172.5,79.0,93.5
2024-04-18,2024,Q2,East,Ergonomic Chair Cushion,39.99,6,239.94,103.2,136.74
2024-04-18,2024,Q2,West,Noise Cancelling Headphones,149.99,3,449.97,204.0,245.97
2024-04-18,2024,Q2,South,Wireless Mouse,24.99,8,199.92,89.6,110.32
2024-04-18,2024,Q2,East,Mechanical Keyboard,89.99,6,539.94,255.0,284.94
2024-04-19,2024,Q2,West,Mechanical Keyboard,89.99,3,269.97,127.5,142.47
2024-04-19,2024,Q2,East,Ergonomic Chair Cushion,39.99,1,39.99,17.2,22.79
2024-04-19,2024,Q2,East,Webcam HD,59.99,1,59.99,27.3,32.69
2024-04-19,2024,Q2,North,Wireless Mouse,24.99,4,99.96,44.8,55.16
2024-04-19,2024,Q2,West,Ergonomic Chair Cushion,39.99,4,159.96,68.8,91.16
2024-04-19,2024,Q2,East,Webcam HD,59.99,7,419.93,191.1,228.83
2024-04-19,2024,Q2,North,Bluetooth Speaker,74.99,3,224.97,99.3,125.67
2024-04-19,2024,Q2,East,Wireless Mouse,24.99,6,149.94,67.2,82.74
2024-04-20,2024,Q2,South,Laptop Sleeve,19.99,2,39.98,15.2,24.78
2024-04-20,2024,Q2,North,Wireless Mouse,24.99,1,24.99,11.2,13.79
2024-04-20,2024,Q2,East,Bluetooth Speaker,74.99,8,599.92,264.8,335.12
2024-04-20,2024,Q2,North,Ergonomic Chair Cushion,39.99,7,279.93,120.4,159.53
2024-04-21,2024,Q2,North,Webcam HD,59.99,6,359.94,163.8,196.14
2024-04-21,2024,Q2,South,Mechanical Keyboard,89.99,7,629.93,297.5,332.43
2024-04-21,2024,Q2,South,Bluetooth Speaker,74.99,3,224.97,99.3,125.67
2024-04-22,2024,Q2,South,Monitor Stand,45.0,3,135.0,59.7,75.3
2024-04-22,2024,Q2,North,Webcam HD,59.99,6,359.94,163.8,196.14
2024-04-22,2024,Q2,North,Noise Cancelling Headphones,149.99,1,149.99,68.0,81.99
2024-04-22,2024,Q2,North,Webcam HD,59.99,8,479.92,218.4,261.52
2024-04-22,2024,Q2,North,Mechanical Keyboard,89.99,3,269.97,127.5,142.47
2024-04-23,2024,Q2,North,Monitor Stand,45.0,5,225.0,99.5,125.5
2024-04-23,2024,Q2,West,Mechanical Keyboard,89.99,8,719.92,340.0,379.92
2024-04-23,2024,Q2,East,Desk Lamp,29.95,5,149.75,67.0,82.75
2024-04-23,2024,Q2,West,Mechanical Keyboard,89.99,6,539.94,255.0,284.94
2024-04-23,2024,Q2,West,Laptop Sleeve,19.99,3,59.97,22.8,37.17
2024-04-24,2024,Q2,South,USB-C Hub,34.5,1,34.5,15.8,18.7
2024-04-24,2024,Q2,West,Monitor Stand,45.0,1,45.0,19.9,25.1
2024-04-24,2024,Q2,South,Monitor Stand,45.0,2,90.0,39.8,50.2
2024-04-24,2024,Q2,East,USB-C Hub,34.5,8,276.0,126.4,149.6
2024-04-24,2024,Q2,North,Laptop Sleeve,19.99,1,19.99,7.6,12.39
2024-04-24,2024,Q2,North,Bluetooth Speaker,74.99,6,449.94,198.6,251.34
2024-04-25,2024,Q2,South,Bluetooth Speaker,74.99,2,149.98,66.2,83.78
2024-04-25,2024,Q2,East,USB-C Hub,34.5,6,207.0,94.8,112.2
2024-04-25,2024,Q2,South,Wireless Mouse,24.99,3,74.97,33.6,41.37
2024-04-25,2024,Q2,West,Noise Cancelling Headphones,149.99,3,449.97,204.0,245.97
2024-04-25,2024,Q2,West,USB-C Hub,34.5,5,172.5,79.0,93.5
2024-04-26,2024,Q2,West,Monitor Stand,45.0,3,135.0,59.7,75.3
2024-04-26,2024,Q2,North,Webcam HD,59.99,5,299.95,136.5,163.45
2024-04-26,2024,Q2,East,USB-C Hub,34.5,5,172.5,79.0,93.5
2024-04-26,2024,Q2,West,Mechanical Keyboard,89.99,6,539.94,255.0,284.94
2024-04-26,2024,Q2,West,Bluetooth Speaker,74.99,2,149.98,66.2,83.78
2024-04-26,2024,Q2,South,Noise Cancelling Headphones,149.99,1,149.99,68.0,81.99
2024-04-27,2024,Q2,South,Noise Cancelling Headphones,149.99,8,1199.92,544.0,655.92
2024-04-27,2024,Q2,East,Mechanical Keyboard,89.99,5,449.95,212.5,237.45
2024-04-27,2024,Q2,South,Desk Lamp,29.95,7,209.65,93.8,115.85
2024-04-27,2024,Q2,East,Monitor Stand,45.0,4,180.0,79.6,100.4
2024-04-27,2024,Q2,North,Laptop Sleeve,19.99,5,99.95,38.0,61.95
2024-04-27,2024,Q2,West,USB-C Hub,34.5,1,34.5,15.8,18.7
2024-04-27,2024,Q2,East,USB-C Hub,34.5,1,34.5,15.8,18.7
2024-04-27,2024,Q2,West,Noise Cancelling Headphones,149.99,6,899.94,408.0,491.94
2024-04-28,2024,Q2,South,Bluetooth Speaker,74.99,1,74.99,33.1,41.89
2024-04-28,2024,Q2,East,USB-C Hub,34.5,6,207.0,94.8,112.2
2024-04-28,2024,Q2,West,Wireless Mouse,24.99,7,174.93,78.4,96.53
2024-04-28,2024,Q2,South,Webcam HD,59.99,3,179.97,81.9,98.07
2024-04-28,2024,Q2,South,USB-C Hub,34.5,4,138.0,63.2,74.8
2024-04-28,2024,Q2,South,Monitor Stand,45.0,2,90.0,39.8,50.2
2024-04-28,2024,Q2,North,Ergonomic Chair Cushion,39.99,8,319.92,137.6,182.32
2024-04-29,2024,Q2,South,Monitor Stand,45.0,3,135.0,59.7,75.3
2024-04-29,2024,Q2,South,Ergonomic Chair Cushion,39.99,5,199.95,86.0,113.95
2024-04-29,2024,Q2,South,Wireless Mouse,24.99,2,49.98,22.4,27.58
2024-04-29,2024,Q2,West,Wireless Mouse,24.99,6,149.94,67.2,82.74
2024-04-29,2024,Q2,East,Webcam HD,59.99,8,479.92,218.4,261.52
2024-04-30,2024,Q2,North,Laptop Sleeve,19.99,8,159.92,60.8,99.12
2024-04-30,2024,Q2,South,Webcam HD,59.99,4,239.96,109.2,130.76
2024-04-30,2024,Q2,South,Ergonomic Chair Cushion,39.99,6,239.94,103.2,136.74
2024-05-01,2024,Q2,South,Desk Lamp,29.95,1,29.95,13.4,16.55
2024-05-01,2024,Q2,East,Noise Cancelling Headphones,149.99,8,1199.92,544.0,655.92
2024-05-01,2024,Q2,North,Mechanical Keyboard,89.99,6,539.94,255.0,284.94
2024-05-02,2024,Q2,South,Desk Lamp,29.95,7,209.65,93.8,115.85
2024-05-02,2024,Q2,North,Webcam HD,59.99,2,119.98,54.6,65.38
2024-05-02,2024,Q2,West,Bluetooth Speaker,74.99,1,74.99,33.1,41.89
2024-05-02,2024,Q2,South,Wireless Mouse,24.99,4,99.96,44.8,55.16
2024-05-02,2024,Q2,North,Monitor Stand,45.0,3,135.0,59.7,75.3
2024-05-02,2024,Q2,South,Mechanical Keyboard,89.99,5,449.95,212.5,237.45
2024-05-02,2024,Q2,East,Noise Cancelling Headphones,149.99,1,149.99,68.0,81.99
2024-05-02,2024,Q2,North,Mechanical Keyboard,89.99,4,359.96,170.0,189.96
2024-05-03,2024,Q2,North,Ergonomic Chair Cushion,39.99,8,319.92,137.6,182.32
2024-05-03,2024,Q2,South,Bluetooth Speaker,74.99,2,149.98,66.2,83.78
2024-05-03,2024,Q2,East,Mechanical Keyboard,89.99,3,269.97,127.5,142.47
2024-05-03,2024,Q2,North,Webcam HD,59.99,2,119.98,54.6,65.38
2024-05-03,2024,Q2,West,Bluetooth Speaker,74.99,5,374.95,165.5,209.45
2024-05-04,2024,Q2,North,Mechanical Keyboard,89.99,7,629.93,297.5,332.43
2024-05-04,2024,Q2,South,Noise Cancelling Headphones,149.99,4,599.96,272.0,327.96
2024-05-04,2024,Q2,South,USB-C Hub,34.5,8,276.0,126.4,149.6
2024-05-05,2024,Q2,West,USB-C Hub,34.5,1,34.5,15.8,18.7
2024-05-05,2024,Q2,West,Laptop Sleeve,19.99,1,19.99,7.6,12.39
2024-05-05,2024,Q2,West,Wireless Mouse,24.99,6,149.94,67.2,82.74
2024-05-05,2024,Q2,East,Laptop Sleeve,19.99,4,79.96,30.4,49.56
2024-05-05,2024,Q2,East,Laptop Sleeve,19.99,6,119.94,45.6,74.34
2024-05-05,2024,Q2,West,Noise Cancelling Headphones,149.99,1,149.99,68.0,81.99
2024-05-05,2024,Q2,East,Noise Cancelling Headphones,149.99,3,449.97,204.0,245.97
2024-05-05,2024,Q2,East,Monitor Stand,45.0,7,315.0,139.3,175.7
2024-05-06,2024,Q2,North,Desk Lamp,29.95,2,59.9,26.8,33.1
2024-05-06,2024,Q2,South,Mechanical Keyboard,89.99,6,539.94,255.0,284.94
2024-05-06,2024,Q2,West,Monitor Stand,45.0,1,45.0,19.9,25.1
2024-05-06,2024,Q2,South,USB-C Hub,34.5,7,241.5,110.6,130.9
2024-05-06,2024,Q2,West,Bluetooth Speaker,74.99,1,74.99,33.1,41.89
2024-05-06,2024,Q2,North,Wireless Mouse,24.99,5,124.95,56.0,68.95
2024-05-06,2024,Q2,East,Noise Cancelling Headphones,149.99,1,149.99,68.0,81.99
2024-05-06,2024,Q2,North,Webcam HD,59.99,2,119.98,54.6,65.38
2024-05-07,2024,Q2,North,Laptop Sleeve,19.99,4,79.96,30.4,49.56
2024-05-07,2024,Q2,North,Webcam HD,59.99,2,119.98,54.6,65.38
2024-05-07,2024,Q2,East,Desk Lamp,29.95,3,89.85,40.2,49.65
2024-05-07,2024,Q2,North,Wireless Mouse,24.99,5,124.95,56.0,68.95
2024-05-07,2024,Q2,North,Bluetooth Speaker,74.99,3,224.97,99.3,125.67
2024-05-07,2024,Q2,West,Mechanical Keyboard,89.99,3,269.97,127.5,142.47
2024-05-07,2024,Q2,East,Laptop Sleeve,19.99,5,99.95,38.0,61.95
2024-05-08,2024,Q2,South,Mechanical Keyboard,89.99,5,449.95,212.5,237.45
2024-05-08,2024,Q2,West,Ergonomic Chair Cushion,39.99,4,159.96,68.8,91.16
2024-05-08,2024,Q2,West,Monitor Stand,45.0,6,270.0,119.4,150.6
2024-05-08,2024,Q2,West,Noise Cancelling Headphones,149.99,5,749.95,340.0,409.95
2024-05-08,2024,Q2,West,Bluetooth Speaker,74.99,5,374.95,165.5,209.45
2024-05-09,2024,Q2,South,Desk Lamp,29.95,4,119.8,53.6,66.2
2024-05-09,2024,Q2,South,Noise Cancelling Headphones,149.99,7,1049.93,476.0,573.93
2024-05-09,2024,Q2,West,Wireless Mouse,24.99,6,149.94,67.2,82.74
2024-05-10,2024,Q2,South,Desk Lamp,29.95,6,179.7,80.4,99.3
2024-05-10,2024,Q2,West,Webcam HD,59.99,5,299.95,136.5,163.45
2024-05-10,2024,Q2,South,Webcam HD,59.99,1,59.99,27.3,32.69
2024-05-10,2024,Q2,North,USB-C Hub,34.5,2,69.0,31.6,37.4
2024-05-11,2024,Q2,East,Bluetooth Speaker,74.99,1,74.99,33.1,41.89
2024-05-11,2024,Q2,West,Bluetooth Speaker,74.99,6,449.94,198.6,251.34
2024-05-11,2024,Q2,North,Noise Cancelling Headphones,149.99,4,599.96,272.0,327.96
2024-05-11,2024,Q2,South,Laptop Sleeve,19.99,6,119.94,45.6,74.34
2024-05-11,2024,Q2,East,USB-C Hub,34.5,4,138.0,63.2,74.8
2024-05-11,2024,Q2,East,Noise Cancelling Headphones,149.99,2,299.98,136.0,163.98
2024-05-11,2024,Q2,West,Webcam HD,59.99,3,179.97,81.9,98.07
2024-05-12,2024,Q2,North,Wireless Mouse,24.99,7,174.93,78.4,96.53
2024-05-12,2024,Q2,North,Bluetooth Speaker,74.99,7,524.93,231.7,293.23
2024-05-12,2024,Q2,South,Laptop Sleeve,19.99,5,99.95,38.0,61.95
2024-05-12,2024,Q2,North,Laptop Sleeve,19.99,8,159.92,60.8,99.12
2024-05-12,2024,Q2,West,Webcam HD,59.99,6,359.94,163.8,196.14
2024-05-12,2024,Q2,East,Desk Lamp,29.95,7,209.65,93.8,115.85
2024-05-13,2024,Q2,West,Desk Lamp,29.95,1,29.95,13.4,16.55
2024-05-13,2024,Q2,West,Laptop Sleeve,19.99,8,159.92,60.8,99.12
2024-05-13,2024,Q2,East,USB-C Hub,34.5,5,172.5,79.0,93.5
2024-05-13,2024,Q2,South,Laptop Sleeve,19.99,7,139.93,53.2,86.73
2024-05-13,2024,Q2,South,Mechanical Keyboard,89.99,6,539.94,255.0,284.94
2024-05-13,2024,Q2,East,Ergonomic Chair Cushion,39.99,4,159.96,68.8,91.16
2024-05-13,2024,Q2,East,Monitor Stand,45.0,7,315.0,139.3,175.7
2024-05-14,2024,Q2,North,Wireless Mouse,24.99,5,124.95,56.0,68.95
2024-05-14,2024,Q2,West,Webcam HD,59.99,5,299.95,136.5,163.45
2024-05-14,2024,Q2,West,Noise Cancelling Headphones,149.99,7,1049.93,476.0,573.93
2024-05-15,2024,Q2,West,Desk Lamp,29.95,1,29.95,13.4,16.55
2024-05-15,2024,Q2,East,Bluetooth Speaker,74.99,1,74.99,33.1,41.89
2024-05-15,2024,Q2,North,Noise Cancelling Headphones,149.99,4,599.96,272.0,327.96
2024-05-15,2024,Q2,North,Laptop Sleeve,19.99,6,119.94,45.6,74.34
2024-05-15,2024,Q2,West,Noise Cancelling Headphones,149.99,3,449.97,204.0,245.97
2024-05-15,2024,Q2,South,Laptop Sleeve,19.99,8,159.92,60.8,99.12
2024-05-16,2024,Q2,West,Ergonomic Chair Cushion,39.99,6,239.94,103.2,136.74
2024-05-16,2024,Q2,North,USB-C Hub,34.5,6,207.0,94.8,112.2
2024-05-16,2024,Q2,East,Desk Lamp,29.95,2,59.9,26.8,33.1
2024-05-16,2024,Q2,East,Noise Cancelling Headphones,149.99,3,449.97,204.0,245.97
2024-05-16,2024,Q2,North,Webcam HD,59.99,6,359.94,163.8,196.14
2024-05-16,2024,Q2,West,USB-C Hub,34.5,5,172.5,79.0,93.5
2024-05-17,2024,Q2,South,Noise Cancelling Headphones,149.99,4,599.96,272.0,327.96
2024-05-17,2024,Q2,West,USB-C Hub,34.5,1,34.5,15.8,18.7
2024-05-17,2024,Q2,North,Desk Lamp,29.95,1,29.95,13.4,16.55
2024-05-17,2024,Q2,West,Wireless Mouse,24.99,1,24.99,11.2,13.79
2024-05-17,2024,Q2,East,Noise Cancelling Headphones,149.99,1,149.99,68.0,81.99
2024-05-17,2024,Q2,East,Laptop Sleeve,19.99,2,39.98,15.2,24.78
2024-05-17,2024,Q2,North,Wireless Mouse,24.99,4,99.96,44.8,55.16
2024-05-18,2024,Q2,West,Noise Cancelling Headphones,149.99,5,749.95,340.0,409.95
2024-05-18,2024,Q2,South,Ergonomic Chair Cushion,39.99,4,159.96,68.8,91.16
2024-05-18,2024,Q2,West,Ergonomic Chair Cushion,39.99,2,79.98,34.4,45.58
2024-05-18,2024,Q2,South,USB-C Hub,34.5,2,69.0,31.6,37.4
2024-05-19,2024,Q2,North,Mechanical Keyboard,89.99,3,269.97,127.5,142.47
2024-05-19,2024,Q2,West,Bluetooth Speaker,74.99,7,524.93,231.7,293.23
2024-05-19,2024,Q2,North,Wireless Mouse,24.99,6,149.94,67.2,82.74
2024-05-20,2024,Q2,South,Desk Lamp,29.95,5,149.75,67.0,82.75
2024-05-20,2024,Q2,South,Wireless Mouse,24.99,5,124.95,56.0,68.95
2024-05-20,2024,Q2,North,Ergonomic Chair Cushion,39.99,2,79.98,34.4,45.58
2024-05-20,2024,Q2,East,Monitor Stand,45.0,8,360.0,159.2,200.8
2024-05-21,2024,Q2,West,Wireless Mouse,24.99,1,24.99,11.2,13.79
2024-05-21,2024,Q2,South,Laptop Sleeve,19.99,1,19.99,7.6,12.39
2024-05-21,2024,Q2,West,Wireless Mouse,24.99,4,99.96,44.8,55.16
2024-05-21,2024,Q2,South,Monitor Stand,45.0,1,45.0,19.9,25.1
2024-05-21,2024,Q2,South,Ergonomic Chair Cushion,39.99,3,119.97,51.6,68.37
2024-05-21,2024,Q2,East,Wireless Mouse,24.99,8,199.92,89.6,110.32
2024-05-21,2024,Q2,East,Laptop Sleeve,19.99,5,99.95,38.0,61.95
2024-05-22,2024,Q2,North,Monitor Stand,45.0,7,315.0,139.3,175.7
2024-05-22,2024,Q2,South,Laptop Sleeve,19.99,5,99.95,38.0,61.95
2024-05-22,2024,Q2,West,Bluetooth Speaker,74.99,1,74.99,33.1,41.89
2024-05-22,2024,Q2,South,Mechanical Keyboard,89.99,3,269.97,127.5,142.47
2024-05-22,2024,Q2,South,Desk Lamp,29.95,7,209.65,93.8,115.85
2024-05-22,2024,Q2,South,Wireless Mouse,24.99,5,124.95,56.0,68.95
2024-05-23,2024,Q2,East,Mechanical Keyboard,89.99,6,539.94,255.0,284.94
2024-05-23,2024,Q2,West,Desk Lamp,29.95,7,209.65,93.8,115.85
2024-05-23,2024,Q2,North,Mechanical Keyboard,89.99,7,629.93,297.5,332.43
2024-05-23,2024,Q2,East,Noise Cancelling Headphones,149.99,4,599.96,272.0,327.96
2024-05-23,2024,Q2,West,Monitor Stand,45.0,8,360.0,159.2,200.8
2024-05-23,2024,Q2,East,Desk Lamp,29.95,4,119.8,53.6,66.2
2024-05-24,2024,Q2,North,Webcam HD,59.99,1,59.99,27.3,32.69
2024-05-24,2024,Q2,East,USB-C Hub,34.5,4,138.0,63.2,74.8
2024-05-24,2024,Q2,South,Mechanical Keyboard,89.99,4,359.96,170.0,189.96
2024-05-24,2024,Q2,East,Noise Cancelling Headphones,149.99,3,449.97,204.0,245.97
2024-05-24,2024,Q2,West,Bluetooth Speaker,74.99,4,299.96,132.4,167.56
2024-05-24,2024,Q2,South,Desk Lamp,29.95,6,179.7,80.4,99.3
2024-05-25,2024,Q2,West,Laptop Sleeve,19.99,4,79.96,30.4,49.56
2024-05-25,2024,Q2,East,Bluetooth Speaker,74.99,4,299.96,132.4,167.56
2024-05-25,2024,Q2,South,Bluetooth Speaker,74.99,3,224.97,99.3,125.67
2024-05-25,2024,Q2,East,Ergonomic Chair Cushion,39.99,8,319.92,137.6,182.32
2024-05-26,2024,Q2,East,Noise Cancelling Headphones,149.99,4,599.96,272.0,327.96
2024-05-26,2024,Q2,West,Ergonomic Chair Cushion,39.99,4,159.96,68.8,91.16
2024-05-26,2024,Q2,South,Mechanical Keyboard,89.99,2,179.98,85.0,94.98
2024-05-26,2024,Q2,East,Laptop Sleeve,19.99,1,19.99,7.6,12.39
2024-05-26,2024,Q2,South,Webcam HD,59.99,1,59.99,27.3,32.69
2024-05-26,2024,Q2,West,Mechanical Keyboard,89.99,3,269.97,127.5,142.47
2024-05-26,2024,Q2,South,Desk Lamp,29.95,4,119.8,53.6,66.2
2024-05-27,2024,Q2,North,Mechanical Keyboard,89.99,6,539.94,255.0,284.94
2024-05-27,2024,Q2,East,Monitor Stand,45.0,2,90.0,39.8,50.2
2024-05-27,2024,Q2,East,Mechanical Keyboard,89.99,4,359.96,170.0,189.96
2024-05-27,2024,Q2,East,USB-C Hub,34.5,7,241.5,110.6,130.9
2024-05-27,2024,Q2,East,Desk Lamp,29.95,7,209.65,93.8,115.85
2024-05-27,2024,Q2,West,USB-C Hub,34.5,5,172.5,79.0,93.5
2024-05-27,2024,Q2,South,Wireless Mouse,24.99,6,149.94,67.2,82.74
2024-05-27,2024,Q2,East,Laptop Sleeve,19.99,1,19.99,7.6,12.39
2024-05-28,2024,Q2,West,Monitor Stand,45.0,7,315.0,139.3,175.7
2024-05-28,2024,Q2,East,Mechanical Keyboard,89.99,3,269.97,127.5,142.47
2024-05-28,2024,Q2,East,Mechanical Keyboard,89.99,5,449.95,212.5,237.45
2024-05-28,2024,Q2,South,Wireless Mouse,24.99,7,174.93,78.4,96.53
2024-05-28,2024,Q2,North,Ergonomic Chair Cushion,39.99,3,119.97,51.6,68.37
2024-05-28,2024,Q2,West,Monitor Stand,45.0,5,225.0,99.5,125.5
2024-05-28,2024,Q2,South,Laptop Sleeve,19.99,1,19.99,7.6,12.39
2024-05-28,2024,Q2,East,USB-C Hub,34.5,4,138.0,63.2,74.8
2024-05-29,2024,Q2,West,Noise Cancelling Headphones,149.99,5,749.95,340.0,409.95
2024-05-29,2024,Q2,West,Ergonomic Chair Cushion,39.99,6,239.94,103.2,136.74
2024-05-29,2024,Q2,North,Mechanical Keyboard,89.99,5,449.95,212.5,237.45
2024-05-29,2024,Q2,North,Ergonomic Chair Cushion,39.99,1,39.99,17.2,22.79
2024-05-29,2024,Q2,South,Mechanical Keyboard,89.99,1,89.99,42.5,47.49
2024-05-29,2024,Q2,East,Monitor Stand,45.0,6,270.0,119.4,150.6
2024-05-29,2024,Q2,North,Laptop Sleeve,19.99,7,139.93,53.2,86.73
2024-05-30,2024,Q2,South,Webcam HD,59.99,2,119.98,54.6,65.38
2024-05-30,2024,Q2,East,Laptop Sleeve,19.99,8,159.92,60.8,99.12
2024-05-30,2024,Q2,East,Noise Cancelling Headphones,149.99,8,1199.92,544.0,655.92
2024-05-30,2024,Q2,North,Monitor Stand,45.0,7,315.0,139.3,175.7
2024-05-30,2024,Q2,South,Bluetooth Speaker,74.99,4,299.96,132.4,167.56
2024-05-30,2024,Q2,North,Noise Cancelling Headphones,149.99,5,749.95,340.0,409.95
2024-05-30,2024,Q2,South,Noise Cancelling Headphones,149.99,3,449.97,204.0,245.97
2024-05-30,2024,Q2,South,Noise Cancelling Headphones,149.99,5,749.95,340.0,409.95
2024-05-31,2024,Q2,North,USB-C Hub,34.5,6,207.0,94.8,112.2
2024-05-31,2024,Q2,East,Laptop Sleeve,19.99,2,39.98,15.2,24.78
2024-05-31,2024,Q2,South,Webcam HD,59.99,3,179.97,81.9,98.07
2024-05-31,2024,Q2,South,Bluetooth Speaker,74.99,8,599.92,264.8,335.12
2024-06-01,2024,Q2,South,Wireless Mouse,24.99,8,199.92,89.6,110.32
2024-06-01,2024,Q2,South,Desk Lamp,29.95,5,149.75,67.0,82.75
2024-06-01,2024,Q2,South,USB-C Hub,34.5,4,138.0,63.2,74.8
2024-06-01,2024,Q2,East,Mechanical Keyboard,89.99,7,629.93,297.5,332.43
2024-06-02,2024,Q2,South,Ergonomic Chair Cushion,39.99,8,319.92,137.6,182.32
2024-06-02,2024,Q2,West,Monitor Stand,45.0,2,90.0,39.8,50.2
2024-06-02,2024,Q2,East,Wireless Mouse,24.99,6,149.94,67.2,82.74
2024-06-02,2024,Q2,West,Monitor Stand,45.0,1,45.0,19.9,25.1
2024-06-03,2024,Q2,East,Webcam HD,59.99,4,239.96,109.2,130.76
2024-06-03,2024,Q2,North,Webcam HD,59.99,8,479.92,218.4,261.52
2024-06-03,2024,Q2,North,USB-C Hub,34.5,6,207.0,94.8,112.2
2024-06-04,2024,Q2,West,Ergonomic Chair Cushion,39.99,6,239.94,103.2,136.74
2024-06-04,2024,Q2,East,USB-C Hub,34.5,2,69.0,31.6,37.4
2024-06-04,2024,Q2,North,Wireless Mouse,24.99,8,199.92,89.6,110.32
2024-06-04,2024,Q2,West,Mechanical Keyboard,89.99,6,539.94,255.0,284.94
2024-06-04,2024,Q2,East,Mechanical Keyboard,89.99,8,719.92,340.0,379.92
2024-06-04,2024,Q2,West,Bluetooth Speaker,74.99,4,299.96,132.4,167.56
2024-06-05,2024,Q2,East,Wireless Mouse,24.99,6,149.94,67.2,82.74
2024-06-05,2024,Q2,North,Webcam HD,59.99,5,299.95,136.5,163.45
2024-06-05,2024,Q2,South,Mechanical Keyboard,89.99,3,269.97,127.5,142.47
2024-06-05,2024,Q2,North,Wireless Mouse,24.99,7,174.93,78.4,96.53
2024-06-05,2024,Q2,South,Webcam HD,59.99,6,359.94,163.8,196.14
2024-06-05,2024,Q2,South,Noise Cancelling Headphones,149.99,3,449.97,204.0,245.97
2024-06-05,2024,Q2,North,Webcam HD,59.99,6,359.94,163.8,196.14
2024-06-06,2024,Q2,South,Desk Lamp,29.95,6,179.7,80.4,99.3
2024-06-06,2024,Q2,South,Desk Lamp,29.95,3,89.85,40.2,49.65
2024-06-06,2024,Q2,East,Webcam HD,59.99,4,239.96,109.2,130.76
2024-06-06,2024,Q2,North,Wireless Mouse,24.99,2,49.98,22.4,27.58
2024-06-06,2024,Q2,West,Wireless Mouse,24.99,4,99.96,44.8,55.16
2024-06-06,2024,Q2,West,Laptop Sleeve,19.99,8,159.92,60.8,99.12
2024-06-07,2024,Q2,South,Webcam HD,59.99,2,119.98,54.6,65.38
2024-06-07,2024,Q2,South,Monitor Stand,45.0,3,135.0,59.7,75.3
2024-06-07,2024,Q2,South,Bluetooth Speaker,74.99,7,524.93,231.7,293.23
2024-06-07,2024,Q2,North,Wireless Mouse,24.99,8,199.92,89.6,110.32
2024-06-07,2024,Q2,West,Monitor Stand,45.0,4,180.0,79.6,100.4
2024-06-07,2024,Q2,East,Wireless Mouse,24.99,1,24.99,11.2,13.79
2024-06-07,2024,Q2,West,USB-C Hub,34.5,5,172.5,79.0,93.5
2024-06-07,2024,Q2,North,Wireless Mouse,24.99,7,174.93,78.4,96.53
2024-06-08,2024,Q2,North,Bluetooth Speaker,74.99,1,74.99,33.1,41.89
2024-06-08,2024,Q2,South,USB-C Hub,34.5,7,241.5,110.6,130.9
2024-06-08,2024,Q2,East,Wireless Mouse,24.99,8,199.92,89.6,110.32
2024-06-08,2024,Q2,East,Ergonomic Chair Cushion,39.99,4,159.96,68.8,91.16
2024-06-08,2024,Q2,West,Mechanical Keyboard,89.99,6,539.94,255.0,284.94
2024-06-09,2024,Q2,West,Laptop Sleeve,19.99,3,59.97,22.8,37.17
2024-06-09,2024,Q2,West,Ergonomic Chair Cushion,39.99,2,79.98,34.4,45.58
2024-06-09,2024,Q2,North,Desk Lamp,29.95,5,149.75,67.0,82.75
2024-06-09,2024,Q2,West,Desk Lamp,29.95,8,239.6,107.2,132.4
2024-06-09,2024,Q2,South,Webcam HD,59.99,6,359.94,163.8,196.14
2024-06-09,2024,Q2,North,Monitor Stand,45.0,4,180.0,79.6,100.4
2024-06-09,2024,Q2,West,Mechanical Keyboard,89.99,3,269.97,127.5,142.47
2024-06-10,2024,Q2,East,Noise Cancelling Headphones,149.99,7,1049.93,476.0,573.93
2024-06-10,2024,Q2,East,Noise Cancelling Headphones,149.99,4,599.96,272.0,327.96
2024-06-10,2024,Q2,West,Laptop Sleeve,19.99,5,99.95,38.0,61.95
2024-06-10,2024,Q2,North,Monitor Stand,45.0,3,135.0,59.7,75.3
2024-06-10,2024,Q2,South,Noise Cancelling Headphones,149.99,2,299.98,136.0,163.98
2024-06-10,2024,Q2,South,Webcam HD,59.99,2,119.98,54.6,65.38
2024-06-10,2024,Q2,South,Noise Cancelling Headphones,149.99,5,749.95,340.0,409.95
2024-06-10,2024,Q2,West,Monitor Stand,45.0,8,360.0,159.2,200.8
2024-06-11,2024,Q2,North,Noise Cancelling Headphones,149.99,2,299.98,136.0,163.98
2024-06-11,2024,Q2,West,Mechanical Keyboard,89.99,8,719.92,340.0,379.92
2024-06-11,2024,Q2,South,Noise Cancelling Headphones,149.99,2,299.98,136.0,163.98
2024-06-11,2024,Q2,North,Bluetooth Speaker,74.99,7,524.93,231.7,293.23
2024-06-12,2024,Q2,South,Monitor Stand,45.0,8,360.0,159.2,200.8
2024-06-12,2024,Q2,North,USB-C Hub,34.5,6,207.0,94.8,112.2
2024-06-12,2024,Q2,North,Laptop Sleeve,19.99,4,79.96,30.4,49.56
2024-06-12,2024,Q2,North,Desk Lamp,29.95,1,29.95,13.4,16.55
2024-06-12,2024,Q2,North,Ergonomic Chair Cushion,39.99,4,159.96,68.8,91.16
2024-06-12,2024,Q2,West,Webcam HD,59.99,2,119.98,54.6,65.38
2024-06-12,2024,Q2,South,Laptop Sleeve,19.99,2,39.98,15.2,24.78
2024-06-13,2024,Q2,South,Ergonomic Chair Cushion,39.99,2,79.98,34.4,45.58
2024-06-13,2024,Q2,East,USB-C Hub,34.5,6,207.0,94.8,112.2
2024-06-13,2024,Q2,East,Wireless Mouse,24.99,5,124.95,56.0,68.95
2024-06-13,2024,Q2,North,Monitor Stand,45.0,6,270.0,119.4,150.6
2024-06-13,2024,Q2,East,Bluetooth Speaker,74.99,1,74.99,33.1,41.89
2024-06-13,2024,Q2,East,Mechanical Keyboard,89.99,6,539.94,255.0,284.94
2024-06-13,2024,Q2,East,Ergonomic Chair Cushion,39.99,2,79.98,34.4,45.58
2024-06-14,2024,Q2,South,Webcam HD,59.99,6,359.94,163.8,196.14
2024-06-14,2024,Q2,South,Bluetooth Speaker,74.99,1,74.99,33.1,41.89
2024-06-14,2024,Q2,West,Mechanical Keyboard,89.99,1,89.99,42.5,47.49
2024-06-15,2024,Q2,North,Mechanical Keyboard,89.99,5,449.95,212.5,237.45
2024-06-15,2024,Q2,South,USB-C Hub,34.5,5,172.5,79.0,93.5
2024-06-15,2024,Q2,West,USB-C Hub,34.5,5,172.5,79.0,93.5
2024-06-15,2024,Q2,East,Bluetooth Speaker,74.99,1,74.99,33.1,41.89
2024-06-15,2024,Q2,North,Desk Lamp,29.95,3,89.85,40.2,49.65
2024-06-15,2024,Q2,West,Noise Cancelling Headphones,149.99,8,1199.92,544.0,655.92
2024-06-16,2024,Q2,North,Mechanical Keyboard,89.99,3,269.97,127.5,142.47
2024-06-16,2024,Q2,West,Bluetooth Speaker,74.99,3,224.97,99.3,125.67
2024-06-16,2024,Q2,West,Laptop Sleeve,19.99,4,79.96,30.4,49.56
2024-06-17,2024,Q2,North,Desk Lamp,29.95,6,179.7,80.4,99.3
2024-06-17,2024,Q2,South,Webcam HD,59.99,3,179.97,81.9,98.07
2024-06-17,2024,Q2,North,Monitor Stand,45.0,3,135.0,59.7,75.3
2024-06-17,2024,Q2,East,Bluetooth Speaker,74.99,6,449.94,198.6,251.34
2024-06-17,2024,Q2,West,Laptop Sleeve,19.99,6,119.94,45.6,74.34
2024-06-17,2024,Q2,East,Wireless Mouse,24.99,6,149.94,67.2,82.74
2024-06-17,2024,Q2,West,Desk Lamp,29.95,4,119.8,53.6,66.2
2024-06-18,2024,Q2,South,Bluetooth Speaker,74.99,1,74.99,33.1,41.89
2024-06-18,2024,Q2,South,USB-C Hub,34.5,5,172.5,79.0,93.5
2024-06-18,2024,Q2,West,Webcam HD,59.99,2,119.98,54.6,65.38
2024-06-19,2024,Q2,East,Desk Lamp,29.95,3,89.85,40.2,49.65
2024-06-19,2024,Q2,North,Noise Cancelling Headphones,149.99,2,299.98,136.0,163.98
2024-06-19,2024,Q2,South,Laptop Sleeve,19.99,2,39.98,15.2,24.78
2024-06-19,2024,Q2,East,Webcam HD,59.99,4,239.96,109.2,130.76
2024-06-19,2024,Q2,South,Mechanical Keyboard,89.99,5,449.95,212.5,237.45
2024-06-19,2024,Q2,East,Desk Lamp,29.95,4,119.8,53.6,66.2
2024-06-19,2024,Q2,East,Noise Cancelling Headphones,149.99,7,1049.93,476.0,573.93
2024-06-20,2024,Q2,North,Desk Lamp,29.95,6,179.7,80.4,99.3
2024-06-20,2024,Q2,West,Noise Cancelling Headphones,149.99,6,899.94,408.0,491.94
2024-06-20,2024,Q2,South,Monitor Stand,45.0,6,270.0,119.4,150.6
2024-06-20,2024,Q2,South,USB-C Hub,34.5,4,138.0,63.2,74.8
2024-06-20,2024,Q2,North,Bluetooth Speaker,74.99,7,524.93,231.7,293.23
2024-06-21,2024,Q2,West,Ergonomic Chair Cushion,39.99,5,199.95,86.0,113.95
2024-06-21,2024,Q2,South,Ergonomic Chair Cushion,39.99,2,79.98,34.4,45.58
2024-06-21,2024,Q2,South,Webcam HD,59.99,5,299.95,136.5,163.45
2024-06-21,2024,Q2,East,Ergonomic Chair Cushion,39.99,6,239.94,103.2,136.74
2024-06-21,2024,Q2,North,Monitor Stand,45.0,2,90.0,39.8,50.2
2024-06-21,2024,Q2,South,Webcam HD,59.99,6,359.94,163.8,196.14
2024-06-22,2024,Q2,East,Laptop Sleeve,19.99,2,39.98,15.2,24.78
2024-06-22,2024,Q2,West,Desk Lamp,29.95,3,89.85,40.2,49.65
2024-06-22,2024,Q2,East,Webcam HD,59.99,1,59.99,27.3,32.69
2024-06-22,2024,Q2,South,Webcam HD,59.99,4,239.96,109.2,130.76
2024-06-22,2024,Q2,North,Monitor Stand,45.0,1,45.0,19.9,25.1
2024-06-22,2024,Q2,West,Bluetooth Speaker,74.99,4,299.96,132.4,167.56
2024-06-23,2024,Q2,East,Noise Cancelling Headphones,149.99,2,299.98,136.0,163.98
2024-06-23,2024,Q2,South,Monitor Stand,45.0,1,45.0,19.9,25.1
2024-06-23,2024,Q2,South,Ergonomic Chair Cushion,39.99,1,39.99,17.2,22.79
2024-06-23,2024,Q2,North,Mechanical Keyboard,89.99,6,539.94,255.0,284.94
2024-06-23,2024,Q2,South,Wireless Mouse,24.99,4,99.96,44.8,55.16
2024-06-23,2024,Q2,East,Noise Cancelling Headphones,149.99,1,149.99,68.0,81.99
2024-06-23,2024,Q2,East,Wireless Mouse,24.99,4,99.96,44.8,55.16
2024-06-24,2024,Q2,East,Wireless Mouse,24.99,8,199.92,89.6,110.32
2024-06-24,2024,Q2,West,Ergonomic Chair Cushion,39.99,6,239.94,103.2,136.74
2024-06-24,2024,Q2,South,Wireless Mouse,24.99,7,174.93,78.4,96.53
2024-06-24,2024,Q2,North,Mechanical Keyboard,89.99,6,539.94,255.0,284.94
2024-06-24,2024,Q2,West,Ergonomic Chair Cushion,39.99,7,279.93,120.4,159.53
2024-06-25,2024,Q2,West,Wireless Mouse,24.99,1,24.99,11.2,13.79
2024-06-25,2024,Q2,East,Ergonomic Chair Cushion,39.99,6,239.94,103.2,136.74
2024-06-25,2024,Q2,North,Laptop Sleeve,19.99,6,119.94,45.6,74.34
2024-06-25,2024,Q2,South,Mechanical Keyboard,89.99,1,89.99,42.5,47.49
2024-06-25,2024,Q2,South,Monitor Stand,45.0,3,135.0,59.7,75.3
2024-06-26,2024,Q2,North,Desk Lamp,29.95,6,179.7,80.4,99.3
2024-06-26,2024,Q2,West,Desk Lamp,29.95,3,89.85,40.2,49.65
2024-06-26,2024,Q2,East,Monitor Stand,45.0,5,225.0,99.5,125.5
2024-06-26,2024,Q2,West,Wireless Mouse,24.99,5,124.95,56.0,68.95
2024-06-26,2024,Q2,West,Noise Cancelling Headphones,149.99,5,749.95,340.0,409.95
2024-06-26,2024,Q2,East,Noise Cancelling Headphones,149.99,5,749.95,340.0,409.95
2024-06-26,2024,Q2,South,Webcam HD,59.99,1,59.99,27.3,32.69
2024-06-27,2024,Q2,West,Mechanical Keyboard,89.99,6,539.94,255.0,284.94
2024-06-27,2024,Q2,South,Monitor Stand,45.0,7,315.0,139.3,175.7
2024-06-27,2024,Q2,North,Wireless Mouse,24.99,3,74.97,33.6,41.37
2024-06-27,2024,Q2,North,Wireless Mouse,24.99,4,99.96,44.8,55.16
2024-06-27,2024,Q2,South,Webcam HD,59.99,6,359.94,163.8,196.14
2024-06-27,2024,Q2,South,USB-C Hub,34.5,3,103.5,47.4,56.1
2024-06-27,2024,Q2,North,Desk Lamp,29.95,4,119.8,53.6,66.2
2024-06-28,2024,Q2,West,Monitor Stand,45.0,6,270.0,119.4,150.6
2024-06-28,2024,Q2,West,Bluetooth Speaker,74.99,4,299.96,132.4,167.56
2024-06-28,2024,Q2,East,Wireless Mouse,24.99,2,49.98,22.4,27.58
2024-06-28,2024,Q2,North,Mechanical Keyboard,89.99,7,629.93,297.5,332.43
2024-06-28,2024,Q2,East,Wireless Mouse,24.99,4,99.96,44.8,55.16
2024-06-28,2024,Q2,West,Laptop Sleeve,19.99,7,139.93,53.2,86.73
2024-06-29,2024,Q2,South,Wireless Mouse,24.99,5,124.95,56.0,68.95
2024-06-29,2024,Q2,North,Webcam HD,59.99,7,419.93,191.1,228.83
2024-06-29,2024,Q2,South,Monitor Stand,45.0,6,270.0,119.4,150.6
2024-06-29,2024,Q2,South,Desk Lamp,29.95,7,209.65,93.8,115.85
2024-06-29,2024,Q2,East,Webcam HD,59.99,8,479.92,218.4,261.52
2024-06-29,2024,Q2,South,Ergonomic Chair Cushion,39.99,3,119.97,51.6,68.37
2024-06-29,2024,Q2,West,Webcam HD,59.99,3,179.97,81.9,98.07
2024-06-29,2024,Q2,East,Webcam HD,59.99,2,119.98,54.6,65.38
2024-06-30,2024,Q2,North,Bluetooth Speaker,74.99,4,299.96,132.4,167.56
2024-06-30,2024,Q2,South,Desk Lamp,29.95,8,239.6,107.2,132.4
2024-06-30,2024,Q2,South,Ergonomic Chair Cushion,39.99,1,39.99,17.2,22.79
2024-06-30,2024,Q2,South,Desk Lamp,29.95,1,29.95,13.4,16.55
2024-06-30,2024,Q2,West,USB-C Hub,34.5,7,241.5,110.6,130.9
2024-07-01,2024,Q3,East,Wireless Mouse,24.99,2,49.98,22.4,27.58
2024-07-01,2024,Q3,South,Wireless Mouse,24.99,3,74.97,33.6,41.37
2024-07-01,2024,Q3,East,USB-C Hub,34.5,6,207.0,94.8,112.2
2024-07-01,2024,Q3,North,USB-C Hub,34.5,8,276.0,126.4,149.6
2024-07-02,2024,Q3,West,Mechanical Keyboard,89.99,7,629.93,297.5,332.43
2024-07-02,2024,Q3,East,Laptop Sleeve,19.99,6,119.94,45.6,74.34
2024-07-02,2024,Q3,North,Ergonomic Chair Cushion,39.99,4,159.96,68.8,91.16
2024-07-02,2024,Q3,South,Wireless Mouse,24.99,1,24.99,11.2,13.79
2024-07-02,2024,Q3,South,Noise Cancelling Headphones,149.99,4,599.96,272.0,327.96
2024-07-02,2024,Q3,West,Mechanical Keyboard,89.99,1,89.99,42.5,47.49
2024-07-02,2024,Q3,North,Desk Lamp,29.95,2,59.9,26.8,33.1
2024-07-02,2024,Q3,North,Mechanical Keyboard,89.99,8,719.92,340.0,379.92
2024-07-03,2024,Q3,West,Wireless Mouse,24.99,3,74.97,33.6,41.37
2024-07-03,2024,Q3,South,Noise Cancelling Headphones,149.99,3,449.97,204.0,245.97
2024-07-03,2024,Q3,North,Noise Cancelling Headphones,149.99,6,899.94,408.0,491.94
2024-07-03,2024,Q3,West,Mechanical Keyboard,89.99,6,539.94,255.0,284.94
2024-07-04,2024,Q3,South,Mechanical Keyboard,89.99,5,449.95,212.5,237.45
2024-07-04,2024,Q3,South,Wireless Mouse,24.99,5,124.95,56.0,68.95
2024-07-04,2024,Q3,East,Mechanical Keyboard,89.99,1,89.99,42.5,47.49
2024-07-04,2024,Q3,South,Noise Cancelling Headphones,149.99,1,149.99,68.0,81.99
2024-07-05,2024,Q3,East,Webcam HD,59.99,1,59.99,27.3,32.69
2024-07-05,2024,Q3,East,Wireless Mouse,24.99,8,199.92,89.6,110.32
2024-07-05,2024,Q3,East,Noise Cancelling Headphones,149.99,6,899.94,408.0,491.94
2024-07-05,2024,Q3,West,Webcam HD,59.99,7,419.93,191.1,228.83
2024-07-05,2024,Q3,West,Desk Lamp,29.95,7,209.65,93.8,115.85
2024-07-05,2024,Q3,West,USB-C Hub,34.5,7,241.5,110.6,130.9
2024-07-06,2024,Q3,West,USB-C Hub,34.5,1,34.5,15.8,18.7
2024-07-06,2024,Q3,South,Ergonomic Chair Cushion,39.99,5,199.95,86.0,113.95
2024-07-06,2024,Q3,West,Monitor Stand,45.0,4,180.0,79.6,100.4
2024-07-06,2024,Q3,North,Mechanical Keyboard,89.99,1,89.99,42.5,47.49
2024-07-06,2024,Q3,North,Laptop Sleeve,19.99,6,119.94,45.6,74.34
2024-07-06,2024,Q3,West,Noise Cancelling Headphones,149.99,6,899.94,408.0,491.94
2024-07-07,2024,Q3,North,Bluetooth Speaker,74.99,8,599.92,264.8,335.12
2024-07-07,2024,Q3,East,Ergonomic Chair Cushion,39.99,7,279.93,120.4,159.53
2024-07-07,2024,Q3,South,Laptop Sleeve,19.99,6,119.94,45.6,74.34
2024-07-07,2024,Q3,North,Laptop Sleeve,19.99,5,99.95,38.0,61.95
2024-07-07,2024,Q3,East,Mechanical Keyboard,89.99,4,359.96,170.0,189.96
2024-07-07,2024,Q3,East,Webcam HD,59.99,8,479.92,218.4,261.52
2024-07-08,2024,Q3,East,Noise Cancelling Headphones,149.99,8,1199.92,544.0,655.92
2024-07-08,2024,Q3,South,USB-C Hub,34.5,2,69.0,31.6,37.4
2024-07-08,2024,Q3,East,Noise Cancelling Headphones,149.99,4,599.96,272.0,327.96
2024-07-08,2024,Q3,South,Desk Lamp,29.95,4,119.8,53.6,66.2
2024-07-08,2024,Q3,South,USB-C Hub,34.5,8,276.0,126.4,149.6
2024-07-08,2024,Q3,South,Wireless Mouse,24.99,6,149.94,67.2,82.74
2024-07-08,2024,Q3,West,Desk Lamp,29.95,7,209.65,93.8,115.85
2024-07-08,2024,Q3,North,Laptop Sleeve,19.99,3,59.97,22.8,37.17
2024-07-09,2024,Q3,East,Laptop Sleeve,19.99,2,39.98,15.2,24.78
2024-07-09,2024,Q3,East,Desk Lamp,29.95,5,149.75,67.0,82.75
2024-07-09,2024,Q3,West,Mechanical Keyboard,89.99,5,449.95,212.5,237.45
2024-07-09,2024,Q3,West,Webcam HD,59.99,8,479.92,218.4,261.52
2024-07-09,2024,Q3,North,Bluetooth Speaker,74.99,8,599.92,264.8,335.12
2024-07-09,2024,Q3,South,Noise Cancelling Headphones,149.99,3,449.97,204.0,245.97
2024-07-09,2024,Q3,North,USB-C Hub,34.5,6,207.0,94.8,112.2
2024-07-09,2024,Q3,West,Noise Cancelling Headphones,149.99,4,599.96,272.0,327.96
2024-07-10,2024,Q3,East,Noise Cancelling Headphones,149.99,6,899.94,408.0,491.94
2024-07-10,2024,Q3,West,Webcam HD,59.99,1,59.99,27.3,32.69
2024-07-10,2024,Q3,South,Wireless Mouse,24.99,5,124.95,56.0,68.95
2024-07-10,2024,Q3,North,Ergonomic Chair Cushion,39.99,3,119.97,51.6,68.37
2024-07-10,2024,Q3,East,Noise Cancelling Headphones,149.99,5,749.95,340.0,409.95
2024-07-10,2024,Q3,East,Webcam HD,59.99,4,239.96,109.2,130.76
2024-07-10,2024,Q3,East,Bluetooth Speaker,74.99,2,149.98,66.2,83.78
2024-07-11,2024,Q3,West,Mechanical Keyboard,89.99,4,359.96,170.0,189.96
2024-07-11,2024,Q3,South,Laptop Sleeve,19.99,5,99.95,38.0,61.95
2024-07-11,2024,Q3,East,Wireless Mouse,24.99,8,199.92,89.6,110.32
2024-07-11,2024,Q3,West,Desk Lamp,29.95,1,29.95,13.4,16.55
2024-07-11,2024,Q3,East,Laptop Sleeve,19.99,7,139.93,53.2,86.73
2024-07-11,2024,Q3,East,Desk Lamp,29.95,4,119.8,53.6,66.2
2024-07-11,2024,Q3,West,Ergonomic Chair Cushion,39.99,3,119.97,51.6,68.37
2024-07-12,2024,Q3,South,Ergonomic Chair Cushion,39.99,6,239.94,103.2,136.74
2024-07-12,2024,Q3,North,Monitor Stand,45.0,6,270.0,119.4,150.6
2024-07-12,2024,Q3,North,Mechanical Keyboard,89.99,8,719.92,340.0,379.92
2024-07-12,2024,Q3,West,Laptop Sleeve,19.99,7,139.93,53.2,86.73
2024-07-12,2024,Q3,West,Wireless Mouse,24.99,2,49.98,22.4,27.58
2024-07-12,2024,Q3,West,Bluetooth Speaker,74.99,7,524.93,231.7,293.23
2024-07-12,2024,Q3,West,Bluetooth Speaker,74.99,3,224.97,99.3,125.67
2024-07-13,2024,Q3,West,Laptop Sleeve,19.99,8,159.92,60.8,99.12
2024-07-13,2024,Q3,South,Noise Cancelling Headphones,149.99,1,149.99,68.0,81.99
2024-07-13,2024,Q3,South,Monitor Stand,45.0,7,315.0,139.3,175.7
2024-07-14,2024,Q3,North,Webcam HD,59.99,6,359.94,163.8,196.14
2024-07-14,2024,Q3,West,Bluetooth Speaker,74.99,2,149.98,66.2,83.78
2024-07-14,2024,Q3,North,Monitor Stand,45.0,2,90.0,39.8,50.2
2024-07-14,2024,Q3,North,Mechanical Keyboard,89.99,8,719.92,340.0,379.92
2024-07-14,2024,Q3,North,Monitor Stand,45.0,8,360.0,159.2,200.8
2024-07-14,2024,Q3,North,Monitor Stand,45.0,6,270.0,119.4,150.6
2024-07-14,2024,Q3,West,Wireless Mouse,24.99,7,174.93,78.4,96.53
2024-07-15,2024,Q3,South,Laptop Sleeve,19.99,1,19.99,7.6,12.39
2024-07-15,2024,Q3,South,Desk Lamp,29.95,6,179.7,80.4,99.3
2024-07-15,2024,Q3,South,Noise Cancelling Headphones,149.99,1,149.99,68.0,81.99
2024-07-15,2024,Q3,South,Noise Cancelling Headphones,149.99,5,749.95,340.0,409.95
2024-07-15,2024,Q3,East,Mechanical Keyboard,89.99,6,539.94,255.0,284.94
2024-07-15,2024,Q3,West,Webcam HD,59.99,5,299.95,136.5,163.45
2024-07-15,2024,Q3,West,Noise Cancelling Headphones,149.99,7,1049.93,476.0,573.93
2024-07-16,2024,Q3,North,Webcam HD,59.99,5,299.95,136.5,163.45
2024-07-16,2024,Q3,South,Laptop Sleeve,19.99,7,139.93,53.2,86.73
2024-07-16,2024,Q3,East,Webcam HD,59.99,4,239.96,109.2,130.76
2024-07-16,2024,Q3,South,Wireless Mouse,24.99,4,99.96,44.8,55.16
2024-07-16,2024,Q3,East,Bluetooth Speaker,74.99,8,599.92,264.8,335.12
2024-07-16,2024,Q3,South,Desk Lamp,29.95,6,179.7,80.4,99.3
2024-07-16,2024,Q3,South,Bluetooth Speaker,74.99,1,74.99,33.1,41.89
2024-07-16,2024,Q3,East,Wireless Mouse,24.99,2,49.98,22.4,27.58
2024-07-17,2024,Q3,East,Wireless Mouse,24.99,5,124.95,56.0,68.95
2024-07-17,2024,Q3,South,Bluetooth Speaker,74.99,5,374.95,165.5,209.45
2024-07-17,2024,Q3,South,Monitor Stand,45.0,8,360.0,159.2,200.8
2024-07-17,2024,Q3,West,Bluetooth Speaker,74.99,4,299.96,132.4,167.56
2024-07-17,2024,Q3,South,Wireless Mouse,24.99,3,74.97,33.6,41.37
2024-07-17,2024,Q3,West,Mechanical Keyboard,89.99,1,89.99,42.5,47.49
2024-07-18,2024,Q3,North,Ergonomic Chair Cushion,39.99,8,319.92,137.6,182.32
2024-07-18,2024,Q3,South,Wireless Mouse,24.99,3,74.97,33.6,41.37
2024-07-18,2024,Q3,West,Monitor Stand,45.0,5,225.0,99.5,125.5
2024-07-18,2024,Q3,South,Noise Cancelling Headphones,149.99,3,449.97,204.0,245.97
2024-07-19,2024,Q3,South,Noise Cancelling Headphones,149.99,2,299.98,136.0,163.98
2024-07-19,2024,Q3,West,Mechanical Keyboard,89.99,4,359.96,170.0,189.96
2024-07-19,2024,Q3,North,Wireless Mouse,24.99,7,174.93,78.4,96.53
2024-07-19,2024,Q3,South,Webcam HD,59.99,8,479.92,218.4,261.52
2024-07-20,2024,Q3,West,USB-C Hub,34.5,1,34.5,15.8,18.7
2024-07-20,2024,Q3,South,Wireless Mouse,24.99,3,74.97,33.6,41.37
2024-07-20,2024,Q3,West,Webcam HD,59.99,4,239.96,109.2,130.76
2024-07-20,2024,Q3,East,Noise Cancelling Headphones,149.99,3,449.97,204.0,245.97
2024-07-20,2024,Q3,East,Webcam HD,59.99,6,359.94,163.8,196.14
2024-07-20,2024,Q3,South,USB-C Hub,34.5,4,138.0,63.2,74.8
2024-07-20,2024,Q3,West,Wireless Mouse,24.99,6,149.94,67.2,82.74
2024-07-20,2024,Q3,West,USB-C Hub,34.5,5,172.5,79.0,93.5
2024-07-21,2024,Q3,North,Monitor Stand,45.0,8,360.0,159.2,200.8
2024-07-21,2024,Q3,South,USB-C Hub,34.5,7,241.5,110.6,130.9
2024-07-21,2024,Q3,East,Laptop Sleeve,19.99,2,39.98,15.2,24.78
2024-07-21,2024,Q3,North,Desk Lamp,29.95,2,59.9,26.8,33.1
2024-07-22,2024,Q3,South,Noise Cancelling Headphones,149.99,2,299.98,136.0,163.98
2024-07-22,2024,Q3,East,Bluetooth Speaker,74.99,6,449.94,198.6,251.34
2024-07-22,2024,Q3,North,Bluetooth Speaker,74.99,2,149.98,66.2,83.78
2024-07-22,2024,Q3,South,Bluetooth Speaker,74.99,5,374.95,165.5,209.45
2024-07-22,2024,Q3,East,Ergonomic Chair Cushion,39.99,2,79.98,34.4,45.58
2024-07-22,2024,Q3,South,USB-C Hub,34.5,8,276.0,126.4,149.6
2024-07-22,2024,Q3,East,Monitor Stand,45.0,5,225.0,99.5,125.5
2024-07-22,2024,Q3,North,Ergonomic Chair Cushion,39.99,2,79.98,34.4,45.58
2024-07-23,2024,Q3,East,Monitor Stand,45.0,3,135.0,59.7,75.3
2024-07-23,2024,Q3,East,Wireless Mouse,24.99,3,74.97,33.6,41.37
2024-07-23,2024,Q3,East,Desk Lamp,29.95,8,239.6,107.2,132.4
2024-07-24,2024,Q3,South,Desk Lamp,29.95,6,179.7,80.4,99.3
2024-07-24,2024,Q3,South,Mechanical Keyboard,89.99,5,449.95,212.5,237.45
2024-07-24,2024,Q3,North,Noise Cancelling Headphones,149.99,8,1199.92,544.0,655.92
2024-07-24,2024,Q3,North,Noise Cancelling Headphones,149.99,2,299.98,136.0,163.98
2024-07-24,2024,Q3,South,Ergonomic Chair Cushion,39.99,7,279.93,120.4,159.53
2024-07-24,2024,Q3,West,Wireless Mouse,24.99,1,24.99,11.2,13.79
2024-07-25,2024,Q3,North,Laptop Sleeve,19.99,3,59.97,22.8,37.17
2024-07-25,2024,Q3,West,Ergonomic Chair Cushion,39.99,6,239.94,103.2,136.74
2024-07-25,2024,Q3,North,Desk Lamp,29.95,3,89.85,40.2,49.65
2024-07-26,2024,Q3,South,Mechanical Keyboard,89.99,6,539.94,255.0,284.94
2024-07-26,2024,Q3,North,Bluetooth Speaker,74.99,5,374.95,165.5,209.45
2024-07-26,2024,Q3,South,Webcam HD,59.99,2,119.98,54.6,65.38
2024-07-26,2024,Q3,North,Monitor Stand,45.0,2,90.0,39.8,50.2
2024-07-26,2024,Q3,South,Bluetooth Speaker,74.99,5,374.95,165.5,209.45
2024-07-27,2024,Q3,North,Desk Lamp,29.95,8,239.6,107.2,132.4
2024-07-27,2024,Q3,South,USB-C Hub,34.5,1,34.5,15.8,18.7
2024-07-27,2024,Q3,East,Desk Lamp,29.95,4,119.8,53.6,66.2
2024-07-27,2024,Q3,East,Laptop Sleeve,19.99,4,79.96,30.4,49.56
2024-07-27,2024,Q3,South,Monitor Stand,45.0,4,180.0,79.6,100.4
2024-07-27,2024,Q3,North,Wireless Mouse,24.99,2,49.98,22.4,27.58
2024-07-27,2024,Q3,North,Bluetooth Speaker,74.99,4,299.96,132.4,167.56
2024-07-28,2024,Q3,South,Mechanical Keyboard,89.99,3,269.97,127.5,142.47
2024-07-28,2024,Q3,South,Webcam HD,59.99,1,59.99,27.3,32.69
2024-07-28,2024,Q3,West,Laptop Sleeve,19.99,2,39.98,15.2,24.78
2024-07-28,2024,Q3,East,Ergonomic Chair Cushion,39.99,2,79.98,34.4,45.58
2024-07-28,2024,Q3,North,Ergonomic Chair Cushion,39.99,4,159.96,68.8,91.16
2024-07-28,2024,Q3,South,Monitor Stand,45.0,1,45.0,19.9,25.1
2024-07-28,2024,Q3,South,Mechanical Keyboard,89.99,6,539.94,255.0,284.94
2024-07-28,2024,Q3,North,Wireless Mouse,24.99,4,99.96,44.8,55.16
2024-07-29,2024,Q3,South,Webcam HD,59.99,6,359.94,163.8,196.14
2024-07-29,2024,Q3,North,Bluetooth Speaker,74.99,3,224.97,99.3,125.67
2024-07-29,2024,Q3,North,Desk Lamp,29.95,7,209.65,93.8,115.85
2024-07-29,2024,Q3,West,Wireless Mouse,24.99,2,49.98,22.4,27.58
2024-07-29,2024,Q3,South,USB-C Hub,34.5,3,103.5,47.4,56.1
2024-07-29,2024,Q3,South,Desk Lamp,29.95,3,89.85,40.2,49.65
2024-07-29,2024,Q3,South,Monitor Stand,45.0,4,180.0,79.6,100.4
2024-07-30,2024,Q3,East,Mechanical Keyboard,89.99,1,89.99,42.5,47.49
2024-07-30,2024,Q3,West,Wireless Mouse,24.99,8,199.92,89.6,110.32
2024-07-30,2024,Q3,East,Mechanical Keyboard,89.99,2,179.98,85.0,94.98
2024-07-30,2024,Q3,South,Wireless Mouse,24.99,6,149.94,67.2,82.74
2024-07-30,2024,Q3,West,Mechanical Keyboard,89.99,6,539.94,255.0,284.94
2024-07-30,2024,Q3,South,Bluetooth Speaker,74.99,8,599.92,264.8,335.12
2024-07-30,2024,Q3,South,Webcam HD,59.99,5,299.95,136.5,163.45
2024-07-30,2024,Q3,North,Bluetooth Speaker,74.99,3,224.97,99.3,125.67
2024-07-31,2024,Q3,West,Noise Cancelling Headphones,149.99,5,749.95,340.0,409.95
2024-07-31,2024,Q3,North,Mechanical Keyboard,89.99,5,449.95,212.5,237.45
2024-07-31,2024,Q3,South,Monitor Stand,45.0,4,180.0,79.6,100.4
2024-07-31,2024,Q3,West,Noise Cancelling Headphones,149.99,4,599.96,272.0,327.96
2024-07-31,2024,Q3,West,Ergonomic Chair Cushion,39.99,1,39.99,17.2,22.79
2024-07-31,2024,Q3,West,Laptop Sleeve,19.99,6,119.94,45.6,74.34
2024-08-01,2024,Q3,West,Mechanical Keyboard,89.99,4,359.96,170.0,189.96
2024-08-01,2024,Q3,East,Ergonomic Chair Cushion,39.99,7,279.93,120.4,159.53
2024-08-01,2024,Q3,East,Wireless Mouse,24.99,5,124.95,56.0,68.95
2024-08-01,2024,Q3,West,Ergonomic Chair Cushion,39.99,1,39.99,17.2,22.79
2024-08-01,2024,Q3,North,Bluetooth Speaker,74.99,7,524.93,231.7,293.23
2024-08-01,2024,Q3,West,Ergonomic Chair Cushion,39.99,5,199.95,86.0,113.95
2024-08-02,2024,Q3,South,Desk Lamp,29.95,4,119.8,53.6,66.2
2024-08-02,2024,Q3,North,Desk Lamp,29.95,7,209.65,93.8,115.85
2024-08-02,2024,Q3,West,Ergonomic Chair Cushion,39.99,1,39.99,17.2,22.79
2024-08-02,2024,Q3,East,Desk Lamp,29.95,2,59.9,26.8,33.1
2024-08-02,2024,Q3,East,USB-C Hub,34.5,8,276.0,126.4,149.6
2024-08-02,2024,Q3,West,Noise Cancelling Headphones,149.99,4,599.96,272.0,327.96
2024-08-03,2024,Q3,South,Wireless Mouse,24.99,7,174.93,78.4,96.53
2024-08-03,2024,Q3,South,Laptop Sleeve,19.99,5,99.95,38.0,61.95
2024-08-03,2024,Q3,East,USB-C Hub,34.5,6,207.0,94.8,112.2
2024-08-04,2024,Q3,South,Desk Lamp,29.95,7,209.65,93.8,115.85
2024-08-04,2024,Q3,East,Bluetooth Speaker,74.99,6,449.94,198.6,251.34
2024-08-04,2024,Q3,South,USB-C Hub,34.5,7,241.5,110.6,130.9
2024-08-04,2024,Q3,North,Wireless Mouse,24.99,3,74.97,33.6,41.37
2024-08-05,2024,Q3,South,Bluetooth Speaker,74.99,5,374.95,165.5,209.45
2024-08-05,2024,Q3,East,Mechanical Keyboard,89.99,7,629.93,297.5,332.43
2024-08-05,2024,Q3,South,Webcam HD,59.99,7,419.93,191.1,228.83
2024-08-06,2024,Q3,East,Bluetooth Speaker,74.99,5,374.95,165.5,209.45
2024-08-06,2024,Q3,East,Desk Lamp,29.95,5,149.75,67.0,82.75
2024-08-06,2024,Q3,West,Noise Cancelling Headphones,149.99,1,149.99,68.0,81.99
2024-08-07,2024,Q3,West,Bluetooth Speaker,74.99,6,449.94,198.6,251.34
2024-08-07,2024,Q3,North,Wireless Mouse,24.99,2,49.98,22.4,27.58
2024-08-07,2024,Q3,West,Bluetooth Speaker,74.99,5,374.95,165.5,209.45
2024-08-07,2024,Q3,South,Ergonomic Chair Cushion,39.99,8,319.92,137.6,182.32
2024-08-07,2024,Q3,North,Desk Lamp,29.95,8,239.6,107.2,132.4
2024-08-07,2024,Q3,South,Wireless Mouse,24.99,5,124.95,56.0,68.95
2024-08-07,2024,Q3,South,Monitor Stand,45.0,1,45.0,19.9,25.1
2024-08-07,2024,Q3,West,USB-C Hub,34.5,5,172.5,79.0,93.5
2024-08-08,2024,Q3,South,Webcam HD,59.99,1,59.99,27.3,32.69
2024-08-08,2024,Q3,West,Noise Cancelling Headphones,149.99,7,1049.93,476.0,573.93
2024-08-08,2024,Q3,North,Laptop Sleeve,19.99,8,159.92,60.8,99.12
2024-08-08,2024,Q3,East,Webcam HD,59.99,6,359.94,163.8,196.14
2024-08-08,2024,Q3,South,Ergonomic Chair Cushion,39.99,8,319.92,137.6,182.32
2024-08-08,2024,Q3,North,Noise Cancelling Headphones,149.99,6,899.94,408.0,491.94
2024-08-08,2024,Q3,South,Monitor Stand,45.0,1,45.0,19.9,25.1
2024-08-08,2024,Q3,South,Webcam HD,59.99,3,179.97,81.9,98.07
2024-08-09,2024,Q3,East,Wireless Mouse,24.99,5,124.95,56.0,68.95
2024-08-09,2024,Q3,West,Desk Lamp,29.95,3,89.85,40.2,49.65
2024-08-09,2024,Q3,East,Webcam HD,59.99,8,479.92,218.4,261.52
2024-08-09,2024,Q3,South,Ergonomic Chair Cushion,39.99,6,239.94,103.2,136.74
2024-08-09,2024,Q3,West,Laptop Sleeve,19.99,2,39.98,15.2,24.78
2024-08-09,2024,Q3,East,Desk Lamp,29.95,7,209.65,93.8,115.85
2024-08-09,2024,Q3,East,Laptop Sleeve,19.99,8,159.92,60.8,99.12
2024-08-09,2024,Q3,East,Mechanical Keyboard,89.99,4,359.96,170.0,189.96
2024-08-10,2024,Q3,West,Noise Cancelling Headphones,149.99,7,1049.93,476.0,573.93
2024-08-10,2024,Q3,South,Desk Lamp,29.95,1,29.95,13.4,16.55
2024-08-10,2024,Q3,South,Webcam HD,59.99,8,479.92,218.4,261.52
2024-08-10,2024,Q3,West,Mechanical Keyboard,89.99,5,449.95,212.5,237.45
2024-08-10,2024,Q3,West,Desk Lamp,29.95,7,209.65,93.8,115.85
2024-08-10,2024,Q3,East,Mechanical Keyboard,89.99,5,449.95,212.5,237.45
2024-08-10,2024,Q3,West,Wireless Mouse,24.99,1,24.99,11.2,13.79
2024-08-11,2024,Q3,East,Desk Lamp,29.95,6,179.7,80.4,99.3
2024-08-11,2024,Q3,East,Monitor Stand,45.0,2,90.0,39.8,50.2
2024-08-11,2024,Q3,North,Ergonomic Chair Cushion,39.99,7,279.93,120.4,159.53
2024-08-11,2024,Q3,North,Webcam HD,59.99,3,179.97,81.9,98.07
2024-08-11,2024,Q3,South,Mechanical Keyboard,89.99,7,629.93,297.5,332.43
2024-08-11,2024,Q3,West,Desk Lamp,29.95,7,209.65,93.8,115.85
2024-08-11,2024,Q3,West,Bluetooth Speaker,74.99,6,449.94,198.6,251.34
2024-08-12,2024,Q3,South,USB-C Hub,34.5,7,241.5,110.6,130.9
2024-08-12,2024,Q3,East,USB-C Hub,34.5,4,138.0,63.2,74.8
2024-08-12,2024,Q3,East,Mechanical Keyboard,89.99,7,629.93,297.5,332.43
2024-08-12,2024,Q3,North,Noise Cancelling Headphones,149.99,1,149.99,68.0,81.99
2024-08-12,2024,Q3,South,Ergonomic Chair Cushion,39.99,7,279.93,120.4,159.53
2024-08-13,2024,Q3,South,Ergonomic Chair Cushion,39.99,5,199.95,86.0,113.95
2024-08-13,2024,Q3,South,USB-C Hub,34.5,4,138.0,63.2,74.8
2024-08-13,2024,Q3,South,Noise Cancelling Headphones,149.99,2,299.98,136.0,163.98
2024-08-13,2024,Q3,East,Wireless Mouse,24.99,7,174.93,78.4,96.53
2024-08-13,2024,Q3,East,USB-C Hub,34.5,7,241.5,110.6,130.9
2024-08-13,2024,Q3,East,Mechanical Keyboard,89.99,5,449.95,212.5,237.45
2024-08-14,2024,Q3,South,Monitor Stand,45.0,5,225.0,99.5,125.5
2024-08-14,2024,Q3,North,Desk Lamp,29.95,2,59.9,26.8,33.1
2024-08-14,2024,Q3,East,Wireless Mouse,24.99,2,49.98,22.4,27.58
2024-08-14,2024,Q3,North,Desk Lamp,29.95,4,119.8,53.6,66.2
2024-08-14,2024,Q3,North,Bluetooth Speaker,74.99,3,224.97,99.3,125.67
2024-08-14,2024,Q3,West,Webcam HD,59.99,1,59.99,27.3,32.69
2024-08-14,2024,Q3,West,Ergonomic Chair Cushion,39.99,1,39.99,17.2,22.79
2024-08-15,2024,Q3,West,Mechanical Keyboard,89.99,8,719.92,340.0,379.92
2024-08-15,2024,Q3,South,Webcam HD,59.99,6,359.94,163.8,196.14
2024-08-15,2024,Q3,East,Noise Cancelling Headphones,149.99,4,599.96,272.0,327.96
2024-08-16,2024,Q3,South,Webcam HD,59.99,1,59.99,27.3,32.69
2024-08-16,2024,Q3,South,USB-C Hub,34.5,1,34.5,15.8,18.7
2024-08-16,2024,Q3,East,Laptop Sleeve,19.99,6,119.94,45.6,74.34
2024-08-16,2024,Q3,North,Webcam HD,59.99,2,119.98,54.6,65.38
2024-08-17,2024,Q3,North,Laptop Sleeve,19.99,7,139.93,53.2,86.73
2024-08-17,2024,Q3,West,Monitor Stand,45.0,1,45.0,19.9,25.1
2024-08-17,2024,Q3,East,Noise Cancelling Headphones,149.99,6,899.94,408.0,491.94
2024-08-17,2024,Q3,East,Mechanical Keyboard,89.99,8,719.92,340.0,379.92
2024-08-17,2024,Q3,South,Laptop Sleeve,19.99,8,159.92,60.8,99.12
2024-08-17,2024,Q3,West,Monitor Stand,45.0,6,270.0,119.4,150.6
2024-08-17,2024,Q3,South,Mechanical Keyboard,89.99,7,629.93,297.5,332.43
2024-08-18,2024,Q3,East,Monitor Stand,45.0,2,90.0,39.8,50.2
2024-08-18,2024,Q3,North,Bluetooth Speaker,74.99,4,299.96,132.4,167.56
2024-08-18,2024,Q3,South,Webcam HD,59.99,4,239.96,109.2,130.76
2024-08-18,2024,Q3,East,Wireless Mouse,24.99,1,24.99,11.2,13.79
2024-08-19,2024,Q3,East,Monitor Stand,45.0,7,315.0,139.3,175.7
2024-08-19,2024,Q3,North,Noise Cancelling Headphones,149.99,5,749.95,340.0,409.95
2024-08-19,2024,Q3,East,USB-C Hub,34.5,6,207.0,94.8,112.2
2024-08-20,2024,Q3,East,Mechanical Keyboard,89.99,1,89.99,42.5,47.49
2024-08-20,2024,Q3,South,Desk Lamp,29.95,7,209.65,93.8,115.85
2024-08-20,2024,Q3,North,Bluetooth Speaker,74.99,2,149.98,66.2,83.78
2024-08-20,2024,Q3,East,Mechanical Keyboard,89.99,3,269.97,127.5,142.47
2024-08-20,2024,Q3,East,Bluetooth Speaker,74.99,8,599.92,264.8,335.12
2024-08-21,2024,Q3,East,Desk Lamp,29.95,8,239.6,107.2,132.4
2024-08-21,2024,Q3,South,Mechanical Keyboard,89.99,5,449.95,212.5,237.45
2024-08-21,2024,Q3,West,Monitor Stand,45.0,6,270.0,119.4,150.6
2024-08-22,2024,Q3,North,Monitor Stand,45.0,5,225.0,99.5,125.5
2024-08-22,2024,Q3,West,Laptop Sleeve,19.99,3,59.97,22.8,37.17
2024-08-22,2024,Q3,West,USB-C Hub,34.5,3,103.5,47.4,56.1
2024-08-22,2024,Q3,North,Mechanical Keyboard,89.99,4,359.96,170.0,189.96
2024-08-22,2024,Q3,West,Wireless Mouse,24.99,1,24.99,11.2,13.79
2024-08-23,2024,Q3,West,Wireless Mouse,24.99,4,99.96,44.8,55.16
2024-08-23,2024,Q3,North,Desk Lamp,29.95,6,179.7,80.4,99.3
2024-08-23,2024,Q3,West,Bluetooth Speaker,74.99,4,299.96,132.4,167.56
2024-08-24,2024,Q3,South,Monitor Stand,45.0,6,270.0,119.4,150.6
2024-08-24,2024,Q3,West,Mechanical Keyboard,89.99,2,179.98,85.0,94.98
2024-08-24,2024,Q3,South,Monitor Stand,45.0,8,360.0,159.2,200.8
2024-08-25,2024,Q3,West,Mechanical Keyboard,89.99,1,89.99,42.5,47.49
2024-08-25,2024,Q3,West,USB-C Hub,34.5,7,241.5,110.6,130.9
2024-08-25,2024,Q3,South,Bluetooth Speaker,74.99,8,599.92,264.8,335.12
2024-08-25,2024,Q3,South,Mechanical Keyboard,89.99,8,719.92,340.0,379.92
2024-08-25,2024,Q3,West,Mechanical Keyboard,89.99,4,359.96,170.0,189.96
2024-08-25,2024,Q3,South,Wireless Mouse,24.99,7,174.93,78.4,96.53
2024-08-26,2024,Q3,South,Wireless Mouse,24.99,4,99.96,44.8,55.16
2024-08-26,2024,Q3,North,Monitor Stand,45.0,1,45.0,19.9,25.1
2024-08-26,2024,Q3,North,Bluetooth Speaker,74.99,1,74.99,33.1,41.89
2024-08-26,2024,Q3,West,Monitor Stand,45.0,4,180.0,79.6,100.4
2024-08-26,2024,Q3,North,Noise Cancelling Headphones,149.99,7,1049.93,476.0,573.93
2024-08-26,2024,Q3,East,Wireless Mouse,24.99,3,74.97,33.6,41.37
2024-08-26,2024,Q3,West,Wireless Mouse,24.99,8,199.92,89.6,110.32
2024-08-27,2024,Q3,North,USB-C Hub,34.5,3,103.5,47.4,56.1
2024-08-27,2024,Q3,South,Ergonomic Chair Cushion,39.99,6,239.94,103.2,136.74
2024-08-27,2024,Q3,North,Noise Cancelling Headphones,149.99,7,1049.93,476.0,573.93
2024-08-28,2024,Q3,North,Wireless Mouse,24.99,2,49.98,22.4,27.58
2024-08-28,2024,Q3,North,Wireless Mouse,24.99,5,124.95,56.0,68.95
2024-08-28,2024,Q3,West,Laptop Sleeve,19.99,1,19.99,7.6,12.39
2024-08-29,2024,Q3,South,Wireless Mouse,24.99,3,74.97,33.6,41.37
2024-08-29,2024,Q3,West,Monitor Stand,45.0,2,90.0,39.8,50.2
2024-08-29,2024,Q3,South,Laptop Sleeve,19.99,2,39.98,15.2,24.78
2024-08-29,2024,Q3,North,Noise Cancelling Headphones,149.99,6,899.94,408.0,491.94
2024-08-29,2024,Q3,North,Mechanical Keyboard,89.99,4,359.96,170.0,189.96
2024-08-29,2024,Q3,North,Mechanical Keyboard,89.99,6,539.94,255.0,284.94
2024-08-29,2024,Q3,East,Webcam HD,59.99,5,299.95,136.5,163.45
2024-08-30,2024,Q3,South,Bluetooth Speaker,74.99,6,449.94,198.6,251.34
2024-08-30,2024,Q3,South,Wireless Mouse,24.99,2,49.98,22.4,27.58
2024-08-30,2024,Q3,North,Wireless Mouse,24.99,2,49.98,22.4,27.58
2024-08-30,2024,Q3,South,Noise Cancelling Headphones,149.99,7,1049.93,476.0,573.93
2024-08-30,2024,Q3,West,Laptop Sleeve,19.99,4,79.96,30.4,49.56
2024-08-31,2024,Q3,North,Wireless Mouse,24.99,1,24.99,11.2,13.79
2024-08-31,2024,Q3,North,USB-C Hub,34.5,7,241.5,110.6,130.9
2024-08-31,2024,Q3,North,USB-C Hub,34.5,5,172.5,79.0,93.5
2024-08-31,2024,Q3,West,Webcam HD,59.99,3,179.97,81.9,98.07
2024-08-31,2024,Q3,East,Webcam HD,59.99,6,359.94,163.8,196.14
2024-08-31,2024,Q3,North,Desk Lamp,29.95,7,209.65,93.8,115.85
2024-08-31,2024,Q3,North,USB-C Hub,34.5,8,276.0,126.4,149.6
2024-08-31,2024,Q3,South,Bluetooth Speaker,74.99,6,449.94,198.6,251.34
2024-09-01,2024,Q3,South,Wireless Mouse,24.99,7,174.93,78.4,96.53
2024-09-01,2024,Q3,North,Desk Lamp,29.95,4,119.8,53.6,66.2
2024-09-01,2024,Q3,East,Desk Lamp,29.95,1,29.95,13.4,16.55
2024-09-01,2024,Q3,South,Desk Lamp,29.95,2,59.9,26.8,33.1
2024-09-01,2024,Q3,South,Mechanical Keyboard,89.99,1,89.99,42.5,47.49
2024-09-02,2024,Q3,West,Desk Lamp,29.95,6,179.7,80.4,99.3
2024-09-02,2024,Q3,North,Noise Cancelling Headphones,149.99,2,299.98,136.0,163.98
2024-09-02,2024,Q3,West,USB-C Hub,34.5,4,138.0,63.2,74.8
2024-09-02,2024,Q3,North,Noise Cancelling Headphones,149.99,4,599.96,272.0,327.96
2024-09-02,2024,Q3,West,Noise Cancelling Headphones,149.99,2,299.98,136.0,163.98
2024-09-03,2024,Q3,South,Monitor Stand,45.0,5,225.0,99.5,125.5
2024-09-03,2024,Q3,North,Webcam HD,59.99,7,419.93,191.1,228.83
2024-09-03,2024,Q3,North,USB-C Hub,34.5,8,276.0,126.4,149.6
2024-09-03,2024,Q3,South,Webcam HD,59.99,7,419.93,191.1,228.83
2024-09-03,2024,Q3,South,Desk Lamp,29.95,5,149.75,67.0,82.75
2024-09-03,2024,Q3,North,Mechanical Keyboard,89.99,4,359.96,170.0,189.96
2024-09-03,2024,Q3,East,Ergonomic Chair Cushion,39.99,3,119.97,51.6,68.37
2024-09-03,2024,Q3,North,Ergonomic Chair Cushion,39.99,2,79.98,34.4,45.58
2024-09-04,2024,Q3,West,Webcam HD,59.99,2,119.98,54.6,65.38
2024-09-04,2024,Q3,North,Mechanical Keyboard,89.99,1,89.99,42.5,47.49
2024-09-04,2024,Q3,North,Desk Lamp,29.95,2,59.9,26.8,33.1
2024-09-04,2024,Q3,South,Noise Cancelling Headphones,149.99,2,299.98,136.0,163.98
2024-09-04,2024,Q3,West,Noise Cancelling Headphones,149.99,5,749.95,340.0,409.95
2024-09-04,2024,Q3,West,USB-C Hub,34.5,2,69.0,31.6,37.4
2024-09-04,2024,Q3,East,Webcam HD,59.99,7,419.93,191.1,228.83
2024-09-04,2024,Q3,West,USB-C Hub,34.5,8,276.0,126.4,149.6
2024-09-05,2024,Q3,North,Bluetooth Speaker,74.99,6,449.94,198.6,251.34
2024-09-05,2024,Q3,East,Monitor Stand,45.0,1,45.0,19.9,25.1
2024-09-05,2024,Q3,West,Monitor Stand,45.0,2,90.0,39.8,50.2
2024-09-05,2024,Q3,South,Desk Lamp,29.95,6,179.7,80.4,99.3
2024-09-05,2024,Q3,East,Ergonomic Chair Cushion,39.99,1,39.99,17.2,22.79
2024-09-05,2024,Q3,South,Mechanical Keyboard,89.99,2,179.98,85.0,94.98
2024-09-05,2024,Q3,South,Ergonomic Chair Cushion,39.99,5,199.95,86.0,113.95
2024-09-05,2024,Q3,East,USB-C Hub,34.5,1,34.5,15.8,18.7
2024-09-06,2024,Q3,West,Mechanical Keyboard,89.99,1,89.99,42.5,47.49
2024-09-06,2024,Q3,West,Webcam HD,59.99,2,119.98,54.6,65.38
2024-09-06,2024,Q3,South,Wireless Mouse,24.99,2,49.98,22.4,27.58
2024-09-06,2024,Q3,East,Wireless Mouse,24.99,5,124.95,56.0,68.95
2024-09-07,2024,Q3,East,Desk Lamp,29.95,3,89.85,40.2,49.65
2024-09-07,2024,Q3,South,Desk Lamp,29.95,5,149.75,67.0,82.75
2024-09-07,2024,Q3,East,Desk Lamp,29.95,3,89.85,40.2,49.65
2024-09-07,2024,Q3,North,Monitor Stand,45.0,3,135.0,59.7,75.3
2024-09-08,2024,Q3,West,Wireless Mouse,24.99,4,99.96,44.8,55.16
2024-09-08,2024,Q3,South,Monitor Stand,45.0,7,315.0,139.3,175.7
2024-09-08,2024,Q3,East,Monitor Stand,45.0,8,360.0,159.2,200.8
2024-09-08,2024,Q3,East,Wireless Mouse,24.99,1,24.99,11.2,13.79
2024-09-08,2024,Q3,North,Laptop Sleeve,19.99,6,119.94,45.6,74.34
2024-09-09,2024,Q3,East,Wireless Mouse,24.99,8,199.92,89.6,110.32
2024-09-09,2024,Q3,West,Bluetooth Speaker,74.99,2,149.98,66.2,83.78
2024-09-09,2024,Q3,North,Bluetooth Speaker,74.99,8,599.92,264.8,335.12
2024-09-09,2024,Q3,North,Laptop Sleeve,19.99,2,39.98,15.2,24.78
2024-09-10,2024,Q3,West,USB-C Hub,34.5,4,138.0,63.2,74.8
2024-09-10,2024,Q3,West,Bluetooth Speaker,74.99,1,74.99,33.1,41.89
2024-09-10,2024,Q3,North,Monitor Stand,45.0,2,90.0,39.8,50.2
2024-09-10,2024,Q3,East,Desk Lamp,29.95,8,239.6,107.2,132.4
2024-09-10,2024,Q3,West,Monitor Stand,45.0,6,270.0,119.4,150.6
2024-09-10,2024,Q3,North,Mechanical Keyboard,89.99,4,359.96,170.0,189.96
2024-09-11,2024,Q3,South,Ergonomic Chair Cushion,39.99,7,279.93,120.4,159.53
2024-09-11,2024,Q3,North,Wireless Mouse,24.99,7,174.93,78.4,96.53
2024-09-11,2024,Q3,North,Monitor Stand,45.0,3,135.0,59.7,75.3
2024-09-11,2024,Q3,East,Monitor Stand,45.0,2,90.0,39.8,50.2
2024-09-11,2024,Q3,North,Bluetooth Speaker,74.99,5,374.95,165.5,209.45
2024-09-11,2024,Q3,West,Bluetooth Speaker,74.99,3,224.97,99.3,125.67
2024-09-12,2024,Q3,West,Desk Lamp,29.95,2,59.9,26.8,33.1
2024-09-12,2024,Q3,South,Webcam HD,59.99,6,359.94,163.8,196.14
2024-09-12,2024,Q3,North,Mechanical Keyboard,89.99,8,719.92,340.0,379.92
2024-09-13,2024,Q3,East,USB-C Hub,34.5,1,34.5,15.8,18.7
2024-09-13,2024,Q3,North,Bluetooth Speaker,74.99,1,74.99,33.1,41.89
2024-09-13,2024,Q3,South,Bluetooth Speaker,74.99,3,224.97,99.3,125.67
2024-09-13,2024,Q3,East,USB-C Hub,34.5,7,241.5,110.6,130.9
2024-09-13,2024,Q3,East,Wireless Mouse,24.99,6,149.94,67.2,82.74
2024-09-13,2024,Q3,South,Monitor Stand,45.0,1,45.0,19.9,25.1
2024-09-14,2024,Q3,West,Mechanical Keyboard,89.99,8,719.92,340.0,379.92
2024-09-14,2024,Q3,South,Wireless Mouse,24.99,5,124.95,56.0,68.95
2024-09-14,2024,Q3,West,USB-C Hub,34.5,4,138.0,63.2,74.8
2024-09-14,2024,Q3,East,Desk Lamp,29.95,4,119.8,53.6,66.2
2024-09-14,2024,Q3,North,Laptop Sleeve,19.99,1,19.99,7.6,12.39
2024-09-14,2024,Q3,South,Wireless Mouse,24.99,6,149.94,67.2,82.74
2024-09-14,2024,Q3,West,Monitor Stand,45.0,2,90.0,39.8,50.2
2024-09-15,2024,Q3,East,Noise Cancelling Headphones,149.99,8,1199.92,544.0,655.92
2024-09-15,2024,Q3,South,Ergonomic Chair Cushion,39.99,4,159.96,68.8,91.16
2024-09-15,2024,Q3,South,Bluetooth Speaker,74.99,4,299.96,132.4,167.56
2024-09-15,2024,Q3,East,Bluetooth Speaker,74.99,5,374.95,165.5,209.45
2024-09-15,2024,Q3,South,Desk Lamp,29.95,1,29.95,13.4,16.55
2024-09-15,2024,Q3,West,USB-C Hub,34.5,6,207.0,94.8,112.2
2024-09-16,2024,Q3,North,Ergonomic Chair Cushion,39.99,6,239.94,103.2,136.74
2024-09-16,2024,Q3,South,Monitor Stand,45.0,1,45.0,19.9,25.1
2024-09-16,2024,Q3,South,Ergonomic Chair Cushion,39.99,5,199.95,86.0,113.95
2024-09-16,2024,Q3,West,Bluetooth Speaker,74.99,7,524.93,231.7,293.23
2024-09-16,2024,Q3,South,Webcam HD,59.99,4,239.96,109.2,130.76
2024-09-16,2024,Q3,North,Webcam HD,59.99,7,419.93,191.1,228.83
2024-09-17,2024,Q3,South,Noise Cancelling Headphones,149.99,3,449.97,204.0,245.97
2024-09-17,2024,Q3,East,Wireless Mouse,24.99,3,74.97,33.6,41.37
2024-09-17,2024,Q3,South,Laptop Sleeve,19.99,3,59.97,22.8,37.17
2024-09-17,2024,Q3,North,Ergonomic Chair Cushion,39.99,8,319.92,137.6,182.32
2024-09-18,2024,Q3,East,Ergonomic Chair Cushion,39.99,4,159.96,68.8,91.16
2024-09-18,2024,Q3,South,Webcam HD,59.99,7,419.93,191.1,228.83
2024-09-18,2024,Q3,North,Wireless Mouse,24.99,7,174.93,78.4,96.53
2024-09-18,2024,Q3,North,Wireless Mouse,24.99,5,124.95,56.0,68.95
2024-09-18,2024,Q3,North,Webcam HD,59.99,3,179.97,81.9,98.07
2024-09-18,2024,Q3,South,Laptop Sleeve,19.99,2,39.98,15.2,24.78
2024-09-19,2024,Q3,West,Webcam HD,59.99,2,119.98,54.6,65.38
2024-09-19,2024,Q3,West,Monitor Stand,45.0,8,360.0,159.2,200.8
2024-09-19,2024,Q3,East,Noise Cancelling Headphones,149.99,4,599.96,272.0,327.96
2024-09-19,2024,Q3,West,Mechanical Keyboard,89.99,5,449.95,212.5,237.45
2024-09-19,2024,Q3,West,USB-C Hub,34.5,5,172.5,79.0,93.5
2024-09-19,2024,Q3,South,Laptop Sleeve,19.99,6,119.94,45.6,74.34
2024-09-19,2024,Q3,East,Mechanical Keyboard,89.99,1,89.99,42.5,47.49
2024-09-20,2024,Q3,West,Monitor Stand,45.0,6,270.0,119.4,150.6
2024-09-20,2024,Q3,North,Bluetooth Speaker,74.99,8,599.92,264.8,335.12
2024-09-20,2024,Q3,East,USB-C Hub,34.5,8,276.0,126.4,149.6
2024-09-20,2024,Q3,East,Monitor Stand,45.0,7,315.0,139.3,175.7
2024-09-20,2024,Q3,North,Monitor Stand,45.0,7,315.0,139.3,175.7
2024-09-20,2024,Q3,West,USB-C Hub,34.5,4,138.0,63.2,74.8
2024-09-20,2024,Q3,East,Desk Lamp,29.95,7,209.65,93.8,115.85
2024-09-21,2024,Q3,West,Desk Lamp,29.95,3,89.85,40.2,49.65
2024-09-21,2024,Q3,South,Monitor Stand,45.0,5,225.0,99.5,125.5
2024-09-21,2024,Q3,North,Wireless Mouse,24.99,3,74.97,33.6,41.37
2024-09-21,2024,Q3,West,Ergonomic Chair Cushion,39.99,7,279.93,120.4,159.53
2024-09-21,2024,Q3,North,Bluetooth Speaker,74.99,8,599.92,264.8,335.12
2024-09-21,2024,Q3,East,Ergonomic Chair Cushion,39.99,6,239.94,103.2,136.74
2024-09-21,2024,Q3,East,Laptop Sleeve,19.99,6,119.94,45.6,74.34
2024-09-21,2024,Q3,South,Bluetooth Speaker,74.99,1,74.99,33.1,41.89
2024-09-22,2024,Q3,South,Laptop Sleeve,19.99,6,119.94,45.6,74.34
2024-09-22,2024,Q3,North,Webcam HD,59.99,4,239.96,109.2,130.76
2024-09-22,2024,Q3,South,Ergonomic Chair Cushion,39.99,4,159.96,68.8,91.16
2024-09-22,2024,Q3,East,Webcam HD,59.99,5,299.95,136.5,163.45
2024-09-22,2024,Q3,South,Mechanical Keyboard,89.99,8,719.92,340.0,379.92
2024-09-22,2024,Q3,North,Monitor Stand,45.0,1,45.0,19.9,25.1
2024-09-22,2024,Q3,West,Noise Cancelling Headphones,149.99,5,749.95,340.0,409.95
2024-09-22,2024,Q3,North,Mechanical Keyboard,89.99,1,89.99,42.5,47.49
2024-09-23,2024,Q3,North,Monitor Stand,45.0,1,45.0,19.9,25.1
2024-09-23,2024,Q3,South,Monitor Stand,45.0,3,135.0,59.7,75.3
2024-09-23,2024,Q3,East,Monitor Stand,45.0,1,45.0,19.9,25.1
2024-09-23,2024,Q3,North,Mechanical Keyboard,89.99,2,179.98,85.0,94.98
2024-09-24,2024,Q3,South,USB-C Hub,34.5,8,276.0,126.4,149.6
2024-09-24,2024,Q3,East,Mechanical Keyboard,89.99,6,539.94,255.0,284.94
2024-09-24,2024,Q3,East,Webcam HD,59.99,7,419.93,191.1,228.83
2024-09-25,2024,Q3,West,Webcam HD,59.99,6,359.94,163.8,196.14
2024-09-25,2024,Q3,North,Mechanical Keyboard,89.99,5,449.95,212.5,237.45
2024-09-25,2024,Q3,South,Webcam HD,59.99,2,119.98,54.6,65.38
2024-09-25,2024,Q3,North,Ergonomic Chair Cushion,39.99,1,39.99,17.2,22.79
2024-09-25,2024,Q3,East,USB-C Hub,34.5,6,207.0,94.8,112.2
2024-09-25,2024,Q3,East,Noise Cancelling Headphones,149.99,8,1199.92,544.0,655.92
2024-09-25,2024,Q3,South,Monitor Stand,45.0,1,45.0,19.9,25.1
2024-09-25,2024,Q3,South,Laptop Sleeve,19.99,7,139.93,53.2,86.73
2024-09-26,2024,Q3,North,Monitor Stand,45.0,5,225.0,99.5,125.5
2024-09-26,2024,Q3,North,Bluetooth Speaker,74.99,2,149.98,66.2,83.78
2024-09-26,2024,Q3,North,Ergonomic Chair Cushion,39.99,3,119.97,51.6,68.37
2024-09-26,2024,Q3,South,Bluetooth Speaker,74.99,8,599.92,264.8,335.12
2024-09-26,2024,Q3,South,Ergonomic Chair Cushion,39.99,2,79.98,34.4,45.58
2024-09-27,2024,Q3,West,Ergonomic Chair Cushion,39.99,7,279.93,120.4,159.53
2024-09-27,2024,Q3,South,Wireless Mouse,24.99,4,99.96,44.8,55.16
2024-09-27,2024,Q3,South,Mechanical Keyboard,89.99,8,719.92,340.0,379.92
2024-09-27,2024,Q3,South,Webcam HD,59.99,7,419.93,191.1,228.83
2024-09-27,2024,Q3,East,Wireless Mouse,24.99,1,24.99,11.2,13.79
2024-09-27,2024,Q3,South,Wireless Mouse,24.99,4,99.96,44.8,55.16
2024-09-27,2024,Q3,East,Monitor Stand,45.0,8,360.0,159.2,200.8
2024-09-27,2024,Q3,South,USB-C Hub,34.5,4,138.0,63.2,74.8
2024-09-28,2024,Q3,East,USB-C Hub,34.5,3,103.5,47.4,56.1
2024-09-28,2024,Q3,North,Monitor Stand,45.0,8,360.0,159.2,200.8
2024-09-28,2024,Q3,East,Webcam HD,59.99,7,419.93,191.1,228.83
2024-09-28,2024,Q3,East,Noise Cancelling Headphones,149.99,5,749.95,340.0,409.95
2024-09-28,2024,Q3,North,Ergonomic Chair Cushion,39.99,6,239.94,103.2,136.74
2024-09-29,2024,Q3,East,Wireless Mouse,24.99,6,149.94,67.2,82.74
2024-09-29,2024,Q3,South,USB-C Hub,34.5,3,103.5,47.4,56.1
2024-09-29,2024,Q3,South,Bluetooth Speaker,74.99,1,74.99,33.1,41.89
2024-09-30,2024,Q3,East,Mechanical Keyboard,89.99,6,539.94,255.0,284.94
2024-09-30,2024,Q3,West,Noise Cancelling Headphones,149.99,5,749.95,340.0,409.95
2024-09-30,2024,Q3,North,Mechanical Keyboard,89.99,2,179.98,85.0,94.98
2024-09-30,2024,Q3,West,Laptop Sleeve,19.99,8,159.92,60.8,99.12
2024-10-01,2024,Q4,East,Noise Cancelling Headphones,149.99,4,599.96,272.0,327.96
2024-10-01,2024,Q4,West,Desk Lamp,29.95,8,239.6,107.2,132.4
2024-10-01,2024,Q4,West,Desk Lamp,29.95,8,239.6,107.2,132.4
2024-10-02,2024,Q4,East,Ergonomic Chair Cushion,39.99,1,39.99,17.2,22.79
2024-10-02,2024,Q4,North,Bluetooth Speaker,74.99,2,149.98,66.2,83.78
2024-10-02,2024,Q4,East,USB-C Hub,34.5,1,34.5,15.8,18.7
2024-10-02,2024,Q4,South,Mechanical Keyboard,89.99,8,719.92,340.0,379.92
2024-10-02,2024,Q4,North,Webcam HD,59.99,2,119.98,54.6,65.38
2024-10-02,2024,Q4,East,Laptop Sleeve,19.99,2,39.98,15.2,24.78
2024-10-02,2024,Q4,South,Laptop Sleeve,19.99,2,39.98,15.2,24.78
2024-10-02,2024,Q4,North,Wireless Mouse,24.99,5,124.95,56.0,68.95
2024-10-03,2024,Q4,South,Noise Cancelling Headphones,149.99,2,299.98,136.0,163.98
2024-10-03,2024,Q4,North,Desk Lamp,29.95,3,89.85,40.2,49.65
2024-10-03,2024,Q4,West,USB-C Hub,34.5,4,138.0,63.2,74.8
2024-10-03,2024,Q4,South,Laptop Sleeve,19.99,7,139.93,53.2,86.73
2024-10-03,2024,Q4,East,Desk Lamp,29.95,2,59.9,26.8,33.1
2024-10-03,2024,Q4,South,Bluetooth Speaker,74.99,2,149.98,66.2,83.78
2024-10-03,2024,Q4,North,Webcam HD,59.99,7,419.93,191.1,228.83
2024-10-03,2024,Q4,West,Monitor Stand,45.0,3,135.0,59.7,75.3
2024-10-04,2024,Q4,East,Bluetooth Speaker,74.99,7,524.93,231.7,293.23
2024-10-04,2024,Q4,South,USB-C Hub,34.5,4,138.0,63.2,74.8
2024-10-04,2024,Q4,West,Mechanical Keyboard,89.99,6,539.94,255.0,284.94
2024-10-04,2024,Q4,South,Wireless Mouse,24.99,5,124.95,56.0,68.95
2024-10-04,2024,Q4,West,USB-C Hub,34.5,6,207.0,94.8,112.2
2024-10-04,2024,Q4,East,USB-C Hub,34.5,6,207.0,94.8,112.2
2024-10-04,2024,Q4,South,Laptop Sleeve,19.99,1,19.99,7.6,12.39
2024-10-05,2024,Q4,South,Ergonomic Chair Cushion,39.99,6,239.94,103.2,136.74
2024-10-05,2024,Q4,North,Webcam HD,59.99,1,59.99,27.3,32.69
2024-10-05,2024,Q4,North,Desk Lamp,29.95,4,119.8,53.6,66.2
2024-10-06,2024,Q4,East,Desk Lamp,29.95,5,149.75,67.0,82.75
2024-10-06,2024,Q4,East,Ergonomic Chair Cushion,39.99,6,239.94,103.2,136.74
2024-10-06,2024,Q4,West,Laptop Sleeve,19.99,5,99.95,38.0,61.95
2024-10-06,2024,Q4,North,Monitor Stand,45.0,1,45.0,19.9,25.1
2024-10-06,2024,Q4,West,Ergonomic Chair Cushion,39.99,4,159.96,68.8,91.16
2024-10-07,2024,Q4,North,USB-C Hub,34.5,3,103.5,47.4,56.1
2024-10-07,2024,Q4,East,Webcam HD,59.99,6,359.94,163.8,196.14
2024-10-07,2024,Q4,West,Laptop Sleeve,19.99,5,99.95,38.0,61.95
2024-10-07,2024,Q4,South,Monitor Stand,45.0,6,270.0,119.4,150.6
2024-10-07,2024,Q4,North,Desk Lamp,29.95,3,89.85,40.2,49.65
2024-10-07,2024,Q4,East,USB-C Hub,34.5,1,34.5,15.8,18.7
2024-10-07,2024,Q4,West,Desk Lamp,29.95,8,239.6,107.2,132.4
2024-10-07,2024,Q4,West,Monitor Stand,45.0,6,270.0,119.4,150.6
2024-10-08,2024,Q4,South,Mechanical Keyboard,89.99,2,179.98,85.0,94.98
2024-10-08,2024,Q4,North,Desk Lamp,29.95,1,29.95,13.4,16.55
2024-10-08,2024,Q4,North,Monitor Stand,45.0,6,270.0,119.4,150.6
2024-10-08,2024,Q4,North,Ergonomic Chair Cushion,39.99,2,79.98,34.4,45.58
2024-10-08,2024,Q4,West,Wireless Mouse,24.99,4,99.96,44.8,55.16
2024-10-09,2024,Q4,West,Webcam HD,59.99,8,479.92,218.4,261.52
2024-10-09,2024,Q4,West,Webcam HD,59.99,8,479.92,218.4,261.52
2024-10-09,2024,Q4,East,Desk Lamp,29.95,5,149.75,67.0,82.75
2024-10-09,2024,Q4,East,Ergonomic Chair Cushion,39.99,2,79.98,34.4,45.58
2024-10-09,2024,Q4,North,Bluetooth Speaker,74.99,8,599.92,264.8,335.12
2024-10-09,2024,Q4,West,Wireless Mouse,24.99,4,99.96,44.8,55.16
2024-10-10,2024,Q4,South,Desk Lamp,29.95,6,179.7,80.4,99.3
2024-10-10,2024,Q4,North,Ergonomic Chair Cushion,39.99,1,39.99,17.2,22.79
2024-10-10,2024,Q4,West,Ergonomic Chair Cushion,39.99,7,279.93,120.4,159.53
2024-10-10,2024,Q4,North,USB-C Hub,34.5,7,241.5,110.6,130.9
2024-10-11,2024,Q4,South,Noise Cancelling Headphones,149.99,5,749.95,340.0,409.95
2024-10-11,2024,Q4,East,Mechanical Keyboard,89.99,4,359.96,170.0,189.96
2024-10-11,2024,Q4,North,Monitor Stand,45.0,6,270.0,119.4,150.6
2024-10-12,2024,Q4,West,USB-C Hub,34.5,7,241.5,110.6,130.9
2024-10-12,2024,Q4,North,Laptop Sleeve,19.99,4,79.96,30.4,49.56
2024-10-12,2024,Q4,East,Webcam HD,59.99,6,359.94,163.8,196.14
2024-10-12,2024,Q4,South,Bluetooth Speaker,74.99,1,74.99,33.1,41.89
2024-10-12,2024,Q4,South,Ergonomic Chair Cushion,39.99,7,279.93,120.4,159.53
2024-10-12,2024,Q4,South,USB-C Hub,34.5,1,34.5,15.8,18.7
2024-10-12,2024,Q4,North,Ergonomic Chair Cushion,39.99,6,239.94,103.2,136.74
2024-10-12,2024,Q4,North,Wireless Mouse,24.99,4,99.96,44.8,55.16
2024-10-13,2024,Q4,North,Noise Cancelling Headphones,149.99,4,599.96,272.0,327.96
2024-10-13,2024,Q4,West,USB-C Hub,34.5,4,138.0,63.2,74.8
2024-10-13,2024,Q4,South,USB-C Hub,34.5,8,276.0,126.4,149.6
2024-10-13,2024,Q4,North,Laptop Sleeve,19.99,3,59.97,22.8,37.17
2024-10-13,2024,Q4,East,Ergonomic Chair Cushion,39.99,5,199.95,86.0,113.95
2024-10-13,2024,Q4,South,Laptop Sleeve,19.99,4,79.96,30.4,49.56
2024-10-13,2024,Q4,West,Wireless Mouse,24.99,2,49.98,22.4,27.58
2024-10-14,2024,Q4,East,USB-C Hub,34.5,4,138.0,63.2,74.8
2024-10-14,2024,Q4,East,Monitor Stand,45.0,3,135.0,59.7,75.3
2024-10-14,2024,Q4,South,Ergonomic Chair Cushion,39.99,3,119.97,51.6,68.37
2024-10-15,2024,Q4,North,Bluetooth Speaker,74.99,4,299.96,132.4,167.56
2024-10-15,2024,Q4,East,Laptop Sleeve,19.99,1,19.99,7.6,12.39
2024-10-15,2024,Q4,West,Wireless Mouse,24.99,8,199.92,89.6,110.32
2024-10-15,2024,Q4,North,Mechanical Keyboard,89.99,7,629.93,297.5,332.43
2024-10-16,2024,Q4,East,Bluetooth Speaker,74.99,3,224.97,99.3,125.67
2024-10-16,2024,Q4,South,Noise Cancelling Headphones,149.99,6,899.94,408.0,491.94
2024-10-16,2024,Q4,West,Monitor Stand,45.0,4,180.0,79.6,100.4
2024-10-16,2024,Q4,South,USB-C Hub,34.5,7,241.5,110.6,130.9
2024-10-17,2024,Q4,West,Webcam HD,59.99,5,299.95,136.5,163.45
2024-10-17,2024,Q4,South,Monitor Stand,45.0,8,360.0,159.2,200.8
2024-10-17,2024,Q4,North,USB-C Hub,34.5,4,138.0,63.2,74.8
2024-10-17,2024,Q4,East,Mechanical Keyboard,89.99,5,449.95,212.5,237.45
2024-10-17,2024,Q4,South,Laptop Sleeve,19.99,8,159.92,60.8,99.12
2024-10-18,2024,Q4,West,Bluetooth Speaker,74.99,5,374.95,165.5,209.45
2024-10-18,2024,Q4,West,Noise Cancelling Headphones,149.99,4,599.96,272.0,327.96
2024-10-18,2024,Q4,West,Ergonomic Chair Cushion,39.99,3,119.97,51.6,68.37
2024-10-18,2024,Q4,South,Monitor Stand,45.0,2,90.0,39.8,50.2
2024-10-18,2024,Q4,East,Laptop Sleeve,19.99,2,39.98,15.2,24.78
2024-10-18,2024,Q4,West,Mechanical Keyboard,89.99,6,539.94,255.0,284.94
2024-10-19,2024,Q4,West,Desk Lamp,29.95,6,179.7,80.4,99.3
2024-10-19,2024,Q4,West,USB-C Hub,34.5,8,276.0,126.4,149.6
2024-10-19,2024,Q4,North,Wireless Mouse,24.99,8,199.92,89.6,110.32
2024-10-19,2024,Q4,East,Noise Cancelling Headphones,149.99,7,1049.93,476.0,573.93
2024-10-19,2024,Q4,West,Ergonomic Chair Cushion,39.99,5,199.95,86.0,113.95
2024-10-19,2024,Q4,South,Noise Cancelling Headphones,149.99,1,149.99,68.0,81.99
2024-10-19,2024,Q4,South,Desk Lamp,29.95,7,209.65,93.8,115.85
2024-10-19,2024,Q4,East,Ergonomic Chair Cushion,39.99,4,159.96,68.8,91.16
2024-10-20,2024,Q4,South,Noise Cancelling Headphones,149.99,7,1049.93,476.0,573.93
2024-10-20,2024,Q4,South,Webcam HD,59.99,2,119.98,54.6,65.38
2024-10-20,2024,Q4,South,Wireless Mouse,24.99,6,149.94,67.2,82.74
2024-10-20,2024,Q4,West,Bluetooth Speaker,74.99,8,599.92,264.8,335.12
2024-10-20,2024,Q4,East,Desk Lamp,29.95,1,29.95,13.4,16.55
2024-10-21,2024,Q4,East,Bluetooth Speaker,74.99,2,149.98,66.2,83.78
2024-10-21,2024,Q4,East,Webcam HD,59.99,7,419.93,191.1,228.83
2024-10-21,2024,Q4,East,Wireless Mouse,24.99,6,149.94,67.2,82.74
2024-10-21,2024,Q4,West,Mechanical Keyboard,89.99,6,539.94,255.0,284.94
2024-10-21,2024,Q4,North,Webcam HD,59.99,6,359.94,163.8,196.14
2024-10-22,2024,Q4,West,USB-C Hub,34.5,7,241.5,110.6,130.9
2024-10-22,2024,Q4,North,Mechanical Keyboard,89.99,4,359.96,170.0,189.96
2024-10-22,2024,Q4,South,Wireless Mouse,24.99,3,74.97,33.6,41.37
2024-10-22,2024,Q4,South,Webcam HD,59.99,4,239.96,109.2,130.76
2024-10-22,2024,Q4,South,Wireless Mouse,24.99,7,174.93,78.4,96.53
2024-10-23,2024,Q4,North,Mechanical Keyboard,89.99,3,269.97,127.5,142.47
2024-10-23,2024,Q4,North,USB-C Hub,34.5,7,241.5,110.6,130.9
2024-10-23,2024,Q4,South,Wireless Mouse,24.99,8,199.92,89.6,110.32
2024-10-23,2024,Q4,West,Laptop Sleeve,19.99,2,39.98,15.2,24.78
2024-10-23,2024,Q4,South,Ergonomic Chair Cushion,39.99,3,119.97,51.6,68.37
2024-10-24,2024,Q4,North,Mechanical Keyboard,89.99,1,89.99,42.5,47.49
2024-10-24,2024,Q4,South,Mechanical Keyboard,89.99,1,89.99,42.5,47.49
2024-10-24,2024,Q4,North,Desk Lamp,29.95,3,89.85,40.2,49.65
2024-10-24,2024,Q4,North,Bluetooth Speaker,74.99,3,224.97,99.3,125.67
2024-10-24,2024,Q4,North,USB-C Hub,34.5,4,138.0,63.2,74.8
2024-10-25,2024,Q4,East,Monitor Stand,45.0,6,270.0,119.4,150.6
2024-10-25,2024,Q4,North,Laptop Sleeve,19.99,6,119.94,45.6,74.34
2024-10-25,2024,Q4,West,Laptop Sleeve,19.99,5,99.95,38.0,61.95
2024-10-25,2024,Q4,West,Monitor Stand,45.0,8,360.0,159.2,200.8
2024-10-25,2024,Q4,North,USB-C Hub,34.5,3,103.5,47.4,56.1
2024-10-25,2024,Q4,South,USB-C Hub,34.5,6,207.0,94.8,112.2
2024-10-25,2024,Q4,North,Bluetooth Speaker,74.99,1,74.99,33.1,41.89
2024-10-26,2024,Q4,North,Bluetooth Speaker,74.99,8,599.92,264.8,335.12
2024-10-26,2024,Q4,North,Ergonomic Chair Cushion,39.99,6,239.94,103.2,136.74
2024-10-26,2024,Q4,West,Noise Cancelling Headphones,149.99,3,449.97,204.0,245.97
2024-10-26,2024,Q4,North,Noise Cancelling Headphones,149.99,3,449.97,204.0,245.97
2024-10-26,2024,Q4,West,USB-C Hub,34.5,7,241.5,110.6,130.9
2024-10-26,2024,Q4,South,Wireless Mouse,24.99,1,24.99,11.2,13.79
2024-10-27,2024,Q4,West,Monitor Stand,45.0,7,315.0,139.3,175.7
2024-10-27,2024,Q4,West,Desk Lamp,29.95,8,239.6,107.2,132.4
2024-10-27,2024,Q4,South,Desk Lamp,29.95,7,209.65,93.8,115.85
2024-10-27,2024,Q4,South,Webcam HD,59.99,4,239.96,109.2,130.76
2024-10-27,2024,Q4,North,Ergonomic Chair Cushion,39.99,6,239.94,103.2,136.74
2024-10-28,2024,Q4,East,Ergonomic Chair Cushion,39.99,6,239.94,103.2,136.74
2024-10-28,2024,Q4,South,Ergonomic Chair Cushion,39.99,8,319.92,137.6,182.32
2024-10-28,2024,Q4,East,Mechanical Keyboard,89.99,8,719.92,340.0,379.92
2024-10-28,2024,Q4,North,USB-C Hub,34.5,7,241.5,110.6,130.9
2024-10-28,2024,Q4,North,Ergonomic Chair Cushion,39.99,7,279.93,120.4,159.53
2024-10-29,2024,Q4,West,Wireless Mouse,24.99,2,49.98,22.4,27.58
2024-10-29,2024,Q4,South,Mechanical Keyboard,89.99,7,629.93,297.5,332.43
2024-10-29,2024,Q4,East,Mechanical Keyboard,89.99,7,629.93,297.5,332.43
2024-10-29,2024,Q4,West,Webcam HD,59.99,2,119.98,54.6,65.38
2024-10-29,2024,Q4,West,Desk Lamp,29.95,2,59.9,26.8,33.1
2024-10-30,2024,Q4,West,Webcam HD,59.99,4,239.96,109.2,130.76
2024-10-30,2024,Q4,North,Webcam HD,59.99,5,299.95,136.5,163.45
2024-10-30,2024,Q4,East,Monitor Stand,45.0,7,315.0,139.3,175.7
2024-10-31,2024,Q4,East,Bluetooth Speaker,74.99,6,449.94,198.6,251.34
2024-10-31,2024,Q4,West,Bluetooth Speaker,74.99,2,149.98,66.2,83.78
2024-10-31,2024,Q4,North,USB-C Hub,34.5,5,172.5,79.0,93.5
2024-10-31,2024,Q4,North,Ergonomic Chair Cushion,39.99,3,119.97,51.6,68.37
2024-10-31,2024,Q4,East,Laptop Sleeve,19.99,4,79.96,30.4,49.56
2024-10-31,2024,Q4,East,Noise Cancelling Headphones,149.99,1,149.99,68.0,81.99
2024-10-31,2024,Q4,West,Bluetooth Speaker,74.99,1,74.99,33.1,41.89
2024-11-01,2024,Q4,North,Monitor Stand,45.0,8,360.0,159.2,200.8
2024-11-01,2024,Q4,West,Mechanical Keyboard,89.99,5,449.95,212.5,237.45
2024-11-01,2024,Q4,East,Ergonomic Chair Cushion,39.99,3,119.97,51.6,68.37
2024-11-01,2024,Q4,South,Mechanical Keyboard,89.99,3,269.97,127.5,142.47
2024-11-02,2024,Q4,East,USB-C Hub,34.5,3,103.5,47.4,56.1
2024-11-02,2024,Q4,South,Bluetooth Speaker,74.99,4,299.96,132.4,167.56
2024-11-02,2024,Q4,East,Webcam HD,59.99,1,59.99,27.3,32.69
2024-11-02,2024,Q4,South,USB-C Hub,34.5,5,172.5,79.0,93.5
2024-11-02,2024,Q4,North,Laptop Sleeve,19.99,8,159.92,60.8,99.12
2024-11-02,2024,Q4,South,Mechanical Keyboard,89.99,7,629.93,297.5,332.43
2024-11-02,2024,Q4,West,Desk Lamp,29.95,1,29.95,13.4,16.55
2024-11-02,2024,Q4,West,Monitor Stand,45.0,8,360.0,159.2,200.8
2024-11-02,2024,Q4,West,Noise Cancelling Headphones,149.99,4,599.96,272.0,327.96
2024-11-03,2024,Q4,North,Noise Cancelling Headphones,149.99,6,899.94,408.0,491.94
2024-11-03,2024,Q4,West,USB-C Hub,34.5,3,103.5,47.4,56.1
2024-11-03,2024,Q4,West,Bluetooth Speaker,74.99,8,599.92,264.8,335.12
2024-11-03,2024,Q4,East,Ergonomic Chair Cushion,39.99,6,239.94,103.2,136.74
2024-11-03,2024,Q4,North,Noise Cancelling Headphones,149.99,8,1199.92,544.0,655.92
2024-11-03,2024,Q4,East,USB-C Hub,34.5,6,207.0,94.8,112.2
2024-11-04,2024,Q4,West,Mechanical Keyboard,89.99,3,269.97,127.5,142.47
2024-11-04,2024,Q4,West,Ergonomic Chair Cushion,39.99,5,199.95,86.0,113.95
2024-11-04,2024,Q4,East,Laptop Sleeve,19.99,3,59.97,22.8,37.17
2024-11-04,2024,Q4,East,Wireless Mouse,24.99,6,149.94,67.2,82.74
2024-11-04,2024,Q4,South,Bluetooth Speaker,74.99,2,149.98,66.2,83.78
2024-11-05,2024,Q4,East,Ergonomic Chair Cushion,39.99,6,239.94,103.2,136.74
2024-11-05,2024,Q4,West,Monitor Stand,45.0,3,135.0,59.7,75.3
2024-11-05,2024,Q4,East,Monitor Stand,45.0,4,180.0,79.6,100.4
2024-11-05,2024,Q4,East,Webcam HD,59.99,4,239.96,109.2,130.76
2024-11-05,2024,Q4,North,Laptop Sleeve,19.99,1,19.99,7.6,12.39
2024-11-05,2024,Q4,South,Noise Cancelling Headphones,149.99,2,299.98,136.0,163.98
2024-11-05,2024,Q4,South,Noise Cancelling Headphones,149.99,2,299.98,136.0,163.98
2024-11-06,2024,Q4,North,Webcam HD,59.99,2,119.98,54.6,65.38
2024-11-06,2024,Q4,South,Ergonomic Chair Cushion,39.99,1,39.99,17.2,22.79
2024-11-06,2024,Q4,East,Wireless Mouse,24.99,7,174.93,78.4,96.53
2024-11-06,2024,Q4,North,Webcam HD,59.99,6,359.94,163.8,196.14
2024-11-06,2024,Q4,North,Noise Cancelling Headphones,149.99,7,1049.93,476.0,573.93
2024-11-06,2024,Q4,East,Ergonomic Chair Cushion,39.99,3,119.97,51.6,68.37
2024-11-06,2024,Q4,North,Ergonomic Chair Cushion,39.99,4,159.96,68.8,91.16
2024-11-07,2024,Q4,North,Monitor Stand,45.0,2,90.0,39.8,50.2
2024-11-07,2024,Q4,East,Ergonomic Chair Cushion,39.99,6,239.94,103.2,136.74
2024-11-07,2024,Q4,West,Laptop Sleeve,19.99,1,19.99,7.6,12.39
2024-11-07,2024,Q4,North,Ergonomic Chair Cushion,39.99,7,279.93,120.4,159.53
2024-11-07,2024,Q4,North,Webcam HD,59.99,3,179.97,81.9,98.07
2024-11-08,2024,Q4,North,Wireless Mouse,24.99,1,24.99,11.2,13.79
2024-11-08,2024,Q4,West,Ergonomic Chair Cushion,39.99,7,279.93,120.4,159.53
2024-11-08,2024,Q4,South,Desk Lamp,29.95,6,179.7,80.4,99.3
2024-11-08,2024,Q4,South,Desk Lamp,29.95,6,179.7,80.4,99.3
2024-11-08,2024,Q4,East,Noise Cancelling Headphones,149.99,3,449.97,204.0,245.97
2024-11-08,2024,Q4,South,USB-C Hub,34.5,3,103.5,47.4,56.1
2024-11-08,2024,Q4,South,Mechanical Keyboard,89.99,2,179.98,85.0,94.98
2024-11-08,2024,Q4,South,Webcam HD,59.99,2,119.98,54.6,65.38
2024-11-09,2024,Q4,West,Bluetooth Speaker,74.99,1,74.99,33.1,41.89
2024-11-09,2024,Q4,North,Monitor Stand,45.0,7,315.0,139.3,175.7
2024-11-09,2024,Q4,South,Monitor Stand,45.0,1,45.0,19.9,25.1
2024-11-09,2024,Q4,South,Desk Lamp,29.95,4,119.8,53.6,66.2
2024-11-09,2024,Q4,North,Bluetooth Speaker,74.99,7,524.93,231.7,293.23
2024-11-09,2024,Q4,West,Desk Lamp,29.95,8,239.6,107.2,132.4
2024-11-09,2024,Q4,North,Monitor Stand,45.0,1,45.0,19.9,25.1
2024-11-09,2024,Q4,West,Noise Cancelling Headphones,149.99,4,599.96,272.0,327.96
2024-11-09,2024,Q4,North,Ergonomic Chair Cushion,39.99,3,119.97,51.6,68.37
2024-11-10,2024,Q4,East,Mechanical Keyboard,89.99,6,539.94,255.0,284.94
2024-11-10,2024,Q4,North,Desk Lamp,29.95,2,59.9,26.8,33.1
2024-11-10,2024,Q4,West,Webcam HD,59.99,2,119.98,54.6,65.38
2024-11-10,2024,Q4,West,Monitor Stand,45.0,3,135.0,59.7,75.3
2024-11-10,2024,Q4,South,Webcam HD,59.99,7,419.93,191.1,228.83
2024-11-11,2024,Q4,West,USB-C Hub,34.5,1,34.5,15.8,18.7
2024-11-11,2024,Q4,West,Mechanical Keyboard,89.99,3,269.97,127.5,142.47
2024-11-11,2024,Q4,North,Webcam HD,59.99,1,59.99,27.3,32.69
2024-11-11,2024,Q4,East,Wireless Mouse,24.99,2,49.98,22.4,27.58
2024-11-11,2024,Q4,South,Noise Cancelling Headphones,149.99,7,1049.93,476.0,573.93
2024-11-11,2024,Q4,South,Monitor Stand,45.0,4,180.0,79.6,100.4
2024-11-12,2024,Q4,West,Mechanical Keyboard,89.99,4,359.96,170.0,189.96
2024-11-12,2024,Q4,West,Wireless Mouse,24.99,4,99.96,44.8,55.16
2024-11-12,2024,Q4,West,Mechanical Keyboard,89.99,4,359.96,170.0,189.96
2024-11-12,2024,Q4,West,Mechanical Keyboard,89.99,5,449.95,212.5,237.45
2024-11-12,2024,Q4,East,Desk Lamp,29.95,4,119.8,53.6,66.2
2024-11-12,2024,Q4,East,Desk Lamp,29.95,4,119.8,53.6,66.2
2024-11-12,2024,Q4,North,Laptop Sleeve,19.99,7,139.93,53.2,86.73
2024-11-12,2024,Q4,West,Mechanical Keyboard,89.99,3,269.97,127.5,142.47
2024-11-13,2024,Q4,North,Noise Cancelling Headphones,149.99,4,599.96,272.0,327.96
2024-11-13,2024,Q4,East,Mechanical Keyboard,89.99,7,629.93,297.5,332.43
2024-11-13,2024,Q4,West,Webcam HD,59.99,4,239.96,109.2,130.76
2024-11-13,2024,Q4,North,Bluetooth Speaker,74.99,8,599.92,264.8,335.12
2024-11-14,2024,Q4,West,USB-C Hub,34.5,3,103.5,47.4,56.1
2024-11-14,2024,Q4,North,Bluetooth Speaker,74.99,7,524.93,231.7,293.23
2024-11-14,2024,Q4,South,Wireless Mouse,24.99,3,74.97,33.6,41.37
2024-11-14,2024,Q4,North,Mechanical Keyboard,89.99,2,179.98,85.0,94.98
2024-11-14,2024,Q4,East,Monitor Stand,45.0,1,45.0,19.9,25.1
2024-11-14,2024,Q4,South,Ergonomic Chair Cushion,39.99,5,199.95,86.0,113.95
2024-11-15,2024,Q4,East,Laptop Sleeve,19.99,5,99.95,38.0,61.95
2024-11-15,2024,Q4,South,Bluetooth Speaker,74.99,8,599.92,264.8,335.12
2024-11-15,2024,Q4,South,Wireless Mouse,24.99,3,74.97,33.6,41.37
2024-11-15,2024,Q4,North,Noise Cancelling Headphones,149.99,7,1049.93,476.0,573.93
2024-11-15,2024,Q4,South,USB-C Hub,34.5,5,172.5,79.0,93.5
2024-11-15,2024,Q4,North,Mechanical Keyboard,89.99,7,629.93,297.5,332.43
2024-11-16,2024,Q4,South,Wireless Mouse,24.99,3,74.97,33.6,41.37
2024-11-16,2024,Q4,North,Desk Lamp,29.95,2,59.9,26.8,33.1
2024-11-16,2024,Q4,East,Ergonomic Chair Cushion,39.99,6,239.94,103.2,136.74
2024-11-16,2024,Q4,West,Ergonomic Chair Cushion,39.99,4,159.96,68.8,91.16
2024-11-16,2024,Q4,East,Noise Cancelling Headphones,149.99,4,599.96,272.0,327.96
2024-11-16,2024,Q4,West,Desk Lamp,29.95,3,89.85,40.2,49.65
2024-11-17,2024,Q4,South,Ergonomic Chair Cushion,39.99,5,199.95,86.0,113.95
2024-11-17,2024,Q4,South,Noise Cancelling Headphones,149.99,1,149.99,68.0,81.99
2024-11-17,2024,Q4,West,Laptop Sleeve,19.99,3,59.97,22.8,37.17
2024-11-17,2024,Q4,North,Noise Cancelling Headphones,149.99,5,749.95,340.0,409.95
2024-11-17,2024,Q4,East,Mechanical Keyboard,89.99,8,719.92,340.0,379.92
2024-11-17,2024,Q4,East,Noise Cancelling Headphones,149.99,8,1199.92,544.0,655.92
2024-11-17,2024,Q4,South,Noise Cancelling Headphones,149.99,7,1049.93,476.0,573.93
2024-11-18,2024,Q4,East,Laptop Sleeve,19.99,1,19.99,7.6,12.39
2024-11-18,2024,Q4,East,Bluetooth Speaker,74.99,6,449.94,198.6,251.34
2024-11-18,2024,Q4,South,Bluetooth Speaker,74.99,6,449.94,198.6,251.34
2024-11-18,2024,Q4,East,Bluetooth Speaker,74.99,6,449.94,198.6,251.34
2024-11-18,2024,Q4,North,Desk Lamp,29.95,4,119.8,53.6,66.2
2024-11-18,2024,Q4,South,Laptop Sleeve,19.99,5,99.95,38.0,61.95
2024-11-18,2024,Q4,East,Wireless Mouse,24.99,5,124.95,56.0,68.95
2024-11-18,2024,Q4,North,Desk Lamp,29.95,6,179.7,80.4,99.3
2024-11-18,2024,Q4,West,Wireless Mouse,24.99,7,174.93,78.4,96.53
2024-11-19,2024,Q4,East,Monitor Stand,45.0,6,270.0,119.4,150.6
2024-11-19,2024,Q4,East,Bluetooth Speaker,74.99,2,149.98,66.2,83.78
2024-11-19,2024,Q4,South,Bluetooth Speaker,74.99,2,149.98,66.2,83.78
2024-11-19,2024,Q4,East,Monitor Stand,45.0,5,225.0,99.5,125.5
2024-11-19,2024,Q4,West,Wireless Mouse,24.99,3,74.97,33.6,41.37
2024-11-19,2024,Q4,East,Laptop Sleeve,19.99,8,159.92,60.8,99.12
2024-11-19,2024,Q4,East,Laptop Sleeve,19.99,3,59.97,22.8,37.17
2024-11-19,2024,Q4,East,USB-C Hub,34.5,3,103.5,47.4,56.1
2024-11-19,2024,Q4,South,Desk Lamp,29.95,5,149.75,67.0,82.75
2024-11-19,2024,Q4,North,Monitor Stand,45.0,6,270.0,119.4,150.6
2024-11-20,2024,Q4,North,Laptop Sleeve,19.99,7,139.93,53.2,86.73
2024-11-20,2024,Q4,South,USB-C Hub,34.5,6,207.0,94.8,112.2
2024-11-20,2024,Q4,North,Mechanical Keyboard,89.99,5,449.95,212.5,237.45
2024-11-20,2024,Q4,West,Noise Cancelling Headphones,149.99,7,1049.93,476.0,573.93
2024-11-21,2024,Q4,North,Laptop Sleeve,19.99,7,139.93,53.2,86.73
2024-11-21,2024,Q4,South,Laptop Sleeve,19.99,1,19.99,7.6,12.39
2024-11-21,2024,Q4,East,Mechanical Keyboard,89.99,6,539.94,255.0,284.94
2024-11-21,2024,Q4,East,USB-C Hub,34.5,1,34.5,15.8,18.7
2024-11-21,2024,Q4,South,Monitor Stand,45.0,1,45.0,19.9,25.1
2024-11-21,2024,Q4,South,Webcam HD,59.99,2,119.98,54.6,65.38
2024-11-21,2024,Q4,South,Monitor Stand,45.0,4,180.0,79.6,100.4
2024-11-21,2024,Q4,West,Ergonomic Chair Cushion,39.99,6,239.94,103.2,136.74
2024-11-21,2024,Q4,North,Wireless Mouse,24.99,6,149.94,67.2,82.74
2024-11-22,2024,Q4,North,Noise Cancelling Headphones,149.99,8,1199.92,544.0,655.92
2024-11-22,2024,Q4,North,Monitor Stand,45.0,4,180.0,79.6,100.4
2024-11-22,2024,Q4,West,Webcam HD,59.99,7,419.93,191.1,228.83
2024-11-22,2024,Q4,East,Wireless Mouse,24.99,4,99.96,44.8,55.16
2024-11-22,2024,Q4,North,Desk Lamp,29.95,7,209.65,93.8,115.85
2024-11-22,2024,Q4,South,Laptop Sleeve,19.99,4,79.96,30.4,49.56
2024-11-22,2024,Q4,East,Ergonomic Chair Cushion,39.99,4,159.96,68.8,91.16
2024-11-22,2024,Q4,West,Wireless Mouse,24.99,5,124.95,56.0,68.95
2024-11-22,2024,Q4,East,Bluetooth Speaker,74.99,8,599.92,264.8,335.12
2024-11-22,2024,Q4,West,Wireless Mouse,24.99,1,24.99,11.2,13.79
2024-11-23,2024,Q4,West,Monitor Stand,45.0,3,135.0,59.7,75.3
2024-11-23,2024,Q4,West,Noise Cancelling Headphones,149.99,7,1049.93,476.0,573.93
2024-11-23,2024,Q4,South,Mechanical Keyboard,89.99,5,449.95,212.5,237.45
2024-11-23,2024,Q4,West,Mechanical Keyboard,89.99,5,449.95,212.5,237.45
2024-11-23,2024,Q4,West,Monitor Stand,45.0,1,45.0,19.9,25.1
2024-11-23,2024,Q4,North,Mechanical Keyboard,89.99,2,179.98,85.0,94.98
2024-11-23,2024,Q4,South,Desk Lamp,29.95,1,29.95,13.4,16.55
2024-11-23,2024,Q4,West,Laptop Sleeve,19.99,8,159.92,60.8,99.12
2024-11-23,2024,Q4,East,Desk Lamp,29.95,6,179.7,80.4,99.3
2024-11-23,2024,Q4,South,Mechanical Keyboard,89.99,8,719.92,340.0,379.92
2024-11-24,2024,Q4,East,Noise Cancelling Headphones,149.99,4,599.96,272.0,327.96
2024-11-24,2024,Q4,South,Laptop Sleeve,19.99,6,119.94,45.6,74.34
2024-11-24,2024,Q4,East,Ergonomic Chair Cushion,39.99,5,199.95,86.0,113.95
2024-11-24,2024,Q4,East,Mechanical Keyboard,89.99,6,539.94,255.0,284.94
2024-11-24,2024,Q4,North,Desk Lamp,29.95,6,179.7,80.4,99.3
2024-11-25,2024,Q4,North,Desk Lamp,29.95,3,89.85,40.2,49.65
2024-11-25,2024,Q4,West,Wireless Mouse,24.99,6,149.94,67.2,82.74
2024-11-25,2024,Q4,South,Laptop Sleeve,19.99,1,19.99,7.6,12.39
2024-11-25,2024,Q4,South,Monitor Stand,45.0,8,360.0,159.2,200.8
2024-11-25,2024,Q4,East,Laptop Sleeve,19.99,5,99.95,38.0,61.95
2024-11-25,2024,Q4,South,USB-C Hub,34.5,8,276.0,126.4,149.6
2024-11-26,2024,Q4,North,Wireless Mouse,24.99,7,174.93,78.4,96.53
2024-11-26,2024,Q4,South,Desk Lamp,29.95,7,209.65,93.8,115.85
2024-11-26,2024,Q4,North,Bluetooth Speaker,74.99,8,599.92,264.8,335.12
2024-11-26,2024,Q4,South,Noise Cancelling Headphones,149.99,3,449.97,204.0,245.97
2024-11-26,2024,Q4,North,USB-C Hub,34.5,3,103.5,47.4,56.1
2024-11-26,2024,Q4,East,Noise Cancelling Headphones,149.99,3,449.97,204.0,245.97
2024-11-27,2024,Q4,South,Noise Cancelling Headphones,149.99,6,899.94,408.0,491.94
2024-11-27,2024,Q4,East,Noise Cancelling Headphones,149.99,3,449.97,204.0,245.97
2024-11-27,2024,Q4,West,Ergonomic Chair Cushion,39.99,2,79.98,34.4,45.58
2024-11-27,2024,Q4,South,Webcam HD,59.99,5,299.95,136.5,163.45
2024-11-27,2024,Q4,East,Monitor Stand,45.0,4,180.0,79.6,100.4
2024-11-27,2024,Q4,West,Desk Lamp,29.95,3,89.85,40.2,49.65
2024-11-27,2024,Q4,East,Bluetooth Speaker,74.99,8,599.92,264.8,335.12
2024-11-27,2024,Q4,South,Wireless Mouse,24.99,2,49.98,22.4,27.58
2024-11-27,2024,Q4,North,Ergonomic Chair Cushion,39.99,1,39.99,17.2,22.79
2024-11-27,2024,Q4,South,Webcam HD,59.99,2,119.98,54.6,65.38
2024-11-27,2024,Q4,South,Noise Cancelling Headphones,149.99,1,149.99,68.0,81.99
2024-11-28,2024,Q4,South,Bluetooth Speaker,74.99,2,149.98,66.2,83.78
2024-11-28,2024,Q4,West,Noise Cancelling Headphones,149.99,4,599.96,272.0,327.96
2024-11-28,2024,Q4,South,Monitor Stand,45.0,6,270.0,119.4,150.6
2024-11-28,2024,Q4,East,Ergonomic Chair Cushion,39.99,1,39.99,17.2,22.79
2024-11-28,2024,Q4,South,Desk Lamp,29.95,6,179.7,80.4,99.3
2024-11-28,2024,Q4,North,Mechanical Keyboard,89.99,1,89.99,42.5,47.49
2024-11-29,2024,Q4,North,Wireless Mouse,24.99,3,74.97,33.6,41.37
2024-11-29,2024,Q4,East,Webcam HD,59.99,5,299.95,136.5,163.45
2024-11-29,2024,Q4,North,Monitor Stand,45.0,8,360.0,159.2,200.8
2024-11-29,2024,Q4,East,Noise Cancelling Headphones,149.99,1,149.99,68.0,81.99
2024-11-29,2024,Q4,North,Webcam HD,59.99,4,239.96,109.2,130.76
2024-11-29,2024,Q4,East,Mechanical Keyboard,89.99,8,719.92,340.0,379.92
2024-11-29,2024,Q4,South,Laptop Sleeve,19.99,8,159.92,60.8,99.12
2024-11-29,2024,Q4,West,Bluetooth Speaker,74.99,4,299.96,132.4,167.56
2024-11-29,2024,Q4,South,Webcam HD,59.99,5,299.95,136.5,163.45
2024-11-29,2024,Q4,South,USB-C Hub,34.5,5,172.5,79.0,93.5
2024-11-30,2024,Q4,South,Mechanical Keyboard,89.99,4,359.96,170.0,189.96
2024-11-30,2024,Q4,West,Desk Lamp,29.95,8,239.6,107.2,132.4
2024-11-30,2024,Q4,East,Noise Cancelling Headphones,149.99,8,1199.92,544.0,655.92
2024-11-30,2024,Q4,North,Ergonomic Chair Cushion,39.99,6,239.94,103.2,136.74
2024-11-30,2024,Q4,West,Monitor Stand,45.0,3,135.0,59.7,75.3
2024-11-30,2024,Q4,East,Bluetooth Speaker,74.99,7,524.93,231.7,293.23
2024-11-30,2024,Q4,South,Noise Cancelling Headphones,149.99,3,449.97,204.0,245.97
2024-12-01,2024,Q4,West,Noise Cancelling Headphones,149.99,4,599.96,272.0,327.96
2024-12-01,2024,Q4,South,Monitor Stand,45.0,6,270.0,119.4,150.6
2024-12-01,2024,Q4,North,Webcam HD,59.99,5,299.95,136.5,163.45
2024-12-01,2024,Q4,East,Mechanical Keyboard,89.99,8,719.92,340.0,379.92
2024-12-01,2024,Q4,East,Laptop Sleeve,19.99,4,79.96,30.4,49.56
2024-12-01,2024,Q4,East,Laptop Sleeve,19.99,1,19.99,7.6,12.39
2024-12-01,2024,Q4,East,Webcam HD,59.99,3,179.97,81.9,98.07
2024-12-02,2024,Q4,South,USB-C Hub,34.5,5,172.5,79.0,93.5
2024-12-02,2024,Q4,North,Laptop Sleeve,19.99,8,159.92,60.8,99.12
2024-12-02,2024,Q4,West,Laptop Sleeve,19.99,4,79.96,30.4,49.56
2024-12-02,2024,Q4,North,USB-C Hub,34.5,7,241.5,110.6,130.9
2024-12-02,2024,Q4,South,Noise Cancelling Headphones,149.99,3,449.97,204.0,245.97
2024-12-02,2024,Q4,East,Monitor Stand,45.0,7,315.0,139.3,175.7
2024-12-02,2024,Q4,West,Webcam HD,59.99,3,179.97,81.9,98.07
2024-12-02,2024,Q4,North,USB-C Hub,34.5,4,138.0,63.2,74.8
2024-12-02,2024,Q4,South,Bluetooth Speaker,74.99,4,299.96,132.4,167.56
2024-12-02,2024,Q4,West,Noise Cancelling Headphones,149.99,8,1199.92,544.0,655.92
2024-12-03,2024,Q4,South,Bluetooth Speaker,74.99,1,74.99,33.1,41.89
2024-12-03,2024,Q4,North,Noise Cancelling Headphones,149.99,7,1049.93,476.0,573.93
2024-12-03,2024,Q4,South,Webcam HD,59.99,4,239.96,109.2,130.76
2024-12-03,2024,Q4,South,Desk Lamp,29.95,6,179.7,80.4,99.3
2024-12-04,2024,Q4,North,USB-C Hub,34.5,5,172.5,79.0,93.5
2024-12-04,2024,Q4,South,Webcam HD,59.99,2,119.98,54.6,65.38
2024-12-04,2024,Q4,North,Ergonomic Chair Cushion,39.99,1,39.99,17.2,22.79
2024-12-04,2024,Q4,South,Monitor Stand,45.0,4,180.0,79.6,100.4
2024-12-04,2024,Q4,North,Webcam HD,59.99,5,299.95,136.5,163.45
2024-12-05,2024,Q4,West,USB-C Hub,34.5,5,172.5,79.0,93.5
2024-12-05,2024,Q4,North,Webcam HD,59.99,8,479.92,218.4,261.52
2024-12-05,2024,Q4,South,Desk Lamp,29.95,4,119.8,53.6,66.2
2024-12-05,2024,Q4,West,Mechanical Keyboard,89.99,4,359.96,170.0,189.96
2024-12-05,2024,Q4,North,Mechanical Keyboard,89.99,6,539.94,255.0,284.94
2024-12-06,2024,Q4,West,Bluetooth Speaker,74.99,1,74.99,33.1,41.89
2024-12-06,2024,Q4,South,Monitor Stand,45.0,6,270.0,119.4,150.6
2024-12-06,2024,Q4,North,Desk Lamp,29.95,7,209.65,93.8,115.85
2024-12-06,2024,Q4,West,Noise Cancelling Headphones,149.99,7,1049.93,476.0,573.93
2024-12-06,2024,Q4,South,Webcam HD,59.99,7,419.93,191.1,228.83
2024-12-06,2024,Q4,North,Ergonomic Chair Cushion,39.99,8,319.92,137.6,182.32
2024-12-06,2024,Q4,West,Ergonomic Chair Cushion,39.99,8,319.92,137.6,182.32
2024-12-06,2024,Q4,East,USB-C Hub,34.5,7,241.5,110.6,130.9
2024-12-06,2024,Q4,West,Monitor Stand,45.0,1,45.0,19.9,25.1
2024-12-07,2024,Q4,West,Ergonomic Chair Cushion,39.99,4,159.96,68.8,91.16
2024-12-07,2024,Q4,North,Mechanical Keyboard,89.99,6,539.94,255.0,284.94
2024-12-07,2024,Q4,West,Wireless Mouse,24.99,1,24.99,11.2,13.79
2024-12-07,2024,Q4,East,Bluetooth Speaker,74.99,3,224.97,99.3,125.67
2024-12-07,2024,Q4,South,Bluetooth Speaker,74.99,3,224.97,99.3,125.67
2024-12-07,2024,Q4,East,Laptop Sleeve,19.99,4,79.96,30.4,49.56
2024-12-07,2024,Q4,South,Laptop Sleeve,19.99,1,19.99,7.6,12.39
2024-12-07,2024,Q4,East,Wireless Mouse,24.99,7,174.93,78.4,96.53
2024-12-08,2024,Q4,East,Noise Cancelling Headphones,149.99,4,599.96,272.0,327.96
2024-12-08,2024,Q4,East,Mechanical Keyboard,89.99,3,269.97,127.5,142.47
2024-12-08,2024,Q4,North,Mechanical Keyboard,89.99,5,449.95,212.5,237.45
2024-12-08,2024,Q4,North,Webcam HD,59.99,5,299.95,136.5,163.45
2024-12-08,2024,Q4,South,Mechanical Keyboard,89.99,2,179.98,85.0,94.98
2024-12-08,2024,Q4,North,Webcam HD,59.99,1,59.99,27.3,32.69
2024-12-08,2024,Q4,East,USB-C Hub,34.5,7,241.5,110.6,130.9
2024-12-08,2024,Q4,West,Mechanical Keyboard,89.99,2,179.98,85.0,94.98
2024-12-08,2024,Q4,West,Webcam HD,59.99,8,479.92,218.4,261.52
2024-12-09,2024,Q4,North,Laptop Sleeve,19.99,4,79.96,30.4,49.56
2024-12-09,2024,Q4,West,Monitor Stand,45.0,6,270.0,119.4,150.6
2024-12-09,2024,Q4,West,Laptop Sleeve,19.99,7,139.93,53.2,86.73
2024-12-09,2024,Q4,East,Mechanical Keyboard,89.99,1,89.99,42.5,47.49
2024-12-09,2024,Q4,West,Webcam HD,59.99,4,239.96,109.2,130.76
2024-12-09,2024,Q4,South,Bluetooth Speaker,74.99,7,524.93,231.7,293.23
2024-12-09,2024,Q4,East,Desk Lamp,29.95,3,89.85,40.2,49.65
2024-12-09,2024,Q4,South,Laptop Sleeve,19.99,3,59.97,22.8,37.17
2024-12-10,2024,Q4,North,Noise Cancelling Headphones,149.99,1,149.99,68.0,81.99
2024-12-10,2024,Q4,West,Mechanical Keyboard,89.99,1,89.99,42.5,47.49
2024-12-10,2024,Q4,West,Webcam HD,59.99,8,479.92,218.4,261.52
2024-12-10,2024,Q4,North,Mechanical Keyboard,89.99,2,179.98,85.0,94.98
2024-12-10,2024,Q4,West,Webcam HD,59.99,1,59.99,27.3,32.69
2024-12-10,2024,Q4,West,Desk Lamp,29.95,3,89.85,40.2,49.65
2024-12-11,2024,Q4,North,Wireless Mouse,24.99,3,74.97,33.6,41.37
2024-12-11,2024,Q4,South,Mechanical Keyboard,89.99,2,179.98,85.0,94.98
2024-12-11,2024,Q4,South,Ergonomic Chair Cushion,39.99,2,79.98,34.4,45.58
2024-12-11,2024,Q4,South,Webcam HD,59.99,7,419.93,191.1,228.83
2024-12-11,2024,Q4,West,Webcam HD,59.99,4,239.96,109.2,130.76
2024-12-11,2024,Q4,East,Wireless Mouse,24.99,2,49.98,22.4,27.58
2024-12-11,2024,Q4,West,Webcam HD,59.99,1,59.99,27.3,32.69
2024-12-12,2024,Q4,West,Mechanical Keyboard,89.99,4,359.96,170.0,189.96
2024-12-12,2024,Q4,East,Bluetooth Speaker,74.99,5,374.95,165.5,209.45
2024-12-12,2024,Q4,South,Ergonomic Chair Cushion,39.99,7,279.93,120.4,159.53
2024-12-12,2024,Q4,North,Webcam HD,59.99,8,479.92,218.4,261.52
2024-12-13,2024,Q4,East,Noise Cancelling Headphones,149.99,5,749.95,340.0,409.95
2024-12-13,2024,Q4,North,Mechanical Keyboard,89.99,8,719.92,340.0,379.92
2024-12-13,2024,Q4,East,Monitor Stand,45.0,6,270.0,119.4,150.6
2024-12-13,2024,Q4,North,Desk Lamp,29.95,5,149.75,67.0,82.75
2024-12-13,2024,Q4,East,Desk Lamp,29.95,4,119.8,53.6,66.2
2024-12-13,2024,Q4,West,Noise Cancelling Headphones,149.99,5,749.95,340.0,409.95
2024-12-13,2024,Q4,South,Laptop Sleeve,19.99,8,159.92,60.8,99.12
2024-12-13,2024,Q4,East,Ergonomic Chair Cushion,39.99,4,159.96,68.8,91.16
2024-12-13,2024,Q4,South,Noise Cancelling Headphones,149.99,3,449.97,204.0,245.97
2024-12-14,2024,Q4,North,Webcam HD,59.99,3,179.97,81.9,98.07
2024-12-14,2024,Q4,East,Webcam HD,59.99,4,239.96,109.2,130.76
2024-12-14,2024,Q4,West,Bluetooth Speaker,74.99,3,224.97,99.3,125.67
2024-12-14,2024,Q4,North,Webcam HD,59.99,2,119.98,54.6,65.38
2024-12-14,2024,Q4,South,Bluetooth Speaker,74.99,7,524.93,231.7,293.23
2024-12-14,2024,Q4,North,Monitor Stand,45.0,7,315.0,139.3,175.7
2024-12-14,2024,Q4,West,Laptop Sleeve,19.99,4,79.96,30.4,49.56
2024-12-14,2024,Q4,East,Noise Cancelling Headphones,149.99,5,749.95,340.0,409.95
2024-12-15,2024,Q4,West,Noise Cancelling Headphones,149.99,7,1049.93,476.0,573.93
2024-12-15,2024,Q4,South,Laptop Sleeve,19.99,3,59.97,22.8,37.17
2024-12-15,2024,Q4,East,Noise Cancelling Headphones,149.99,8,1199.92,544.0,655.92
2024-12-15,2024,Q4,North,Mechanical Keyboard,89.99,4,359.96,170.0,189.96
2024-12-15,2024,Q4,North,Noise Cancelling Headphones,149.99,3,449.97,204.0,245.97
2024-12-15,2024,Q4,East,Webcam HD,59.99,8,479.92,218.4,261.52
2024-12-15,2024,Q4,West,Desk Lamp,29.95,5,149.75,67.0,82.75
2024-12-15,2024,Q4,East,USB-C Hub,34.5,3,103.5,47.4,56.1
2024-12-15,2024,Q4,South,Mechanical Keyboard,89.99,3,269.97,127.5,142.47
2024-12-16,2024,Q4,South,Bluetooth Speaker,74.99,6,449.94,198.6,251.34
2024-12-16,2024,Q4,North,Noise Cancelling Headphones,149.99,3,449.97,204.0,245.97
2024-12-16,2024,Q4,South,Noise Cancelling Headphones,149.99,4,599.96,272.0,327.96
2024-12-16,2024,Q4,East,Webcam HD,59.99,5,299.95,136.5,163.45
2024-12-16,2024,Q4,North,Webcam HD,59.99,4,239.96,109.2,130.76
2024-12-16,2024,Q4,West,Wireless Mouse,24.99,7,174.93,78.4,96.53
2024-12-16,2024,Q4,South,Laptop Sleeve,19.99,8,159.92,60.8,99.12
2024-12-16,2024,Q4,North,Bluetooth Speaker,74.99,7,524.93,231.7,293.23
2024-12-16,2024,Q4,North,Mechanical Keyboard,89.99,4,359.96,170.0,189.96
2024-12-16,2024,Q4,West,Webcam HD,59.99,4,239.96,109.2,130.76
2024-12-17,2024,Q4,North,Bluetooth Speaker,74.99,7,524.93,231.7,293.23
2024-12-17,2024,Q4,North,Monitor Stand,45.0,8,360.0,159.2,200.8
2024-12-17,2024,Q4,East,Monitor Stand,45.0,1,45.0,19.9,25.1
2024-12-17,2024,Q4,East,Ergonomic Chair Cushion,39.99,1,39.99,17.2,22.79
2024-12-17,2024,Q4,North,Ergonomic Chair Cushion,39.99,1,39.99,17.2,22.79
2024-12-17,2024,Q4,West,Noise Cancelling Headphones,149.99,3,449.97,204.0,245.97
2024-12-18,2024,Q4,West,Webcam HD,59.99,6,359.94,163.8,196.14
2024-12-18,2024,Q4,West,USB-C Hub,34.5,4,138.0,63.2,74.8
2024-12-18,2024,Q4,North,Ergonomic Chair Cushion,39.99,6,239.94,103.2,136.74
2024-12-18,2024,Q4,West,Monitor Stand,45.0,5,225.0,99.5,125.5
2024-12-18,2024,Q4,East,Wireless Mouse,24.99,6,149.94,67.2,82.74
2024-12-18,2024,Q4,North,Wireless Mouse,24.99,6,149.94,67.2,82.74
2024-12-18,2024,Q4,East,Webcam HD,59.99,5,299.95,136.5,163.45
2024-12-19,2024,Q4,West,Bluetooth Speaker,74.99,8,599.92,264.8,335.12
2024-12-19,2024,Q4,West,Ergonomic Chair Cushion,39.99,6,239.94,103.2,136.74
2024-12-19,2024,Q4,North,Ergonomic Chair Cushion,39.99,3,119.97,51.6,68.37
2024-12-19,2024,Q4,North,Monitor Stand,45.0,3,135.0,59.7,75.3
2024-12-19,2024,Q4,South,USB-C Hub,34.5,4,138.0,63.2,74.8
2024-12-19,2024,Q4,West,Desk Lamp,29.95,4,119.8,53.6,66.2
2024-12-19,2024,Q4,East,Bluetooth Speaker,74.99,8,599.92,264.8,335.12
2024-12-19,2024,Q4,North,USB-C Hub,34.5,1,34.5,15.8,18.7
2024-12-19,2024,Q4,South,Bluetooth Speaker,74.99,2,149.98,66.2,83.78
2024-12-20,2024,Q4,North,Wireless Mouse,24.99,8,199.92,89.6,110.32
2024-12-20,2024,Q4,West,Noise Cancelling Headphones,149.99,2,299.98,136.0,163.98
2024-12-20,2024,Q4,West,Monitor Stand,45.0,3,135.0,59.7,75.3
2024-12-20,2024,Q4,North,Ergonomic Chair Cushion,39.99,7,279.93,120.4,159.53
2024-12-20,2024,Q4,South,Desk Lamp,29.95,5,149.75,67.0,82.75
2024-12-21,2024,Q4,West,Laptop Sleeve,19.99,1,19.99,7.6,12.39
2024-12-21,2024,Q4,North,Desk Lamp,29.95,1,29.95,13.4,16.55
2024-12-21,2024,Q4,West,Monitor Stand,45.0,4,180.0,79.6,100.4
2024-12-21,2024,Q4,East,Wireless Mouse,24.99,1,24.99,11.2,13.79
2024-12-21,2024,Q4,North,Wireless Mouse,24.99,7,174.93,78.4,96.53
2024-12-21,2024,Q4,West,Bluetooth Speaker,74.99,6,449.94,198.6,251.34
2024-12-21,2024,Q4,North,Ergonomic Chair Cushion,39.99,7,279.93,120.4,159.53
2024-12-21,2024,Q4,East,Wireless Mouse,24.99,7,174.93,78.4,96.53
2024-12-21,2024,Q4,East,Laptop Sleeve,19.99,2,39.98,15.2,24.78
2024-12-21,2024,Q4,West,Noise Cancelling Headphones,149.99,7,1049.93,476.0,573.93
2024-12-22,2024,Q4,North,Laptop Sleeve,19.99,2,39.98,15.2,24.78
2024-12-22,2024,Q4,West,Laptop Sleeve,19.99,1,19.99,7.6,12.39
2024-12-22,2024,Q4,North,Ergonomic Chair Cushion,39.99,8,319.92,137.6,182.32
2024-12-22,2024,Q4,East,Wireless Mouse,24.99,7,174.93,78.4,96.53
2024-12-22,2024,Q4,East,Wireless Mouse,24.99,8,199.92,89.6,110.32
2024-12-23,2024,Q4,West,Laptop Sleeve,19.99,2,39.98,15.2,24.78
2024-12-23,2024,Q4,East,Ergonomic Chair Cushion,39.99,1,39.99,17.2,22.79
2024-12-23,2024,Q4,East,Webcam HD,59.99,4,239.96,109.2,130.76
2024-12-23,2024,Q4,West,Ergonomic Chair Cushion,39.99,1,39.99,17.2,22.79
2024-12-23,2024,Q4,West,Bluetooth Speaker,74.99,3,224.97,99.3,125.67
2024-12-23,2024,Q4,West,Webcam HD,59.99,1,59.99,27.3,32.69
2024-12-24,2024,Q4,North,USB-C Hub,34.5,6,207.0,94.8,112.2
2024-12-24,2024,Q4,North,Monitor Stand,45.0,1,45.0,19.9,25.1
2024-12-24,2024,Q4,South,Webcam HD,59.99,4,239.96,109.2,130.76
2024-12-24,2024,Q4,West,Monitor Stand,45.0,6,270.0,119.4,150.6
2024-12-24,2024,Q4,South,Mechanical Keyboard,89.99,4,359.96,170.0,189.96
2024-12-24,2024,Q4,West,Noise Cancelling Headphones,149.99,7,1049.93,476.0,573.93
2024-12-24,2024,Q4,East,USB-C Hub,34.5,8,276.0,126.4,149.6
2024-12-24,2024,Q4,South,Noise Cancelling Headphones,149.99,5,749.95,340.0,409.95
2024-12-24,2024,Q4,East,Wireless Mouse,24.99,5,124.95,56.0,68.95
2024-12-24,2024,Q4,West,Wireless Mouse,24.99,2,49.98,22.4,27.58
2024-12-25,2024,Q4,West,Noise Cancelling Headphones,149.99,2,299.98,136.0,163.98
2024-12-25,2024,Q4,East,Desk Lamp,29.95,2,59.9,26.8,33.1
2024-12-25,2024,Q4,South,Laptop Sleeve,19.99,3,59.97,22.8,37.17
2024-12-25,2024,Q4,East,Noise Cancelling Headphones,149.99,1,149.99,68.0,81.99
2024-12-25,2024,Q4,North,Bluetooth Speaker,74.99,3,224.97,99.3,125.67
2024-12-26,2024,Q4,South,USB-C Hub,34.5,5,172.5,79.0,93.5
2024-12-26,2024,Q4,South,Wireless Mouse,24.99,1,24.99,11.2,13.79
2024-12-26,2024,Q4,East,Mechanical Keyboard,89.99,3,269.97,127.5,142.47
2024-12-26,2024,Q4,West,Noise Cancelling Headphones,149.99,6,899.94,408.0,491.94
2024-12-26,2024,Q4,South,USB-C Hub,34.5,6,207.0,94.8,112.2
2024-12-26,2024,Q4,West,USB-C Hub,34.5,8,276.0,126.4,149.6
2024-12-26,2024,Q4,East,Webcam HD,59.99,3,179.97,81.9,98.07
2024-12-27,2024,Q4,East,USB-C Hub,34.5,4,138.0,63.2,74.8
2024-12-27,2024,Q4,North,Mechanical Keyboard,89.99,4,359.96,170.0,189.96
2024-12-27,2024,Q4,East,Wireless Mouse,24.99,5,124.95,56.0,68.95
2024-12-27,2024,Q4,East,Mechanical Keyboard,89.99,5,449.95,212.5,237.45
2024-12-27,2024,Q4,West,Noise Cancelling Headphones,149.99,3,449.97,204.0,245.97
2024-12-27,2024,Q4,West,Mechanical Keyboard,89.99,2,179.98,85.0,94.98
2024-12-27,2024,Q4,East,Laptop Sleeve,19.99,3,59.97,22.8,37.17
2024-12-28,2024,Q4,North,Wireless Mouse,24.99,2,49.98,22.4,27.58
2024-12-28,2024,Q4,West,Mechanical Keyboard,89.99,3,269.97,127.5,142.47
2024-12-28,2024,Q4,South,Bluetooth Speaker,74.99,1,74.99,33.1,41.89
2024-12-28,2024,Q4,West,Bluetooth Speaker,74.99,2,149.98,66.2,83.78
2024-12-28,2024,Q4,North,Laptop Sleeve,19.99,6,119.94,45.6,74.34
2024-12-29,2024,Q4,West,Desk Lamp,29.95,8,239.6,107.2,132.4
2024-12-29,2024,Q4,East,USB-C Hub,34.5,7,241.5,110.6,130.9
2024-12-29,2024,Q4,North,Webcam HD,59.99,7,419.93,191.1,228.83
2024-12-29,2024,Q4,East,Webcam HD,59.99,2,119.98,54.6,65.38
2024-12-29,2024,Q4,South,Laptop Sleeve,19.99,6,119.94,45.6,74.34
2024-12-30,2024,Q4,South,Bluetooth Speaker,74.99,5,374.95,165.5,209.45
2024-12-30,2024,Q4,West,Ergonomic Chair Cushion,39.99,2,79.98,34.4,45.58
2024-12-30,2024,Q4,North,Bluetooth Speaker,74.99,2,149.98,66.2,83.78
2024-12-30,2024,Q4,West,Laptop Sleeve,19.99,5,99.95,38.0,61.95
2024-12-30,2024,Q4,West,Webcam HD,59.99,7,419.93,191.1,228.83
2024-12-30,2024,Q4,North,Monitor Stand,45.0,3,135.0,59.7,75.3
2024-12-30,2024,Q4,West,Monitor Stand,45.0,1,45.0,19.9,25.1
2024-12-30,2024,Q4,West,Laptop Sleeve,19.99,6,119.94,45.6,74.34
2025-01-01,2025,Q1,North,Noise Cancelling Headphones,149.99,2,299.98,136.0,163.98
2025-01-01,2025,Q1,West,USB-C Hub,34.5,5,172.5,79.0,93.5
2025-01-01,2025,Q1,West,Noise Cancelling Headphones,149.99,3,449.97,204.0,245.97
2025-01-01,2025,Q1,East,Desk Lamp,29.95,8,239.6,107.2,132.4
2025-01-01,2025,Q1,West,Webcam HD,59.99,8,479.92,218.4,261.52
2025-01-01,2025,Q1,South,USB-C Hub,34.5,5,172.5,79.0,93.5
2025-01-02,2025,Q1,North,Laptop Sleeve,19.99,1,19.99,7.6,12.39
2025-01-02,2025,Q1,East,Noise Cancelling Headphones,149.99,8,1199.92,544.0,655.92
2025-01-02,2025,Q1,East,Monitor Stand,45.0,7,315.0,139.3,175.7
2025-01-02,2025,Q1,North,Bluetooth Speaker,74.99,7,524.93,231.7,293.23
2025-01-02,2025,Q1,South,Mechanical Keyboard,89.99,2,179.98,85.0,94.98
2025-01-02,2025,Q1,South,Webcam HD,59.99,7,419.93,191.1,228.83
2025-01-02,2025,Q1,South,Laptop Sleeve,19.99,6,119.94,45.6,74.34
2025-01-02,2025,Q1,West,Laptop Sleeve,19.99,6,119.94,45.6,74.34
2025-01-03,2025,Q1,North,Monitor Stand,45.0,2,90.0,39.8,50.2
2025-01-03,2025,Q1,East,Noise Cancelling Headphones,149.99,2,299.98,136.0,163.98
2025-01-03,2025,Q1,West,Laptop Sleeve,19.99,6,119.94,45.6,74.34
2025-01-03,2025,Q1,West,USB-C Hub,34.5,4,138.0,63.2,74.8
2025-01-03,2025,Q1,West,Desk Lamp,29.95,5,149.75,67.0,82.75
2025-01-03,2025,Q1,West,Desk Lamp,29.95,8,239.6,107.2,132.4
2025-01-04,2025,Q1,West,Wireless Mouse,24.99,8,199.92,89.6,110.32
2025-01-04,2025,Q1,South,Wireless Mouse,24.99,3,74.97,33.6,41.37
2025-01-04,2025,Q1,North,Desk Lamp,29.95,5,149.75,67.0,82.75
2025-01-04,2025,Q1,North,Monitor Stand,45.0,4,180.0,79.6,100.4
2025-01-04,2025,Q1,West,Webcam HD,59.99,8,479.92,218.4,261.52
2025-01-04,2025,Q1,West,Noise Cancelling Headphones,149.99,2,299.98,136.0,163.98
2025-01-04,2025,Q1,North,Mechanical Keyboard,89.99,3,269.97,127.5,142.47
2025-01-04,2025,Q1,South,Mechanical Keyboard,89.99,7,629.93,297.5,332.43
2025-01-05,2025,Q1,East,Desk Lamp,29.95,2,59.9,26.8,33.1
2025-01-05,2025,Q1,South,Noise Cancelling Headphones,149.99,6,899.94,408.0,491.94
2025-01-05,2025,Q1,West,Monitor Stand,45.0,2,90.0,39.8,50.2
2025-01-05,2025,Q1,North,Mechanical Keyboard,89.99,8,719.92,340.0,379.92
2025-01-06,2025,Q1,North,Laptop Sleeve,19.99,5,99.95,38.0,61.95
2025-01-06,2025,Q1,East,Bluetooth Speaker,74.99,4,299.96,132.4,167.56
2025-01-06,2025,Q1,East,USB-C Hub,34.5,8,276.0,126.4,149.6
2025-01-06,2025,Q1,South,USB-C Hub,34.5,8,276.0,126.4,149.6
2025-01-06,2025,Q1,East,USB-C Hub,34.5,7,241.5,110.6,130.9
2025-01-07,2025,Q1,North,Monitor Stand,45.0,5,225.0,99.5,125.5
2025-01-07,2025,Q1,East,Webcam HD,59.99,4,239.96,109.2,130.76
2025-01-07,2025,Q1,North,Noise Cancelling Headphones,149.99,6,899.94,408.0,491.94
2025-01-07,2025,Q1,West,Monitor Stand,45.0,6,270.0,119.4,150.6
2025-01-07,2025,Q1,North,Wireless Mouse,24.99,8,199.92,89.6,110.32
2025-01-07,2025,Q1,West,Desk Lamp,29.95,5,149.75,67.0,82.75
2025-01-07,2025,Q1,West,Monitor Stand,45.0,4,180.0,79.6,100.4
2025-01-08,2025,Q1,South,Desk Lamp,29.95,8,239.6,107.2,132.4
2025-01-08,2025,Q1,East,Laptop Sleeve,19.99,2,39.98,15.2,24.78
2025-01-08,2025,Q1,North,Ergonomic Chair Cushion,39.99,1,39.99,17.2,22.79
2025-01-08,2025,Q1,West,Desk Lamp,29.95,8,239.6,107.2,132.4
2025-01-08,2025,Q1,South,Laptop Sleeve,19.99,4,79.96,30.4,49.56
2025-01-09,2025,Q1,North,Bluetooth Speaker,74.99,4,299.96,132.4,167.56
2025-01-09,2025,Q1,East,Bluetooth Speaker,74.99,1,74.99,33.1,41.89
2025-01-09,2025,Q1,East,Webcam HD,59.99,3,179.97,81.9,98.07
2025-01-09,2025,Q1,West,Ergonomic Chair Cushion,39.99,4,159.96,68.8,91.16
2025-01-09,2025,Q1,East,Noise Cancelling Headphones,149.99,8,1199.92,544.0,655.92
2025-01-09,2025,Q1,South,Monitor Stand,45.0,5,225.0,99.5,125.5
2025-01-10,2025,Q1,East,Wireless Mouse,24.99,2,49.98,22.4,27.58
2025-01-10,2025,Q1,East,Desk Lamp,29.95,4,119.8,53.6,66.2
2025-01-10,2025,Q1,South,USB-C Hub,34.5,7,241.5,110.6,130.9
2025-01-10,2025,Q1,East,Mechanical Keyboard,89.99,6,539.94,255.0,284.94
2025-01-10,2025,Q1,South,Mechanical Keyboard,89.99,5,449.95,212.5,237.45
2025-01-10,2025,Q1,East,Noise Cancelling Headphones,149.99,7,1049.93,476.0,573.93
2025-01-11,2025,Q1,West,Webcam HD,59.99,6,359.94,163.8,196.14
2025-01-11,2025,Q1,East,Wireless Mouse,24.99,4,99.96,44.8,55.16
2025-01-11,2025,Q1,East,Monitor Stand,45.0,6,270.0,119.4,150.6
2025-01-11,2025,Q1,South,Laptop Sleeve,19.99,5,99.95,38.0,61.95
2025-01-11,2025,Q1,East,Wireless Mouse,24.99,5,124.95,56.0,68.95
2025-01-12,2025,Q1,North,Noise Cancelling Headphones,149.99,5,749.95,340.0,409.95
2025-01-12,2025,Q1,South,Monitor Stand,45.0,6,270.0,119.4,150.6
2025-01-12,2025,Q1,North,Desk Lamp,29.95,6,179.7,80.4,99.3
2025-01-12,2025,Q1,North,Noise Cancelling Headphones,149.99,3,449.97,204.0,245.97
2025-01-12,2025,Q1,West,Webcam HD,59.99,2,119.98,54.6,65.38
2025-01-13,2025,Q1,West,Bluetooth Speaker,74.99,5,374.95,165.5,209.45
2025-01-13,2025,Q1,East,Noise Cancelling Headphones,149.99,1,149.99,68.0,81.99
2025-01-13,2025,Q1,East,Laptop Sleeve,19.99,5,99.95,38.0,61.95
2025-01-13,2025,Q1,South,Bluetooth Speaker,74.99,8,599.92,264.8,335.12
2025-01-13,2025,Q1,East,USB-C Hub,34.5,4,138.0,63.2,74.8
2025-01-13,2025,Q1,East,Ergonomic Chair Cushion,39.99,2,79.98,34.4,45.58
2025-01-13,2025,Q1,South,Monitor Stand,45.0,4,180.0,79.6,100.4
2025-01-14,2025,Q1,South,Noise Cancelling Headphones,149.99,4,599.96,272.0,327.96
2025-01-14,2025,Q1,South,Noise Cancelling Headphones,149.99,8,1199.92,544.0,655.92
2025-01-14,2025,Q1,East,Bluetooth Speaker,74.99,6,449.94,198.6,251.34
2025-01-15,2025,Q1,North,Monitor Stand,45.0,4,180.0,79.6,100.4
2025-01-15,2025,Q1,West,Noise Cancelling Headphones,149.99,8,1199.92,544.0,655.92
2025-01-15,2025,Q1,South,Wireless Mouse,24.99,6,149.94,67.2,82.74
2025-01-15,2025,Q1,North,Mechanical Keyboard,89.99,5,449.95,212.5,237.45
2025-01-15,2025,Q1,East,Mechanical Keyboard,89.99,8,719.92,340.0,379.92
2025-01-15,2025,Q1,South,Noise Cancelling Headphones,149.99,3,449.97,204.0,245.97
2025-01-15,2025,Q1,North,Noise Cancelling Headphones,149.99,3,449.97,204.0,245.97
2025-01-15,2025,Q1,West,USB-C Hub,34.5,5,172.5,79.0,93.5
2025-01-16,2025,Q1,East,Bluetooth Speaker,74.99,2,149.98,66.2,83.78
2025-01-16,2025,Q1,West,Desk Lamp,29.95,7,209.65,93.8,115.85
2025-01-16,2025,Q1,South,Desk Lamp,29.95,1,29.95,13.4,16.55
2025-01-16,2025,Q1,West,Bluetooth Speaker,74.99,4,299.96,132.4,167.56
2025-01-17,2025,Q1,North,Bluetooth Speaker,74.99,4,299.96,132.4,167.56
2025-01-17,2025,Q1,North,Desk Lamp,29.95,3,89.85,40.2,49.65
2025-01-17,2025,Q1,North,Monitor Stand,45.0,6,270.0,119.4,150.6
2025-01-17,2025,Q1,East,Mechanical Keyboard,89.99,7,629.93,297.5,332.43
2025-01-18,2025,Q1,North,Webcam HD,59.99,7,419.93,191.1,228.83
2025-01-18,2025,Q1,West,Bluetooth Speaker,74.99,5,374.95,165.5,209.45
2025-01-18,2025,Q1,East,Webcam HD,59.99,1,59.99,27.3,32.69
2025-01-19,2025,Q1,West,USB-C Hub,34.5,2,69.0,31.6,37.4
2025-01-19,2025,Q1,South,Desk Lamp,29.95,7,209.65,93.8,115.85
2025-01-19,2025,Q1,South,Mechanical Keyboard,89.99,2,179.98,85.0,94.98
2025-01-19,2025,Q1,North,Ergonomic Chair Cushion,39.99,3,119.97,51.6,68.37
2025-01-20,2025,Q1,West,Bluetooth Speaker,74.99,5,374.95,165.5,209.45
2025-01-20,2025,Q1,East,Wireless Mouse,24.99,7,174.93,78.4,96.53
2025-01-20,2025,Q1,East,Noise Cancelling Headphones,149.99,1,149.99,68.0,81.99
2025-01-21,2025,Q1,South,Bluetooth Speaker,74.99,4,299.96,132.4,167.56
2025-01-21,2025,Q1,South,Monitor Stand,45.0,3,135.0,59.7,75.3
2025-01-21,2025,Q1,North,Ergonomic Chair Cushion,39.99,5,199.95,86.0,113.95
2025-01-21,2025,Q1,South,Bluetooth Speaker,74.99,7,524.93,231.7,293.23
2025-01-21,2025,Q1,East,Wireless Mouse,24.99,7,174.93,78.4,96.53
2025-01-22,2025,Q1,North,Noise Cancelling Headphones,149.99,2,299.98,136.0,163.98
2025-01-22,2025,Q1,West,Ergonomic Chair Cushion,39.99,1,39.99,17.2,22.79
2025-01-22,2025,Q1,West,USB-C Hub,34.5,8,276.0,126.4,149.6
2025-01-22,2025,Q1,West,USB-C Hub,34.5,3,103.5,47.4,56.1
2025-01-22,2025,Q1,West,USB-C Hub,34.5,7,241.5,110.6,130.9
2025-01-22,2025,Q1,East,Webcam HD,59.99,2,119.98,54.6,65.38
2025-01-23,2025,Q1,North,Bluetooth Speaker,74.99,6,449.94,198.6,251.34
2025-01-23,2025,Q1,North,Noise Cancelling Headphones,149.99,3,449.97,204.0,245.97
2025-01-23,2025,Q1,South,USB-C Hub,34.5,1,34.5,15.8,18.7
2025-01-23,2025,Q1,North,Desk Lamp,29.95,4,119.8,53.6,66.2
2025-01-24,2025,Q1,South,Mechanical Keyboard,89.99,1,89.99,42.5,47.49
2025-01-24,2025,Q1,West,USB-C Hub,34.5,1,34.5,15.8,18.7
2025-01-24,2025,Q1,North,Bluetooth Speaker,74.99,8,599.92,264.8,335.12
2025-01-24,2025,Q1,South,Laptop Sleeve,19.99,5,99.95,38.0,61.95
2025-01-24,2025,Q1,South,USB-C Hub,34.5,8,276.0,126.4,149.6
2025-01-25,2025,Q1,South,Wireless Mouse,24.99,6,149.94,67.2,82.74
2025-01-25,2025,Q1,South,Desk Lamp,29.95,2,59.9,26.8,33.1
2025-01-25,2025,Q1,South,Bluetooth Speaker,74.99,2,149.98,66.2,83.78
2025-01-25,2025,Q1,North,Desk Lamp,29.95,3,89.85,40.2,49.65
2025-01-25,2025,Q1,North,Webcam HD,59.99,1,59.99,27.3,32.69
2025-01-25,2025,Q1,West,Ergonomic Chair Cushion,39.99,7,279.93,120.4,159.53
2025-01-26,2025,Q1,North,USB-C Hub,34.5,6,207.0,94.8,112.2
2025-01-26,2025,Q1,West,Laptop Sleeve,19.99,2,39.98,15.2,24.78
2025-01-26,2025,Q1,West,Monitor Stand,45.0,6,270.0,119.4,150.6
2025-01-26,2025,Q1,West,USB-C Hub,34.5,7,241.5,110.6,130.9
2025-01-26,2025,Q1,East,Desk Lamp,29.95,5,149.75,67.0,82.75
2025-01-26,2025,Q1,North,Bluetooth Speaker,74.99,1,74.99,33.1,41.89
2025-01-26,2025,Q1,East,Mechanical Keyboard,89.99,7,629.93,297.5,332.43
2025-01-27,2025,Q1,West,USB-C Hub,34.5,2,69.0,31.6,37.4
2025-01-27,2025,Q1,East,Wireless Mouse,24.99,4,99.96,44.8,55.16
2025-01-27,2025,Q1,North,USB-C Hub,34.5,1,34.5,15.8,18.7
2025-01-27,2025,Q1,East,Bluetooth Speaker,74.99,6,449.94,198.6,251.34
2025-01-27,2025,Q1,North,Monitor Stand,45.0,4,180.0,79.6,100.4
2025-01-27,2025,Q1,West,Webcam HD,59.99,8,479.92,218.4,261.52
2025-01-28,2025,Q1,West,Mechanical Keyboard,89.99,4,359.96,170.0,189.96
2025-01-28,2025,Q1,South,Desk Lamp,29.95,2,59.9,26.8,33.1
2025-01-28,2025,Q1,East,Ergonomic Chair Cushion,39.99,8,319.92,137.6,182.32
2025-01-28,2025,Q1,South,Wireless Mouse,24.99,7,174.93,78.4,96.53
2025-01-28,2025,Q1,South,Mechanical Keyboard,89.99,8,719.92,340.0,379.92
2025-01-28,2025,Q1,West,Ergonomic Chair Cushion,39.99,3,119.97,51.6,68.37
2025-01-29,2025,Q1,North,Laptop Sleeve,19.99,7,139.93,53.2,86.73
2025-01-29,2025,Q1,South,Noise Cancelling Headphones,149.99,2,299.98,136.0,163.98
2025-01-29,2025,Q1,South,Bluetooth Speaker,74.99,6,449.94,198.6,251.34
2025-01-30,2025,Q1,East,Mechanical Keyboard,89.99,8,719.92,340.0,379.92
2025-01-30,2025,Q1,South,Noise Cancelling Headphones,149.99,6,899.94,408.0,491.94
2025-01-30,2025,Q1,North,Desk Lamp,29.95,1,29.95,13.4,16.55
2025-01-30,2025,Q1,North,Webcam HD,59.99,7,419.93,191.1,228.83
2025-01-31,2025,Q1,South,Noise Cancelling Headphones,149.99,6,899.94,408.0,491.94
2025-01-31,2025,Q1,North,Bluetooth Speaker,74.99,2,149.98,66.2,83.78
2025-01-31,2025,Q1,East,Noise Cancelling Headphones,149.99,4,599.96,272.0,327.96
2025-01-31,2025,Q1,South,Webcam HD,59.99,3,179.97,81.9,98.07
2025-01-31,2025,Q1,East,Webcam HD,59.99,5,299.95,136.5,163.45
2025-01-31,2025,Q1,West,USB-C Hub,34.5,5,172.5,79.0,93.5
2025-01-31,2025,Q1,East,Bluetooth Speaker,74.99,4,299.96,132.4,167.56
2025-02-01,2025,Q1,South,Ergonomic Chair Cushion,39.99,4,159.96,68.8,91.16
2025-02-01,2025,Q1,West,USB-C Hub,34.5,4,138.0,63.2,74.8
2025-02-01,2025,Q1,East,USB-C Hub,34.5,7,241.5,110.6,130.9
2025-02-01,2025,Q1,East,Laptop Sleeve,19.99,8,159.92,60.8,99.12
2025-02-01,2025,Q1,West,USB-C Hub,34.5,6,207.0,94.8,112.2
2025-02-01,2025,Q1,North,Laptop Sleeve,19.99,5,99.95,38.0,61.95
2025-02-01,2025,Q1,South,Noise Cancelling Headphones,149.99,6,899.94,408.0,491.94
2025-02-02,2025,Q1,South,Laptop Sleeve,19.99,5,99.95,38.0,61.95
2025-02-02,2025,Q1,South,USB-C Hub,34.5,6,207.0,94.8,112.2
2025-02-02,2025,Q1,West,Noise Cancelling Headphones,149.99,4,599.96,272.0,327.96
2025-02-02,2025,Q1,South,USB-C Hub,34.5,6,207.0,94.8,112.2
2025-02-02,2025,Q1,East,Wireless Mouse,24.99,7,174.93,78.4,96.53
2025-02-02,2025,Q1,South,Mechanical Keyboard,89.99,5,449.95,212.5,237.45
2025-02-02,2025,Q1,North,Monitor Stand,45.0,2,90.0,39.8,50.2
2025-02-02,2025,Q1,East,Noise Cancelling Headphones,149.99,8,1199.92,544.0,655.92
2025-02-03,2025,Q1,South,Webcam HD,59.99,5,299.95,136.5,163.45
2025-02-03,2025,Q1,East,Wireless Mouse,24.99,2,49.98,22.4,27.58
2025-02-03,2025,Q1,North,Wireless Mouse,24.99,3,74.97,33.6,41.37
2025-02-03,2025,Q1,East,Noise Cancelling Headphones,149.99,2,299.98,136.0,163.98
2025-02-03,2025,Q1,West,Monitor Stand,45.0,4,180.0,79.6,100.4
2025-02-04,2025,Q1,East,Bluetooth Speaker,74.99,1,74.99,33.1,41.89
2025-02-04,2025,Q1,East,Webcam HD,59.99,2,119.98,54.6,65.38
2025-02-04,2025,Q1,West,Desk Lamp,29.95,5,149.75,67.0,82.75
2025-02-04,2025,Q1,North,Monitor Stand,45.0,6,270.0,119.4,150.6
2025-02-04,2025,Q1,East,Webcam HD,59.99,5,299.95,136.5,163.45
2025-02-04,2025,Q1,North,Monitor Stand,45.0,1,45.0,19.9,25.1
2025-02-05,2025,Q1,West,Desk Lamp,29.95,3,89.85,40.2,49.65
2025-02-05,2025,Q1,West,Desk Lamp,29.95,5,149.75,67.0,82.75
2025-02-05,2025,Q1,South,USB-C Hub,34.5,5,172.5,79.0,93.5
2025-02-06,2025,Q1,North,Noise Cancelling Headphones,149.99,3,449.97,204.0,245.97
2025-02-06,2025,Q1,North,Monitor Stand,45.0,6,270.0,119.4,150.6
2025-02-06,2025,Q1,West,USB-C Hub,34.5,7,241.5,110.6,130.9
2025-02-06,2025,Q1,West,USB-C Hub,34.5,1,34.5,15.8,18.7
2025-02-07,2025,Q1,North,Wireless Mouse,24.99,6,149.94,67.2,82.74
2025-02-07,2025,Q1,South,Wireless Mouse,24.99,1,24.99,11.2,13.79
2025-02-07,2025,Q1,South,USB-C Hub,34.5,5,172.5,79.0,93.5
2025-02-07,2025,Q1,East,Mechanical Keyboard,89.99,3,269.97,127.5,142.47
2025-02-07,2025,Q1,West,USB-C Hub,34.5,5,172.5,79.0,93.5
2025-02-08,2025,Q1,South,USB-C Hub,34.5,8,276.0,126.4,149.6
2025-02-08,2025,Q1,South,Bluetooth Speaker,74.99,7,524.93,231.7,293.23
2025-02-08,2025,Q1,South,USB-C Hub,34.5,5,172.5,79.0,93.5
2025-02-08,2025,Q1,West,USB-C Hub,34.5,6,207.0,94.8,112.2
2025-02-08,2025,Q1,South,Laptop Sleeve,19.99,6,119.94,45.6,74.34
2025-02-09,2025,Q1,East,Ergonomic Chair Cushion,39.99,8,319.92,137.6,182.32
2025-02-09,2025,Q1,North,Noise Cancelling Headphones,149.99,2,299.98,136.0,163.98
2025-02-09,2025,Q1,East,Ergonomic Chair Cushion,39.99,2,79.98,34.4,45.58
2025-02-10,2025,Q1,East,Desk Lamp,29.95,7,209.65,93.8,115.85
2025-02-10,2025,Q1,North,Noise Cancelling Headphones,149.99,2,299.98,136.0,163.98
2025-02-10,2025,Q1,North,USB-C Hub,34.5,7,241.5,110.6,130.9
2025-02-10,2025,Q1,East,Desk Lamp,29.95,1,29.95,13.4,16.55
2025-02-11,2025,Q1,East,Mechanical Keyboard,89.99,6,539.94,255.0,284.94
2025-02-11,2025,Q1,East,Desk Lamp,29.95,3,89.85,40.2,49.65
2025-02-11,2025,Q1,West,Bluetooth Speaker,74.99,1,74.99,33.1,41.89
2025-02-11,2025,Q1,East,Webcam HD,59.99,6,359.94,163.8,196.14
2025-02-12,2025,Q1,North,Desk Lamp,29.95,1,29.95,13.4,16.55
2025-02-12,2025,Q1,East,Noise Cancelling Headphones,149.99,7,1049.93,476.0,573.93
2025-02-12,2025,Q1,East,Noise Cancelling Headphones,149.99,6,899.94,408.0,491.94
2025-02-12,2025,Q1,West,Webcam HD,59.99,3,179.97,81.9,98.07
2025-02-12,2025,Q1,North,Webcam HD,59.99,2,119.98,54.6,65.38
2025-02-12,2025,Q1,South,Laptop Sleeve,19.99,1,19.99,7.6,12.39
2025-02-12,2025,Q1,North,Noise Cancelling Headphones,149.99,5,749.95,340.0,409.95
2025-02-12,2025,Q1,South,Laptop Sleeve,19.99,2,39.98,15.2,24.78
2025-02-13,2025,Q1,South,Mechanical Keyboard,89.99,3,269.97,127.5,142.47
2025-02-13,2025,Q1,West,Ergonomic Chair Cushion,39.99,1,39.99,17.2,22.79
2025-02-13,2025,Q1,South,Wireless Mouse,24.99,4,99.96,44.8,55.16
2025-02-13,2025,Q1,North,Monitor Stand,45.0,3,135.0,59.7,75.3
2025-02-14,2025,Q1,South,USB-C Hub,34.5,7,241.5,110.6,130.9
2025-02-14,2025,Q1,West,Webcam HD,59.99,1,59.99,27.3,32.69
2025-02-14,2025,Q1,South,Desk Lamp,29.95,5,149.75,67.0,82.75
2025-02-14,2025,Q1,West,Wireless Mouse,24.99,6,149.94,67.2,82.74
2025-02-14,2025,Q1,West,USB-C Hub,34.5,8,276.0,126.4,149.6
2025-02-14,2025,Q1,South,Ergonomic Chair Cushion,39.99,6,239.94,103.2,136.74
2025-02-15,2025,Q1,North,Bluetooth Speaker,74.99,3,224.97,99.3,125.67
2025-02-15,2025,Q1,North,Desk Lamp,29.95,8,239.6,107.2,132.4
2025-02-15,2025,Q1,West,Desk Lamp,29.95,1,29.95,13.4,16.55
2025-02-15,2025,Q1,West,Wireless Mouse,24.99,2,49.98,22.4,27.58
2025-02-15,2025,Q1,West,Mechanical Keyboard,89.99,2,179.98,85.0,94.98
2025-02-15,2025,Q1,West,Desk Lamp,29.95,4,119.8,53.6,66.2
2025-02-15,2025,Q1,East,Bluetooth Speaker,74.99,2,149.98,66.2,83.78
2025-02-15,2025,Q1,West,Noise Cancelling Headphones,149.99,8,1199.92,544.0,655.92
2025-02-16,2025,Q1,East,Noise Cancelling Headphones,149.99,6,899.94,408.0,491.94
2025-02-16,2025,Q1,West,Monitor Stand,45.0,7,315.0,139.3,175.7
2025-02-16,2025,Q1,North,Laptop Sleeve,19.99,2,39.98,15.2,24.78
2025-02-16,2025,Q1,East,USB-C Hub,34.5,7,241.5,110.6,130.9
2025-02-16,2025,Q1,South,Monitor Stand,45.0,4,180.0,79.6,100.4
2025-02-16,2025,Q1,South,Monitor Stand,45.0,6,270.0,119.4,150.6
2025-02-16,2025,Q1,North,Laptop Sleeve,19.99,5,99.95,38.0,61.95
2025-02-17,2025,Q1,North,Wireless Mouse,24.99,7,174.93,78.4,96.53
2025-02-17,2025,Q1,East,Noise Cancelling Headphones,149.99,7,1049.93,476.0,573.93
2025-02-17,2025,Q1,East,Ergonomic Chair Cushion,39.99,3,119.97,51.6,68.37
2025-02-17,2025,Q1,West,Bluetooth Speaker,74.99,8,599.92,264.8,335.12
2025-02-17,2025,Q1,East,Laptop Sleeve,19.99,1,19.99,7.6,12.39
2025-02-18,2025,Q1,West,Ergonomic Chair Cushion,39.99,6,239.94,103.2,136.74
2025-02-18,2025,Q1,South,Noise Cancelling Headphones,149.99,1,149.99,68.0,81.99
2025-02-18,2025,Q1,West,USB-C Hub,34.5,4,138.0,63.2,74.8
2025-02-19,2025,Q1,East,Ergonomic Chair Cushion,39.99,2,79.98,34.4,45.58
2025-02-19,2025,Q1,East,Wireless Mouse,24.99,6,149.94,67.2,82.74
2025-02-19,2025,Q1,East,Laptop Sleeve,19.99,2,39.98,15.2,24.78
2025-02-19,2025,Q1,East,Desk Lamp,29.95,6,179.7,80.4,99.3
2025-02-19,2025,Q1,East,USB-C Hub,34.5,3,103.5,47.4,56.1
2025-02-20,2025,Q1,North,Bluetooth Speaker,74.99,6,449.94,198.6,251.34
2025-02-20,2025,Q1,South,Noise Cancelling Headphones,149.99,2,299.98,136.0,163.98
2025-02-20,2025,Q1,North,Desk Lamp,29.95,4,119.8,53.6,66.2
2025-02-21,2025,Q1,East,Desk Lamp,29.95,5,149.75,67.0,82.75
2025-02-21,2025,Q1,North,Mechanical Keyboard,89.99,5,449.95,212.5,237.45
2025-02-21,2025,Q1,East,Mechanical Keyboard,89.99,7,629.93,297.5,332.43
2025-02-21,2025,Q1,East,Wireless Mouse,24.99,6,149.94,67.2,82.74
2025-02-21,2025,Q1,West,Wireless Mouse,24.99,5,124.95,56.0,68.95
2025-02-21,2025,Q1,East,Wireless Mouse,24.99,6,149.94,67.2,82.74
2025-02-22,2025,Q1,North,Monitor Stand,45.0,8,360.0,159.2,200.8
2025-02-22,2025,Q1,North,Ergonomic Chair Cushion,39.99,6,239.94,103.2,136.74
2025-02-22,2025,Q1,North,Noise Cancelling Headphones,149.99,5,749.95,340.0,409.95
2025-02-23,2025,Q1,North,USB-C Hub,34.5,2,69.0,31.6,37.4
2025-02-23,2025,Q1,West,Bluetooth Speaker,74.99,4,299.96,132.4,167.56
2025-02-23,2025,Q1,South,Noise Cancelling Headphones,149.99,5,749.95,340.0,409.95
2025-02-23,2025,Q1,East,Bluetooth Speaker,74.99,5,374.95,165.5,209.45
2025-02-23,2025,Q1,West,Ergonomic Chair Cushion,39.99,4,159.96,68.8,91.16
2025-02-24,2025,Q1,North,Noise Cancelling Headphones,149.99,1,149.99,68.0,81.99
2025-02-24,2025,Q1,South,Bluetooth Speaker,74.99,6,449.94,198.6,251.34
2025-02-24,2025,Q1,South,Laptop Sleeve,19.99,7,139.93,53.2,86.73
2025-02-25,2025,Q1,East,Laptop Sleeve,19.99,4,79.96,30.4,49.56
2025-02-25,2025,Q1,North,Mechanical Keyboard,89.99,3,269.97,127.5,142.47
2025-02-25,2025,Q1,South,Webcam HD,59.99,8,479.92,218.4,261.52
2025-02-25,2025,Q1,South,Wireless Mouse,24.99,1,24.99,11.2,13.79
2025-02-25,2025,Q1,East,Desk Lamp,29.95,1,29.95,13.4,16.55
2025-02-25,2025,Q1,North,Laptop Sleeve,19.99,5,99.95,38.0,61.95
2025-02-25,2025,Q1,South,Monitor Stand,45.0,2,90.0,39.8,50.2
2025-02-26,2025,Q1,South,Mechanical Keyboard,89.99,4,359.96,170.0,189.96
2025-02-26,2025,Q1,North,Monitor Stand,45.0,4,180.0,79.6,100.4
2025-02-26,2025,Q1,North,Bluetooth Speaker,74.99,2,149.98,66.2,83.78
2025-02-26,2025,Q1,East,Laptop Sleeve,19.99,6,119.94,45.6,74.34
2025-02-26,2025,Q1,West,USB-C Hub,34.5,7,241.5,110.6,130.9
2025-02-26,2025,Q1,West,USB-C Hub,34.5,6,207.0,94.8,112.2
2025-02-27,2025,Q1,West,USB-C Hub,34.5,2,69.0,31.6,37.4
2025-02-27,2025,Q1,North,Bluetooth Speaker,74.99,8,599.92,264.8,335.12
2025-02-27,2025,Q1,North,Mechanical Keyboard,89.99,4,359.96,170.0,189.96
2025-02-27,2025,Q1,East,USB-C Hub,34.5,2,69.0,31.6,37.4
2025-02-27,2025,Q1,West,Bluetooth Speaker,74.99,8,599.92,264.8,335.12
2025-02-27,2025,Q1,West,USB-C Hub,34.5,7,241.5,110.6,130.9
2025-02-28,2025,Q1,South,Bluetooth Speaker,74.99,5,374.95,165.5,209.45
2025-02-28,2025,Q1,North,Ergonomic Chair Cushion,39.99,3,119.97,51.6,68.37
2025-02-28,2025,Q1,East,Desk Lamp,29.95,4,119.8,53.6,66.2
2025-02-28,2025,Q1,South,Monitor Stand,45.0,8,360.0,159.2,200.8
2025-02-28,2025,Q1,West,Noise Cancelling Headphones,149.99,8,1199.92,544.0,655.92
2025-02-28,2025,Q1,West,Noise Cancelling Headphones,149.99,3,449.97,204.0,245.97
2025-03-01,2025,Q1,South,Desk Lamp,29.95,6,179.7,80.4,99.3
2025-03-01,2025,Q1,North,Mechanical Keyboard,89.99,5,449.95,212.5,237.45
2025-03-01,2025,Q1,North,Bluetooth Speaker,74.99,3,224.97,99.3,125.67
2025-03-01,2025,Q1,West,Bluetooth Speaker,74.99,1,74.99,33.1,41.89
2025-03-02,2025,Q1,North,Ergonomic Chair Cushion,39.99,1,39.99,17.2,22.79
2025-03-02,2025,Q1,West,Monitor Stand,45.0,1,45.0,19.9,25.1
2025-03-02,2025,Q1,South,Monitor Stand,45.0,6,270.0,119.4,150.6
2025-03-02,2025,Q1,West,Desk Lamp,29.95,4,119.8,53.6,66.2
2025-03-02,2025,Q1,East,Ergonomic Chair Cushion,39.99,4,159.96,68.8,91.16
2025-03-02,2025,Q1,East,Monitor Stand,45.0,1,45.0,19.9,25.1
2025-03-03,2025,Q1,East,Noise Cancelling Headphones,149.99,1,149.99,68.0,81.99
2025-03-03,2025,Q1,North,Webcam HD,59.99,1,59.99,27.3,32.69
2025-03-03,2025,Q1,North,Wireless Mouse,24.99,7,174.93,78.4,96.53
2025-03-03,2025,Q1,West,Bluetooth Speaker,74.99,6,449.94,198.6,251.34
2025-03-04,2025,Q1,West,USB-C Hub,34.5,1,34.5,15.8,18.7
2025-03-04,2025,Q1,South,Bluetooth Speaker,74.99,6,449.94,198.6,251.34
2025-03-04,2025,Q1,East,Noise Cancelling Headphones,149.99,8,1199.92,544.0,655.92
2025-03-05,2025,Q1,East,Desk Lamp,29.95,6,179.7,80.4,99.3
2025-03-05,2025,Q1,North,Mechanical Keyboard,89.99,2,179.98,85.0,94.98
2025-03-05,2025,Q1,West,Wireless Mouse,24.99,7,174.93,78.4,96.53
2025-03-06,2025,Q1,West,Mechanical Keyboard,89.99,2,179.98,85.0,94.98
2025-03-06,2025,Q1,East,Wireless Mouse,24.99,7,174.93,78.4,96.53
2025-03-06,2025,Q1,North,Noise Cancelling Headphones,149.99,4,599.96,272.0,327.96
2025-03-07,2025,Q1,South,Mechanical Keyboard,89.99,6,539.94,255.0,284.94
2025-03-07,2025,Q1,North,Noise Cancelling Headphones,149.99,7,1049.93,476.0,573.93
2025-03-07,2025,Q1,South,Noise Cancelling Headphones,149.99,1,149.99,68.0,81.99
2025-03-07,2025,Q1,North,USB-C Hub,34.5,4,138.0,63.2,74.8
2025-03-07,2025,Q1,South,USB-C Hub,34.5,6,207.0,94.8,112.2
2025-03-07,2025,Q1,East,Laptop Sleeve,19.99,1,19.99,7.6,12.39
2025-03-08,2025,Q1,West,USB-C Hub,34.5,8,276.0,126.4,149.6
2025-03-08,2025,Q1,South,Webcam HD,59.99,1,59.99,27.3,32.69
2025-03-08,2025,Q1,South,Desk Lamp,29.95,7,209.65,93.8,115.85
2025-03-08,2025,Q1,South,Bluetooth Speaker,74.99,4,299.96,132.4,167.56
2025-03-08,2025,Q1,East,Wireless Mouse,24.99,6,149.94,67.2,82.74
2025-03-09,2025,Q1,West,Ergonomic Chair Cushion,39.99,4,159.96,68.8,91.16
2025-03-09,2025,Q1,West,Ergonomic Chair Cushion,39.99,7,279.93,120.4,159.53
2025-03-09,2025,Q1,North,Mechanical Keyboard,89.99,2,179.98,85.0,94.98
2025-03-09,2025,Q1,North,Webcam HD,59.99,2,119.98,54.6,65.38
2025-03-09,2025,Q1,West,Wireless Mouse,24.99,2,49.98,22.4,27.58
2025-03-09,2025,Q1,North,Monitor Stand,45.0,1,45.0,19.9,25.1
2025-03-09,2025,Q1,South,Ergonomic Chair Cushion,39.99,4,159.96,68.8,91.16
2025-03-09,2025,Q1,West,Laptop Sleeve,19.99,4,79.96,30.4,49.56
2025-03-10,2025,Q1,East,USB-C Hub,34.5,6,207.0,94.8,112.2
2025-03-10,2025,Q1,West,USB-C Hub,34.5,8,276.0,126.4,149.6
2025-03-10,2025,Q1,East,Noise Cancelling Headphones,149.99,8,1199.92,544.0,655.92
2025-03-10,2025,Q1,North,Webcam HD,59.99,4,239.96,109.2,130.76
2025-03-10,2025,Q1,South,Bluetooth Speaker,74.99,5,374.95,165.5,209.45
2025-03-11,2025,Q1,East,Wireless Mouse,24.99,3,74.97,33.6,41.37
2025-03-11,2025,Q1,North,Mechanical Keyboard,89.99,4,359.96,170.0,189.96
2025-03-11,2025,Q1,South,Wireless Mouse,24.99,3,74.97,33.6,41.37
2025-03-11,2025,Q1,West,USB-C Hub,34.5,1,34.5,15.8,18.7
2025-03-11,2025,Q1,East,Desk Lamp,29.95,7,209.65,93.8,115.85
2025-03-11,2025,Q1,South,Bluetooth Speaker,74.99,1,74.99,33.1,41.89
2025-03-11,2025,Q1,East,Monitor Stand,45.0,6,270.0,119.4,150.6
2025-03-12,2025,Q1,West,Webcam HD,59.99,6,359.94,163.8,196.14
2025-03-12,2025,Q1,East,Desk Lamp,29.95,3,89.85,40.2,49.65
2025-03-12,2025,Q1,North,Noise Cancelling Headphones,149.99,5,749.95,340.0,409.95
2025-03-12,2025,Q1,West,Wireless Mouse,24.99,4,99.96,44.8,55.16
2025-03-13,2025,Q1,West,Bluetooth Speaker,74.99,4,299.96,132.4,167.56
2025-03-13,2025,Q1,West,USB-C Hub,34.5,2,69.0,31.6,37.4
2025-03-13,2025,Q1,West,Noise Cancelling Headphones,149.99,2,299.98,136.0,163.98
2025-03-14,2025,Q1,East,USB-C Hub,34.5,4,138.0,63.2,74.8
2025-03-14,2025,Q1,West,Noise Cancelling Headphones,149.99,2,299.98,136.0,163.98
2025-03-14,2025,Q1,North,Monitor Stand,45.0,5,225.0,99.5,125.5
2025-03-15,2025,Q1,North,USB-C Hub,34.5,8,276.0,126.4,149.6
2025-03-15,2025,Q1,East,Mechanical Keyboard,89.99,4,359.96,170.0,189.96
2025-03-15,2025,Q1,West,Webcam HD,59.99,4,239.96,109.2,130.76
2025-03-16,2025,Q1,West,Ergonomic Chair Cushion,39.99,2,79.98,34.4,45.58
2025-03-16,2025,Q1,West,Monitor Stand,45.0,5,225.0,99.5,125.5
2025-03-16,2025,Q1,West,Laptop Sleeve,19.99,2,39.98,15.2,24.78
2025-03-16,2025,Q1,West,Noise Cancelling Headphones,149.99,3,449.97,204.0,245.97
2025-03-16,2025,Q1,South,USB-C Hub,34.5,5,172.5,79.0,93.5
2025-03-17,2025,Q1,South,Noise Cancelling Headphones,149.99,4,599.96,272.0,327.96
2025-03-17,2025,Q1,West,Noise Cancelling Headphones,149.99,3,449.97,204.0,245.97
2025-03-17,2025,Q1,South,Monitor Stand,45.0,3,135.0,59.7,75.3
2025-03-17,2025,Q1,South,Laptop Sleeve,19.99,2,39.98,15.2,24.78
2025-03-18,2025,Q1,East,Desk Lamp,29.95,2,59.9,26.8,33.1
2025-03-18,2025,Q1,South,Mechanical Keyboard,89.99,1,89.99,42.5,47.49
2025-03-18,2025,Q1,North,Mechanical Keyboard,89.99,2,179.98,85.0,94.98
2025-03-18,2025,Q1,North,Desk Lamp,29.95,4,119.8,53.6,66.2
2025-03-18,2025,Q1,West,Noise Cancelling Headphones,149.99,6,899.94,408.0,491.94
2025-03-18,2025,Q1,East,Laptop Sleeve,19.99,7,139.93,53.2,86.73
2025-03-19,2025,Q1,South,Noise Cancelling Headphones,149.99,1,149.99,68.0,81.99
2025-03-19,2025,Q1,East,Monitor Stand,45.0,4,180.0,79.6,100.4
2025-03-19,2025,Q1,South,Ergonomic Chair Cushion,39.99,7,279.93,120.4,159.53
2025-03-19,2025,Q1,West,Monitor Stand,45.0,7,315.0,139.3,175.7
2025-03-19,2025,Q1,West,Monitor Stand,45.0,2,90.0,39.8,50.2
2025-03-19,2025,Q1,West,Laptop Sleeve,19.99,7,139.93,53.2,86.73
2025-03-19,2025,Q1,East,Webcam HD,59.99,7,419.93,191.1,228.83
2025-03-20,2025,Q1,East,Bluetooth Speaker,74.99,1,74.99,33.1,41.89
2025-03-20,2025,Q1,West,Bluetooth Speaker,74.99,6,449.94,198.6,251.34
2025-03-20,2025,Q1,North,Bluetooth Speaker,74.99,3,224.97,99.3,125.67
2025-03-20,2025,Q1,East,Webcam HD,59.99,2,119.98,54.6,65.38
2025-03-20,2025,Q1,West,Bluetooth Speaker,74.99,2,149.98,66.2,83.78
2025-03-20,2025,Q1,North,USB-C Hub,34.5,8,276.0,126.4,149.6
2025-03-20,2025,Q1,West,Desk Lamp,29.95,8,239.6,107.2,132.4
2025-03-20,2025,Q1,East,Noise Cancelling Headphones,149.99,6,899.94,408.0,491.94
2025-03-21,2025,Q1,South,Bluetooth Speaker,74.99,1,74.99,33.1,41.89
2025-03-21,2025,Q1,North,Desk Lamp,29.95,5,149.75,67.0,82.75
2025-03-21,2025,Q1,South,Desk Lamp,29.95,6,179.7,80.4,99.3
2025-03-21,2025,Q1,East,Laptop Sleeve,19.99,8,159.92,60.8,99.12
2025-03-21,2025,Q1,North,USB-C Hub,34.5,3,103.5,47.4,56.1
2025-03-21,2025,Q1,South,Desk Lamp,29.95,4,119.8,53.6,66.2
2025-03-22,2025,Q1,East,Laptop Sleeve,19.99,3,59.97,22.8,37.17
2025-03-22,2025,Q1,West,Ergonomic Chair Cushion,39.99,1,39.99,17.2,22.79
2025-03-22,2025,Q1,South,Desk Lamp,29.95,1,29.95,13.4,16.55
2025-03-22,2025,Q1,South,Noise Cancelling Headphones,149.99,2,299.98,136.0,163.98
2025-03-22,2025,Q1,East,Desk Lamp,29.95,7,209.65,93.8,115.85
2025-03-22,2025,Q1,West,Webcam HD,59.99,7,419.93,191.1,228.83
2025-03-23,2025,Q1,East,Monitor Stand,45.0,5,225.0,99.5,125.5
2025-03-23,2025,Q1,South,Monitor Stand,45.0,8,360.0,159.2,200.8
2025-03-23,2025,Q1,East,USB-C Hub,34.5,8,276.0,126.4,149.6
2025-03-23,2025,Q1,North,Monitor Stand,45.0,8,360.0,159.2,200.8
2025-03-23,2025,Q1,North,Laptop Sleeve,19.99,5,99.95,38.0,61.95
2025-03-23,2025,Q1,North,Mechanical Keyboard,89.99,2,179.98,85.0,94.98
2025-03-23,2025,Q1,East,Bluetooth Speaker,74.99,4,299.96,132.4,167.56
2025-03-24,2025,Q1,North,Bluetooth Speaker,74.99,6,449.94,198.6,251.34
2025-03-24,2025,Q1,East,USB-C Hub,34.5,8,276.0,126.4,149.6
2025-03-24,2025,Q1,South,Wireless Mouse,24.99,3,74.97,33.6,41.37
2025-03-24,2025,Q1,South,Ergonomic Chair Cushion,39.99,8,319.92,137.6,182.32
2025-03-24,2025,Q1,South,Monitor Stand,45.0,8,360.0,159.2,200.8
2025-03-24,2025,Q1,East,Bluetooth Speaker,74.99,1,74.99,33.1,41.89
2025-03-25,2025,Q1,West,Webcam HD,59.99,4,239.96,109.2,130.76
2025-03-25,2025,Q1,East,Mechanical Keyboard,89.99,5,449.95,212.5,237.45
2025-03-25,2025,Q1,North,Webcam HD,59.99,3,179.97,81.9,98.07
2025-03-26,2025,Q1,South,Ergonomic Chair Cushion,39.99,8,319.92,137.6,182.32
2025-03-26,2025,Q1,South,Bluetooth Speaker,74.99,1,74.99,33.1,41.89
2025-03-26,2025,Q1,South,Monitor Stand,45.0,6,270.0,119.4,150.6
2025-03-26,2025,Q1,East,Webcam HD,59.99,1,59.99,27.3,32.69
2025-03-27,2025,Q1,West,Mechanical Keyboard,89.99,4,359.96,170.0,189.96
2025-03-27,2025,Q1,West,Webcam HD,59.99,8,479.92,218.4,261.52
2025-03-27,2025,Q1,South,Webcam HD,59.99,2,119.98,54.6,65.38
2025-03-27,2025,Q1,South,Monitor Stand,45.0,4,180.0,79.6,100.4
2025-03-27,2025,Q1,West,USB-C Hub,34.5,2,69.0,31.6,37.4
2025-03-28,2025,Q1,West,Desk Lamp,29.95,7,209.65,93.8,115.85
2025-03-28,2025,Q1,South,USB-C Hub,34.5,3,103.5,47.4,56.1
2025-03-28,2025,Q1,East,Laptop Sleeve,19.99,1,19.99,7.6,12.39
2025-03-28,2025,Q1,West,Mechanical Keyboard,89.99,2,179.98,85.0,94.98
2025-03-28,2025,Q1,North,Laptop Sleeve,19.99,3,59.97,22.8,37.17
2025-03-29,2025,Q1,North,Monitor Stand,45.0,4,180.0,79.6,100.4
2025-03-29,2025,Q1,North,Desk Lamp,29.95,2,59.9,26.8,33.1
2025-03-29,2025,Q1,North,Laptop Sleeve,19.99,6,119.94,45.6,74.34
2025-03-29,2025,Q1,North,Wireless Mouse,24.99,3,74.97,33.6,41.37
2025-03-30,2025,Q1,North,Bluetooth Speaker,74.99,8,599.92,264.8,335.12
2025-03-30,2025,Q1,East,Mechanical Keyboard,89.99,6,539.94,255.0,284.94
2025-03-30,2025,Q1,North,Mechanical Keyboard,89.99,7,629.93,297.5,332.43
2025-03-30,2025,Q1,North,Desk Lamp,29.95,1,29.95,13.4,16.55
2025-03-30,2025,Q1,South,Webcam HD,59.99,1,59.99,27.3,32.69
2025-03-30,2025,Q1,East,Desk Lamp,29.95,2,59.9,26.8,33.1
2025-03-30,2025,Q1,West,Monitor Stand,45.0,8,360.0,159.2,200.8
2025-03-31,2025,Q1,South,Monitor Stand,45.0,3,135.0,59.7,75.3
2025-03-31,2025,Q1,North,Ergonomic Chair Cushion,39.99,3,119.97,51.6,68.37
2025-03-31,2025,Q1,North,Wireless Mouse,24.99,2,49.98,22.4,27.58
2025-04-01,2025,Q2,East,Ergonomic Chair Cushion,39.99,5,199.95,86.0,113.95
2025-04-01,2025,Q2,South,Mechanical Keyboard,89.99,2,179.98,85.0,94.98
2025-04-01,2025,Q2,East,Monitor Stand,45.0,1,45.0,19.9,25.1
2025-04-01,2025,Q2,South,Ergonomic Chair Cushion,39.99,4,159.96,68.8,91.16
2025-04-02,2025,Q2,West,Noise Cancelling Headphones,149.99,1,149.99,68.0,81.99
2025-04-02,2025,Q2,North,Mechanical Keyboard,89.99,4,359.96,170.0,189.96
2025-04-02,2025,Q2,South,Wireless Mouse,24.99,2,49.98,22.4,27.58
2025-04-02,2025,Q2,North,Webcam HD,59.99,5,299.95,136.5,163.45
2025-04-02,2025,Q2,West,Noise Cancelling Headphones,149.99,7,1049.93,476.0,573.93
2025-04-02,2025,Q2,East,Bluetooth Speaker,74.99,1,74.99,33.1,41.89
2025-04-02,2025,Q2,South,Mechanical Keyboard,89.99,8,719.92,340.0,379.92
2025-04-03,2025,Q2,East,Laptop Sleeve,19.99,8,159.92,60.8,99.12
2025-04-03,2025,Q2,West,Ergonomic Chair Cushion,39.99,7,279.93,120.4,159.53
2025-04-03,2025,Q2,South,Wireless Mouse,24.99,6,149.94,67.2,82.74
2025-04-04,2025,Q2,West,Wireless Mouse,24.99,3,74.97,33.6,41.37
2025-04-04,2025,Q2,North,Noise Cancelling Headphones,149.99,5,749.95,340.0,409.95
2025-04-04,2025,Q2,East,Noise Cancelling Headphones,149.99,8,1199.92,544.0,655.92
2025-04-04,2025,Q2,West,Mechanical Keyboard,89.99,5,449.95,212.5,237.45
2025-04-04,2025,Q2,North,Webcam HD,59.99,3,179.97,81.9,98.07
2025-04-04,2025,Q2,North,Noise Cancelling Headphones,149.99,4,599.96,272.0,327.96
2025-04-04,2025,Q2,West,Bluetooth Speaker,74.99,4,299.96,132.4,167.56
2025-04-05,2025,Q2,East,Webcam HD,59.99,3,179.97,81.9,98.07
2025-04-05,2025,Q2,East,Desk Lamp,29.95,4,119.8,53.6,66.2
2025-04-05,2025,Q2,East,Mechanical Keyboard,89.99,1,89.99,42.5,47.49
2025-04-05,2025,Q2,North,Webcam HD,59.99,6,359.94,163.8,196.14
2025-04-05,2025,Q2,West,Webcam HD,59.99,5,299.95,136.5,163.45
2025-04-06,2025,Q2,West,Desk Lamp,29.95,4,119.8,53.6,66.2
2025-04-06,2025,Q2,North,Bluetooth Speaker,74.99,2,149.98,66.2,83.78
2025-04-06,2025,Q2,North,Monitor Stand,45.0,5,225.0,99.5,125.5
2025-04-06,2025,Q2,North,Webcam HD,59.99,8,479.92,218.4,261.52
2025-04-07,2025,Q2,West,Bluetooth Speaker,74.99,1,74.99,33.1,41.89
2025-04-07,2025,Q2,East,Webcam HD,59.99,1,59.99,27.3,32.69
2025-04-07,2025,Q2,West,Wireless Mouse,24.99,8,199.92,89.6,110.32
2025-04-07,2025,Q2,West,Wireless Mouse,24.99,6,149.94,67.2,82.74
2025-04-07,2025,Q2,East,Monitor Stand,45.0,2,90.0,39.8,50.2
2025-04-07,2025,Q2,North,Noise Cancelling Headphones,149.99,8,1199.92,544.0,655.92
2025-04-08,2025,Q2,South,USB-C Hub,34.5,2,69.0,31.6,37.4
2025-04-08,2025,Q2,West,Wireless Mouse,24.99,6,149.94,67.2,82.74
2025-04-08,2025,Q2,West,Ergonomic Chair Cushion,39.99,2,79.98,34.4,45.58
2025-04-08,2025,Q2,North,Wireless Mouse,24.99,7,174.93,78.4,96.53
2025-04-08,2025,Q2,West,Noise Cancelling Headphones,149.99,1,149.99,68.0,81.99
2025-04-09,2025,Q2,South,Wireless Mouse,24.99,6,149.94,67.2,82.74
2025-04-09,2025,Q2,North,Mechanical Keyboard,89.99,3,269.97,127.5,142.47
2025-04-09,2025,Q2,South,Mechanical Keyboard,89.99,5,449.95,212.5,237.45
2025-04-09,2025,Q2,West,Laptop Sleeve,19.99,6,119.94,45.6,74.34
2025-04-09,2025,Q2,South,USB-C Hub,34.5,6,207.0,94.8,112.2
2025-04-09,2025,Q2,North,Mechanical Keyboard,89.99,2,179.98,85.0,94.98
2025-04-09,2025,Q2,West,Mechanical Keyboard,89.99,6,539.94,255.0,284.94
2025-04-10,2025,Q2,East,USB-C Hub,34.5,8,276.0,126.4,149.6
2025-04-10,2025,Q2,North,Monitor Stand,45.0,3,135.0,59.7,75.3
2025-04-10,2025,Q2,North,Mechanical Keyboard,89.99,7,629.93,297.5,332.43
2025-04-10,2025,Q2,East,Bluetooth Speaker,74.99,2,149.98,66.2,83.78
2025-04-11,2025,Q2,South,Noise Cancelling Headphones,149.99,3,449.97,204.0,245.97
2025-04-11,2025,Q2,West,Noise Cancelling Headphones,149.99,6,899.94,408.0,491.94
2025-04-11,2025,Q2,East,Webcam HD,59.99,4,239.96,109.2,130.76
2025-04-11,2025,Q2,West,Ergonomic Chair Cushion,39.99,5,199.95,86.0,113.95
2025-04-11,2025,Q2,West,Webcam HD,59.99,4,239.96,109.2,130.76
2025-04-12,2025,Q2,South,Webcam HD,59.99,8,479.92,218.4,261.52
2025-04-12,2025,Q2,East,Laptop Sleeve,19.99,2,39.98,15.2,24.78
2025-04-12,2025,Q2,East,Bluetooth Speaker,74.99,1,74.99,33.1,41.89
2025-04-12,2025,Q2,East,Webcam HD,59.99,2,119.98,54.6,65.38
2025-04-13,2025,Q2,North,Bluetooth Speaker,74.99,3,224.97,99.3,125.67
2025-04-13,2025,Q2,East,Wireless Mouse,24.99,7,174.93,78.4,96.53
2025-04-13,2025,Q2,West,Monitor Stand,45.0,3,135.0,59.7,75.3
2025-04-14,2025,Q2,West,USB-C Hub,34.5,5,172.5,79.0,93.5
2025-04-14,2025,Q2,East,Mechanical Keyboard,89.99,8,719.92,340.0,379.92
2025-04-14,2025,Q2,West,USB-C Hub,34.5,7,241.5,110.6,130.9
2025-04-15,2025,Q2,North,Desk Lamp,29.95,7,209.65,93.8,115.85
2025-04-15,2025,Q2,North,Webcam HD,59.99,2,119.98,54.6,65.38
2025-04-15,2025,Q2,East,USB-C Hub,34.5,8,276.0,126.4,149.6
2025-04-15,2025,Q2,South,Webcam HD,59.99,8,479.92,218.4,261.52
2025-04-15,2025,Q2,North,USB-C Hub,34.5,5,172.5,79.0,93.5
2025-04-15,2025,Q2,East,Noise Cancelling Headphones,149.99,4,599.96,272.0,327.96
2025-04-15,2025,Q2,East,Wireless Mouse,24.99,7,174.93,78.4,96.53
2025-04-16,2025,Q2,East,Noise Cancelling Headphones,149.99,2,299.98,136.0,163.98
2025-04-16,2025,Q2,East,Bluetooth Speaker,74.99,7,524.93,231.7,293.23
2025-04-16,2025,Q2,West,Mechanical Keyboard,89.99,1,89.99,42.5,47.49
2025-04-16,2025,Q2,East,Mechanical Keyboard,89.99,3,269.97,127.5,142.47
2025-04-16,2025,Q2,North,Bluetooth Speaker,74.99,5,374.95,165.5,209.45
2025-04-17,2025,Q2,North,Desk Lamp,29.95,1,29.95,13.4,16.55
2025-04-17,2025,Q2,East,Webcam HD,59.99,4,239.96,109.2,130.76
2025-04-17,2025,Q2,North,Mechanical Keyboard,89.99,6,539.94,255.0,284.94
2025-04-17,2025,Q2,East,Mechanical Keyboard,89.99,2,179.98,85.0,94.98
2025-04-18,2025,Q2,South,Desk Lamp,29.95,5,149.75,67.0,82.75
2025-04-18,2025,Q2,North,Ergonomic Chair Cushion,39.99,4,159.96,68.8,91.16
2025-04-18,2025,Q2,North,Monitor Stand,45.0,7,315.0,139.3,175.7
2025-04-18,2025,Q2,West,Webcam HD,59.99,6,359.94,163.8,196.14
2025-04-18,2025,Q2,East,Noise Cancelling Headphones,149.99,6,899.94,408.0,491.94
2025-04-18,2025,Q2,South,Wireless Mouse,24.99,2,49.98,22.4,27.58
2025-04-19,2025,Q2,North,Monitor Stand,45.0,6,270.0,119.4,150.6
2025-04-19,2025,Q2,West,Wireless Mouse,24.99,4,99.96,44.8,55.16
2025-04-19,2025,Q2,South,Wireless Mouse,24.99,6,149.94,67.2,82.74
2025-04-19,2025,Q2,South,USB-C Hub,34.5,6,207.0,94.8,112.2
2025-04-19,2025,Q2,South,Desk Lamp,29.95,4,119.8,53.6,66.2
2025-04-19,2025,Q2,West,Noise Cancelling Headphones,149.99,3,449.97,204.0,245.97
2025-04-20,2025,Q2,North,Desk Lamp,29.95,8,239.6,107.2,132.4
2025-04-20,2025,Q2,South,Webcam HD,59.99,8,479.92,218.4,261.52
2025-04-20,2025,Q2,North,Wireless Mouse,24.99,1,24.99,11.2,13.79
2025-04-20,2025,Q2,West,Desk Lamp,29.95,2,59.9,26.8,33.1
2025-04-20,2025,Q2,South,Desk Lamp,29.95,7,209.65,93.8,115.85
2025-04-21,2025,Q2,North,Noise Cancelling Headphones,149.99,4,599.96,272.0,327.96
2025-04-21,2025,Q2,West,Noise Cancelling Headphones,149.99,8,1199.92,544.0,655.92
2025-04-21,2025,Q2,East,Noise Cancelling Headphones,149.99,8,1199.92,544.0,655.92
2025-04-21,2025,Q2,South,Monitor Stand,45.0,3,135.0,59.7,75.3
2025-04-21,2025,Q2,North,Laptop Sleeve,19.99,7,139.93,53.2,86.73
2025-04-22,2025,Q2,North,Laptop Sleeve,19.99,3,59.97,22.8,37.17
2025-04-22,2025,Q2,North,Noise Cancelling Headphones,149.99,3,449.97,204.0,245.97
2025-04-22,2025,Q2,East,Noise Cancelling Headphones,149.99,7,1049.93,476.0,573.93
2025-04-23,2025,Q2,West,Laptop Sleeve,19.99,7,139.93,53.2,86.73
2025-04-23,2025,Q2,East,Laptop Sleeve,19.99,5,99.95,38.0,61.95
2025-04-23,2025,Q2,North,Noise Cancelling Headphones,149.99,4,599.96,272.0,327.96
2025-04-24,2025,Q2,South,Noise Cancelling Headphones,149.99,6,899.94,408.0,491.94
2025-04-24,2025,Q2,South,Desk Lamp,29.95,1,29.95,13.4,16.55
2025-04-24,2025,Q2,East,Desk Lamp,29.95,3,89.85,40.2,49.65
2025-04-24,2025,Q2,East,Laptop Sleeve,19.99,4,79.96,30.4,49.56
2025-04-24,2025,Q2,East,Noise Cancelling Headphones,149.99,2,299.98,136.0,163.98
2025-04-24,2025,Q2,East,Bluetooth Speaker,74.99,7,524.93,231.7,293.23
2025-04-24,2025,Q2,East,Webcam HD,59.99,4,239.96,109.2,130.76
2025-04-24,2025,Q2,West,Ergonomic Chair Cushion,39.99,6,239.94,103.2,136.74
2025-04-25,2025,Q2,West,Laptop Sleeve,19.99,2,39.98,15.2,24.78
2025-04-25,2025,Q2,East,Mechanical Keyboard,89.99,8,719.92,340.0,379.92
2025-04-25,2025,Q2,South,Desk Lamp,29.95,3,89.85,40.2,49.65
2025-04-25,2025,Q2,South,Desk Lamp,29.95,4,119.8,53.6,66.2
2025-04-25,2025,Q2,South,Monitor Stand,45.0,3,135.0,59.7,75.3
2025-04-25,2025,Q2,West,USB-C Hub,34.5,5,172.5,79.0,93.5
2025-04-25,2025,Q2,North,Mechanical Keyboard,89.99,8,719.92,340.0,379.92
2025-04-25,2025,Q2,West,Ergonomic Chair Cushion,39.99,8,319.92,137.6,182.32
2025-04-26,2025,Q2,North,Desk Lamp,29.95,8,239.6,107.2,132.4
2025-04-26,2025,Q2,East,Mechanical Keyboard,89.99,2,179.98,85.0,94.98
2025-04-26,2025,Q2,North,Laptop Sleeve,19.99,2,39.98,15.2,24.78
2025-04-26,2025,Q2,East,Webcam HD,59.99,6,359.94,163.8,196.14
2025-04-26,2025,Q2,East,Wireless Mouse,24.99,4,99.96,44.8,55.16
2025-04-26,2025,Q2,South,Mechanical Keyboard,89.99,4,359.96,170.0,189.96
2025-04-26,2025,Q2,East,Bluetooth Speaker,74.99,3,224.97,99.3,125.67
2025-04-26,2025,Q2,West,Wireless Mouse,24.99,3,74.97,33.6,41.37
2025-04-27,2025,Q2,East,Webcam HD,59.99,5,299.95,136.5,163.45
2025-04-27,2025,Q2,East,Laptop Sleeve,19.99,3,59.97,22.8,37.17
2025-04-27,2025,Q2,West,Ergonomic Chair Cushion,39.99,3,119.97,51.6,68.37
2025-04-27,2025,Q2,West,Webcam HD,59.99,4,239.96,109.2,130.76
2025-04-28,2025,Q2,East,Laptop Sleeve,19.99,5,99.95,38.0,61.95
2025-04-28,2025,Q2,East,Wireless Mouse,24.99,2,49.98,22.4,27.58
2025-04-28,2025,Q2,South,USB-C Hub,34.5,6,207.0,94.8,112.2
2025-04-29,2025,Q2,North,USB-C Hub,34.5,8,276.0,126.4,149.6
2025-04-29,2025,Q2,South,Laptop Sleeve,19.99,3,59.97,22.8,37.17
2025-04-29,2025,Q2,East,Monitor Stand,45.0,1,45.0,19.9,25.1
2025-04-30,2025,Q2,South,USB-C Hub,34.5,1,34.5,15.8,18.7
2025-04-30,2025,Q2,North,Noise Cancelling Headphones,149.99,8,1199.92,544.0,655.92
2025-04-30,2025,Q2,East,Mechanical Keyboard,89.99,8,719.92,340.0,379.92
2025-04-30,2025,Q2,East,Laptop Sleeve,19.99,1,19.99,7.6,12.39
2025-05-01,2025,Q2,North,Laptop Sleeve,19.99,6,119.94,45.6,74.34
2025-05-01,2025,Q2,North,Webcam HD,59.99,3,179.97,81.9,98.07
2025-05-01,2025,Q2,West,Ergonomic Chair Cushion,39.99,1,39.99,17.2,22.79
2025-05-01,2025,Q2,South,Noise Cancelling Headphones,149.99,1,149.99,68.0,81.99
2025-05-01,2025,Q2,South,USB-C Hub,34.5,1,34.5,15.8,18.7
2025-05-01,2025,Q2,West,Wireless Mouse,24.99,3,74.97,33.6,41.37
2025-05-02,2025,Q2,North,Noise Cancelling Headphones,149.99,7,1049.93,476.0,573.93
2025-05-02,2025,Q2,South,Wireless Mouse,24.99,7,174.93,78.4,96.53
2025-05-02,2025,Q2,West,Wireless Mouse,24.99,4,99.96,44.8,55.16
2025-05-02,2025,Q2,West,Mechanical Keyboard,89.99,4,359.96,170.0,189.96
2025-05-03,2025,Q2,West,Mechanical Keyboard,89.99,8,719.92,340.0,379.92
2025-05-03,2025,Q2,South,Wireless Mouse,24.99,8,199.92,89.6,110.32
2025-05-03,2025,Q2,South,Laptop Sleeve,19.99,8,159.92,60.8,99.12
2025-05-04,2025,Q2,North,Laptop Sleeve,19.99,5,99.95,38.0,61.95
2025-05-04,2025,Q2,West,Wireless Mouse,24.99,7,174.93,78.4,96.53
2025-05-04,2025,Q2,East,Noise Cancelling Headphones,149.99,4,599.96,272.0,327.96
2025-05-04,2025,Q2,East,Bluetooth Speaker,74.99,1,74.99,33.1,41.89
2025-05-04,2025,Q2,North,USB-C Hub,34.5,6,207.0,94.8,112.2
2025-05-04,2025,Q2,North,Bluetooth Speaker,74.99,8,599.92,264.8,335.12
2025-05-04,2025,Q2,West,Webcam HD,59.99,7,419.93,191.1,228.83
2025-05-05,2025,Q2,South,Wireless Mouse,24.99,1,24.99,11.2,13.79
2025-05-05,2025,Q2,South,Bluetooth Speaker,74.99,2,149.98,66.2,83.78
2025-05-05,2025,Q2,South,Mechanical Keyboard,89.99,1,89.99,42.5,47.49
2025-05-05,2025,Q2,South,Mechanical Keyboard,89.99,3,269.97,127.5,142.47
2025-05-05,2025,Q2,East,Laptop Sleeve,19.99,1,19.99,7.6,12.39
2025-05-05,2025,Q2,East,Noise Cancelling Headphones,149.99,2,299.98,136.0,163.98
2025-05-05,2025,Q2,West,Bluetooth Speaker,74.99,3,224.97,99.3,125.67
2025-05-05,2025,Q2,West,USB-C Hub,34.5,2,69.0,31.6,37.4
2025-05-06,2025,Q2,West,Mechanical Keyboard,89.99,8,719.92,340.0,379.92
2025-05-06,2025,Q2,East,Desk Lamp,29.95,2,59.9,26.8,33.1
2025-05-06,2025,Q2,North,Noise Cancelling Headphones,149.99,3,449.97,204.0,245.97
2025-05-06,2025,Q2,East,Bluetooth Speaker,74.99,4,299.96,132.4,167.56
2025-05-06,2025,Q2,West,USB-C Hub,34.5,8,276.0,126.4,149.6
2025-05-06,2025,Q2,South,Monitor Stand,45.0,6,270.0,119.4,150.6
2025-05-06,2025,Q2,South,Bluetooth Speaker,74.99,7,524.93,231.7,293.23
2025-05-06,2025,Q2,East,Bluetooth Speaker,74.99,7,524.93,231.7,293.23
2025-05-07,2025,Q2,West,Laptop Sleeve,19.99,4,79.96,30.4,49.56
2025-05-07,2025,Q2,West,Laptop Sleeve,19.99,8,159.92,60.8,99.12
2025-05-07,2025,Q2,East,Bluetooth Speaker,74.99,1,74.99,33.1,41.89
2025-05-08,2025,Q2,East,Webcam HD,59.99,5,299.95,136.5,163.45
2025-05-08,2025,Q2,South,Monitor Stand,45.0,2,90.0,39.8,50.2
2025-05-08,2025,Q2,North,Monitor Stand,45.0,6,270.0,119.4,150.6
2025-05-08,2025,Q2,South,Mechanical Keyboard,89.99,3,269.97,127.5,142.47
2025-05-09,2025,Q2,East,Noise Cancelling Headphones,149.99,6,899.94,408.0,491.94
2025-05-09,2025,Q2,South,Webcam HD,59.99,4,239.96,109.2,130.76
2025-05-09,2025,Q2,West,Noise Cancelling Headphones,149.99,4,599.96,272.0,327.96
2025-05-10,2025,Q2,North,Mechanical Keyboard,89.99,1,89.99,42.5,47.49
2025-05-10,2025,Q2,North,Noise Cancelling Headphones,149.99,8,1199.92,544.0,655.92
2025-05-10,2025,Q2,East,Noise Cancelling Headphones,149.99,3,449.97,204.0,245.97
2025-05-10,2025,Q2,South,Laptop Sleeve,19.99,3,59.97,22.8,37.17
2025-05-10,2025,Q2,North,USB-C Hub,34.5,2,69.0,31.6,37.4
2025-05-10,2025,Q2,West,Wireless Mouse,24.99,5,124.95,56.0,68.95
2025-05-10,2025,Q2,West,Noise Cancelling Headphones,149.99,1,149.99,68.0,81.99
2025-05-11,2025,Q2,East,Mechanical Keyboard,89.99,7,629.93,297.5,332.43
2025-05-11,2025,Q2,East,Bluetooth Speaker,74.99,2,149.98,66.2,83.78
2025-05-11,2025,Q2,South,USB-C Hub,34.5,8,276.0,126.4,149.6
2025-05-11,2025,Q2,South,Wireless Mouse,24.99,6,149.94,67.2,82.74
2025-05-11,2025,Q2,East,Noise Cancelling Headphones,149.99,1,149.99,68.0,81.99
2025-05-11,2025,Q2,South,Monitor Stand,45.0,2,90.0,39.8,50.2
2025-05-11,2025,Q2,North,Wireless Mouse,24.99,3,74.97,33.6,41.37
2025-05-12,2025,Q2,East,Wireless Mouse,24.99,2,49.98,22.4,27.58
2025-05-12,2025,Q2,South,Desk Lamp,29.95,6,179.7,80.4,99.3
2025-05-12,2025,Q2,North,Noise Cancelling Headphones,149.99,8,1199.92,544.0,655.92
2025-05-12,2025,Q2,South,Desk Lamp,29.95,8,239.6,107.2,132.4
2025-05-13,2025,Q2,North,Bluetooth Speaker,74.99,2,149.98,66.2,83.78
2025-05-13,2025,Q2,South,Bluetooth Speaker,74.99,2,149.98,66.2,83.78
2025-05-13,2025,Q2,South,Ergonomic Chair Cushion,39.99,3,119.97,51.6,68.37
2025-05-13,2025,Q2,South,Monitor Stand,45.0,6,270.0,119.4,150.6
2025-05-13,2025,Q2,North,Monitor Stand,45.0,4,180.0,79.6,100.4
2025-05-13,2025,Q2,East,Ergonomic Chair Cushion,39.99,1,39.99,17.2,22.79
2025-05-13,2025,Q2,East,Mechanical Keyboard,89.99,6,539.94,255.0,284.94
2025-05-13,2025,Q2,East,Mechanical Keyboard,89.99,6,539.94,255.0,284.94
2025-05-14,2025,Q2,East,Monitor Stand,45.0,7,315.0,139.3,175.7
2025-05-14,2025,Q2,East,USB-C Hub,34.5,4,138.0,63.2,74.8
2025-05-14,2025,Q2,East,Wireless Mouse,24.99,3,74.97,33.6,41.37
2025-05-14,2025,Q2,East,Mechanical Keyboard,89.99,6,539.94,255.0,284.94
2025-05-14,2025,Q2,North,Bluetooth Speaker,74.99,8,599.92,264.8,335.12
2025-05-15,2025,Q2,North,Noise Cancelling Headphones,149.99,3,449.97,204.0,245.97
2025-05-15,2025,Q2,East,Ergonomic Chair Cushion,39.99,5,199.95,86.0,113.95
2025-05-15,2025,Q2,West,Monitor Stand,45.0,3,135.0,59.7,75.3
2025-05-15,2025,Q2,South,Bluetooth Speaker,74.99,6,449.94,198.6,251.34
2025-05-15,2025,Q2,North,Webcam HD,59.99,5,299.95,136.5,163.45
2025-05-15,2025,Q2,North,Mechanical Keyboard,89.99,8,719.92,340.0,379.92
2025-05-15,2025,Q2,West,Webcam HD,59.99,8,479.92,218.4,261.52
2025-05-16,2025,Q2,South,Bluetooth Speaker,74.99,3,224.97,99.3,125.67
2025-05-16,2025,Q2,East,Webcam HD,59.99,2,119.98,54.6,65.38
2025-05-16,2025,Q2,West,Wireless Mouse,24.99,2,49.98,22.4,27.58
2025-05-17,2025,Q2,South,Wireless Mouse,24.99,4,99.96,44.8,55.16
2025-05-17,2025,Q2,West,Laptop Sleeve,19.99,6,119.94,45.6,74.34
2025-05-17,2025,Q2,South,Noise Cancelling Headphones,149.99,7,1049.93,476.0,573.93
2025-05-17,2025,Q2,West,Noise Cancelling Headphones,149.99,4,599.96,272.0,327.96
2025-05-17,2025,Q2,East,Bluetooth Speaker,74.99,3,224.97,99.3,125.67
2025-05-18,2025,Q2,East,Mechanical Keyboard,89.99,3,269.97,127.5,142.47
2025-05-18,2025,Q2,North,Bluetooth Speaker,74.99,5,374.95,165.5,209.45
2025-05-18,2025,Q2,West,Monitor Stand,45.0,6,270.0,119.4,150.6
2025-05-18,2025,Q2,West,Wireless Mouse,24.99,2,49.98,22.4,27.58
2025-05-18,2025,Q2,East,Webcam HD,59.99,8,479.92,218.4,261.52
2025-05-19,2025,Q2,North,Webcam HD,59.99,7,419.93,191.1,228.83
2025-05-19,2025,Q2,South,Webcam HD,59.99,7,419.93,191.1,228.83
2025-05-19,2025,Q2,East,Noise Cancelling Headphones,149.99,8,1199.92,544.0,655.92
2025-05-19,2025,Q2,East,Wireless Mouse,24.99,2,49.98,22.4,27.58
2025-05-20,2025,Q2,North,Webcam HD,59.99,7,419.93,191.1,228.83
2025-05-20,2025,Q2,North,Mechanical Keyboard,89.99,4,359.96,170.0,189.96
2025-05-20,2025,Q2,South,Desk Lamp,29.95,2,59.9,26.8,33.1
2025-05-21,2025,Q2,North,Mechanical Keyboard,89.99,4,359.96,170.0,189.96
2025-05-21,2025,Q2,East,Monitor Stand,45.0,3,135.0,59.7,75.3
2025-05-21,2025,Q2,East,Bluetooth Speaker,74.99,3,224.97,99.3,125.67
2025-05-21,2025,Q2,South,Mechanical Keyboard,89.99,4,359.96,170.0,189.96
2025-05-21,2025,Q2,West,Mechanical Keyboard,89.99,1,89.99,42.5,47.49
2025-05-21,2025,Q2,North,Mechanical Keyboard,89.99,8,719.92,340.0,379.92
2025-05-21,2025,Q2,South,Webcam HD,59.99,3,179.97,81.9,98.07
2025-05-21,2025,Q2,East,Desk Lamp,29.95,1,29.95,13.4,16.55
2025-05-22,2025,Q2,West,Noise Cancelling Headphones,149.99,5,749.95,340.0,409.95
2025-05-22,2025,Q2,East,Webcam HD,59.99,7,419.93,191.1,228.83
2025-05-22,2025,Q2,East,Mechanical Keyboard,89.99,3,269.97,127.5,142.47
2025-05-22,2025,Q2,North,Webcam HD,59.99,6,359.94,163.8,196.14
2025-05-22,2025,Q2,East,Mechanical Keyboard,89.99,2,179.98,85.0,94.98
2025-05-22,2025,Q2,West,Webcam HD,59.99,7,419.93,191.1,228.83
2025-05-22,2025,Q2,East,Bluetooth Speaker,74.99,3,224.97,99.3,125.67
2025-05-23,2025,Q2,West,Webcam HD,59.99,5,299.95,136.5,163.45
2025-05-23,2025,Q2,East,USB-C Hub,34.5,2,69.0,31.6,37.4
2025-05-23,2025,Q2,North,Monitor Stand,45.0,3,135.0,59.7,75.3
2025-05-23,2025,Q2,East,Wireless Mouse,24.99,6,149.94,67.2,82.74
2025-05-23,2025,Q2,East,Webcam HD,59.99,8,479.92,218.4,261.52
2025-05-23,2025,Q2,North,Monitor Stand,45.0,4,180.0,79.6,100.4
2025-05-23,2025,Q2,North,Ergonomic Chair Cushion,39.99,5,199.95,86.0,113.95
2025-05-24,2025,Q2,South,Mechanical Keyboard,89.99,6,539.94,255.0,284.94
2025-05-24,2025,Q2,North,USB-C Hub,34.5,2,69.0,31.6,37.4
2025-05-24,2025,Q2,North,Ergonomic Chair Cushion,39.99,1,39.99,17.2,22.79
2025-05-24,2025,Q2,West,Monitor Stand,45.0,5,225.0,99.5,125.5
2025-05-24,2025,Q2,North,Laptop Sleeve,19.99,2,39.98,15.2,24.78
2025-05-24,2025,Q2,West,Wireless Mouse,24.99,2,49.98,22.4,27.58
2025-05-25,2025,Q2,South,USB-C Hub,34.5,1,34.5,15.8,18.7
2025-05-25,2025,Q2,North,Laptop Sleeve,19.99,3,59.97,22.8,37.17
2025-05-25,2025,Q2,East,Bluetooth Speaker,74.99,4,299.96,132.4,167.56
2025-05-25,2025,Q2,West,Bluetooth Speaker,74.99,4,299.96,132.4,167.56
2025-05-25,2025,Q2,West,Ergonomic Chair Cushion,39.99,3,119.97,51.6,68.37
2025-05-26,2025,Q2,East,Ergonomic Chair Cushion,39.99,4,159.96,68.8,91.16
2025-05-26,2025,Q2,West,Noise Cancelling Headphones,149.99,5,749.95,340.0,409.95
2025-05-26,2025,Q2,East,Monitor Stand,45.0,4,180.0,79.6,100.4
2025-05-27,2025,Q2,North,Laptop Sleeve,19.99,3,59.97,22.8,37.17
2025-05-27,2025,Q2,South,Noise Cancelling Headphones,149.99,1,149.99,68.0,81.99
2025-05-27,2025,Q2,West,Noise Cancelling Headphones,149.99,8,1199.92,544.0,655.92
2025-05-27,2025,Q2,North,Noise Cancelling Headphones,149.99,1,149.99,68.0,81.99
2025-05-27,2025,Q2,North,Laptop Sleeve,19.99,2,39.98,15.2,24.78
2025-05-27,2025,Q2,East,Laptop Sleeve,19.99,6,119.94,45.6,74.34
2025-05-28,2025,Q2,East,Monitor Stand,45.0,8,360.0,159.2,200.8
2025-05-28,2025,Q2,East,Bluetooth Speaker,74.99,4,299.96,132.4,167.56
2025-05-28,2025,Q2,East,Desk Lamp,29.95,6,179.7,80.4,99.3
2025-05-28,2025,Q2,South,Webcam HD,59.99,7,419.93,191.1,228.83
2025-05-28,2025,Q2,North,Desk Lamp,29.95,3,89.85,40.2,49.65
2025-05-29,2025,Q2,West,Bluetooth Speaker,74.99,6,449.94,198.6,251.34
2025-05-29,2025,Q2,East,Bluetooth Speaker,74.99,7,524.93,231.7,293.23
2025-05-29,2025,Q2,West,Noise Cancelling Headphones,149.99,6,899.94,408.0,491.94
2025-05-29,2025,Q2,South,Desk Lamp,29.95,3,89.85,40.2,49.65
2025-05-29,2025,Q2,North,Wireless Mouse,24.99,4,99.96,44.8,55.16
2025-05-29,2025,Q2,East,Desk Lamp,29.95,3,89.85,40.2,49.65
2025-05-30,2025,Q2,West,Bluetooth Speaker,74.99,3,224.97,99.3,125.67
2025-05-30,2025,Q2,West,Monitor Stand,45.0,4,180.0,79.6,100.4
2025-05-30,2025,Q2,East,Wireless Mouse,24.99,6,149.94,67.2,82.74
2025-05-30,2025,Q2,East,Wireless Mouse,24.99,4,99.96,44.8,55.16
2025-05-30,2025,Q2,East,Webcam HD,59.99,4,239.96,109.2,130.76
2025-05-30,2025,Q2,West,USB-C Hub,34.5,1,34.5,15.8,18.7
2025-05-30,2025,Q2,North,Noise Cancelling Headphones,149.99,4,599.96,272.0,327.96
2025-05-30,2025,Q2,North,Mechanical Keyboard,89.99,5,449.95,212.5,237.45
2025-05-31,2025,Q2,South,Ergonomic Chair Cushion,39.99,2,79.98,34.4,45.58
2025-05-31,2025,Q2,South,USB-C Hub,34.5,3,103.5,47.4,56.1
2025-05-31,2025,Q2,South,Monitor Stand,45.0,2,90.0,39.8,50.2
2025-05-31,2025,Q2,North,Noise Cancelling Headphones,149.99,2,299.98,136.0,163.98
2025-05-31,2025,Q2,South,Monitor Stand,45.0,3,135.0,59.7,75.3
2025-05-31,2025,Q2,North,Mechanical Keyboard,89.99,5,449.95,212.5,237.45
2025-06-01,2025,Q2,North,USB-C Hub,34.5,3,103.5,47.4,56.1
2025-06-01,2025,Q2,North,Laptop Sleeve,19.99,5,99.95,38.0,61.95
2025-06-01,2025,Q2,North,Wireless Mouse,24.99,5,124.95,56.0,68.95
2025-06-01,2025,Q2,East,Wireless Mouse,24.99,1,24.99,11.2,13.79
2025-06-02,2025,Q2,South,Noise Cancelling Headphones,149.99,4,599.96,272.0,327.96
2025-06-02,2025,Q2,West,Webcam HD,59.99,4,239.96,109.2,130.76
2025-06-02,2025,Q2,North,USB-C Hub,34.5,3,103.5,47.4,56.1
2025-06-03,2025,Q2,North,Ergonomic Chair Cushion,39.99,8,319.92,137.6,182.32
2025-06-03,2025,Q2,East,USB-C Hub,34.5,1,34.5,15.8,18.7
2025-06-03,2025,Q2,South,Webcam HD,59.99,1,59.99,27.3,32.69
2025-06-03,2025,Q2,West,Desk Lamp,29.95,8,239.6,107.2,132.4
2025-06-03,2025,Q2,North,USB-C Hub,34.5,6,207.0,94.8,112.2
2025-06-03,2025,Q2,South,Laptop Sleeve,19.99,8,159.92,60.8,99.12
2025-06-03,2025,Q2,West,Wireless Mouse,24.99,4,99.96,44.8,55.16
2025-06-03,2025,Q2,West,Laptop Sleeve,19.99,4,79.96,30.4,49.56
2025-06-04,2025,Q2,West,Wireless Mouse,24.99,4,99.96,44.8,55.16
2025-06-04,2025,Q2,East,Monitor Stand,45.0,8,360.0,159.2,200.8
2025-06-04,2025,Q2,South,Noise Cancelling Headphones,149.99,3,449.97,204.0,245.97
2025-06-04,2025,Q2,North,Noise Cancelling Headphones,149.99,4,599.96,272.0,327.96
2025-06-04,2025,Q2,North,Laptop Sleeve,19.99,8,159.92,60.8,99.12
2025-06-05,2025,Q2,West,Mechanical Keyboard,89.99,6,539.94,255.0,284.94
2025-06-05,2025,Q2,North,Wireless Mouse,24.99,3,74.97,33.6,41.37
2025-06-05,2025,Q2,West,Webcam HD,59.99,3,179.97,81.9,98.07
2025-06-05,2025,Q2,South,USB-C Hub,34.5,3,103.5,47.4,56.1
2025-06-06,2025,Q2,North,Webcam HD,59.99,5,299.95,136.5,163.45
2025-06-06,2025,Q2,West,Webcam HD,59.99,7,419.93,191.1,228.83
2025-06-06,2025,Q2,North,Webcam HD,59.99,1,59.99,27.3,32.69
2025-06-06,2025,Q2,North,Desk Lamp,29.95,2,59.9,26.8,33.1
2025-06-07,2025,Q2,West,Mechanical Keyboard,89.99,2,179.98,85.0,94.98
2025-06-07,2025,Q2,North,Noise Cancelling Headphones,149.99,6,899.94,408.0,491.94
2025-06-07,2025,Q2,South,USB-C Hub,34.5,3,103.5,47.4,56.1
2025-06-07,2025,Q2,South,Laptop Sleeve,19.99,3,59.97,22.8,37.17
2025-06-07,2025,Q2,East,Noise Cancelling Headphones,149.99,3,449.97,204.0,245.97
2025-06-08,2025,Q2,West,Wireless Mouse,24.99,2,49.98,22.4,27.58
2025-06-08,2025,Q2,West,Wireless Mouse,24.99,1,24.99,11.2,13.79
2025-06-08,2025,Q2,North,USB-C Hub,34.5,3,103.5,47.4,56.1
2025-06-08,2025,Q2,North,Webcam HD,59.99,6,359.94,163.8,196.14
2025-06-08,2025,Q2,South,Wireless Mouse,24.99,2,49.98,22.4,27.58
2025-06-08,2025,Q2,South,Monitor Stand,45.0,7,315.0,139.3,175.7
2025-06-09,2025,Q2,North,Ergonomic Chair Cushion,39.99,8,319.92,137.6,182.32
2025-06-09,2025,Q2,East,Wireless Mouse,24.99,3,74.97,33.6,41.37
2025-06-09,2025,Q2,North,Mechanical Keyboard,89.99,1,89.99,42.5,47.49
2025-06-10,2025,Q2,North,Monitor Stand,45.0,6,270.0,119.4,150.6
2025-06-10,2025,Q2,East,Wireless Mouse,24.99,8,199.92,89.6,110.32
2025-06-10,2025,Q2,East,Laptop Sleeve,19.99,5,99.95,38.0,61.95
2025-06-10,2025,Q2,West,Wireless Mouse,24.99,7,174.93,78.4,96.53
2025-06-10,2025,Q2,North,Laptop Sleeve,19.99,3,59.97,22.8,37.17
2025-06-10,2025,Q2,North,Laptop Sleeve,19.99,5,99.95,38.0,61.95
2025-06-11,2025,Q2,North,Laptop Sleeve,19.99,1,19.99,7.6,12.39
2025-06-11,2025,Q2,South,Monitor Stand,45.0,4,180.0,79.6,100.4
2025-06-11,2025,Q2,North,Ergonomic Chair Cushion,39.99,4,159.96,68.8,91.16
2025-06-11,2025,Q2,South,Webcam HD,59.99,6,359.94,163.8,196.14
2025-06-11,2025,Q2,North,Wireless Mouse,24.99,2,49.98,22.4,27.58
2025-06-11,2025,Q2,North,Desk Lamp,29.95,2,59.9,26.8,33.1
2025-06-12,2025,Q2,West,Wireless Mouse,24.99,1,24.99,11.2,13.79
2025-06-12,2025,Q2,South,Desk Lamp,29.95,6,179.7,80.4,99.3
2025-06-12,2025,Q2,South,Wireless Mouse,24.99,2,49.98,22.4,27.58
2025-06-12,2025,Q2,North,Noise Cancelling Headphones,149.99,7,1049.93,476.0,573.93
2025-06-12,2025,Q2,West,USB-C Hub,34.5,6,207.0,94.8,112.2
2025-06-12,2025,Q2,South,Webcam HD,59.99,3,179.97,81.9,98.07
2025-06-12,2025,Q2,East,Bluetooth Speaker,74.99,7,524.93,231.7,293.23
2025-06-13,2025,Q2,North,Monitor Stand,45.0,2,90.0,39.8,50.2
2025-06-13,2025,Q2,East,USB-C Hub,34.5,8,276.0,126.4,149.6
2025-06-13,2025,Q2,East,Noise Cancelling Headphones,149.99,8,1199.92,544.0,655.92
2025-06-13,2025,Q2,West,Bluetooth Speaker,74.99,4,299.96,132.4,167.56
2025-06-13,2025,Q2,North,Ergonomic Chair Cushion,39.99,5,199.95,86.0,113.95
2025-06-13,2025,Q2,South,Wireless Mouse,24.99,7,174.93,78.4,96.53
2025-06-14,2025,Q2,East,Webcam HD,59.99,7,419.93,191.1,228.83
2025-06-14,2025,Q2,South,Noise Cancelling Headphones,149.99,6,899.94,408.0,491.94
2025-06-14,2025,Q2,West,Noise Cancelling Headphones,149.99,3,449.97,204.0,245.97
2025-06-14,2025,Q2,East,Monitor Stand,45.0,8,360.0,159.2,200.8
2025-06-14,2025,Q2,East,Laptop Sleeve,19.99,6,119.94,45.6,74.34
2025-06-14,2025,Q2,North,Noise Cancelling Headphones,149.99,4,599.96,272.0,327.96
2025-06-14,2025,Q2,South,Ergonomic Chair Cushion,39.99,8,319.92,137.6,182.32
2025-06-14,2025,Q2,North,Mechanical Keyboard,89.99,3,269.97,127.5,142.47
2025-06-15,2025,Q2,South,Laptop Sleeve,19.99,6,119.94,45.6,74.34
2025-06-15,2025,Q2,North,Ergonomic Chair Cushion,39.99,5,199.95,86.0,113.95
2025-06-15,2025,Q2,South,Ergonomic Chair Cushion,39.99,4,159.96,68.8,91.16
2025-06-15,2025,Q2,South,Desk Lamp,29.95,1,29.95,13.4,16.55
2025-06-15,2025,Q2,North,Bluetooth Speaker,74.99,7,524.93,231.7,293.23
2025-06-15,2025,Q2,East,Wireless Mouse,24.99,6,149.94,67.2,82.74
2025-06-16,2025,Q2,West,Desk Lamp,29.95,4,119.8,53.6,66.2
2025-06-16,2025,Q2,East,USB-C Hub,34.5,4,138.0,63.2,74.8
2025-06-16,2025,Q2,East,Bluetooth Speaker,74.99,6,449.94,198.6,251.34
2025-06-16,2025,Q2,West,Mechanical Keyboard,89.99,7,629.93,297.5,332.43
2025-06-16,2025,Q2,South,Wireless Mouse,24.99,8,199.92,89.6,110.32
2025-06-16,2025,Q2,North,Bluetooth Speaker,74.99,7,524.93,231.7,293.23
2025-06-17,2025,Q2,West,Mechanical Keyboard,89.99,2,179.98,85.0,94.98
2025-06-17,2025,Q2,East,Noise Cancelling Headphones,149.99,3,449.97,204.0,245.97
2025-06-17,2025,Q2,North,Laptop Sleeve,19.99,4,79.96,30.4,49.56
2025-06-17,2025,Q2,East,Bluetooth Speaker,74.99,6,449.94,198.6,251.34
2025-06-17,2025,Q2,South,USB-C Hub,34.5,5,172.5,79.0,93.5
2025-06-17,2025,Q2,East,Desk Lamp,29.95,6,179.7,80.4,99.3
2025-06-17,2025,Q2,North,Monitor Stand,45.0,2,90.0,39.8,50.2
2025-06-18,2025,Q2,East,Mechanical Keyboard,89.99,4,359.96,170.0,189.96
2025-06-18,2025,Q2,South,Wireless Mouse,24.99,8,199.92,89.6,110.32
2025-06-18,2025,Q2,West,Monitor Stand,45.0,3,135.0,59.7,75.3
2025-06-18,2025,Q2,North,Bluetooth Speaker,74.99,4,299.96,132.4,167.56
2025-06-18,2025,Q2,West,Ergonomic Chair Cushion,39.99,3,119.97,51.6,68.37
2025-06-19,2025,Q2,East,USB-C Hub,34.5,2,69.0,31.6,37.4
2025-06-19,2025,Q2,West,Wireless Mouse,24.99,3,74.97,33.6,41.37
2025-06-19,2025,Q2,West,Monitor Stand,45.0,5,225.0,99.5,125.5
2025-06-20,2025,Q2,East,Bluetooth Speaker,74.99,4,299.96,132.4,167.56
2025-06-20,2025,Q2,North,Desk Lamp,29.95,1,29.95,13.4,16.55
2025-06-20,2025,Q2,North,Bluetooth Speaker,74.99,2,149.98,66.2,83.78
2025-06-20,2025,Q2,South,Ergonomic Chair Cushion,39.99,3,119.97,51.6,68.37
2025-06-21,2025,Q2,North,Wireless Mouse,24.99,5,124.95,56.0,68.95
2025-06-21,2025,Q2,South,Ergonomic Chair Cushion,39.99,8,319.92,137.6,182.32
2025-06-21,2025,Q2,East,Desk Lamp,29.95,2,59.9,26.8,33.1
2025-06-21,2025,Q2,East,Desk Lamp,29.95,2,59.9,26.8,33.1
2025-06-21,2025,Q2,North,Noise Cancelling Headphones,149.99,4,599.96,272.0,327.96
2025-06-21,2025,Q2,North,Ergonomic Chair Cushion,39.99,6,239.94,103.2,136.74
2025-06-22,2025,Q2,South,Mechanical Keyboard,89.99,5,449.95,212.5,237.45
2025-06-22,2025,Q2,West,Bluetooth Speaker,74.99,2,149.98,66.2,83.78
2025-06-22,2025,Q2,North,Noise Cancelling Headphones,149.99,2,299.98,136.0,163.98
2025-06-22,2025,Q2,East,Bluetooth Speaker,74.99,5,374.95,165.5,209.45
2025-06-23,2025,Q2,East,Ergonomic Chair Cushion,39.99,7,279.93,120.4,159.53
2025-06-23,2025,Q2,East,Bluetooth Speaker,74.99,7,524.93,231.7,293.23
2025-06-23,2025,Q2,South,Desk Lamp,29.95,6,179.7,80.4,99.3
2025-06-23,2025,Q2,North,Laptop Sleeve,19.99,5,99.95,38.0,61.95
2025-06-23,2025,Q2,South,Monitor Stand,45.0,1,45.0,19.9,25.1
2025-06-24,2025,Q2,East,USB-C Hub,34.5,6,207.0,94.8,112.2
2025-06-24,2025,Q2,West,Mechanical Keyboard,89.99,6,539.94,255.0,284.94
2025-06-24,2025,Q2,South,Bluetooth Speaker,74.99,3,224.97,99.3,125.67
2025-06-24,2025,Q2,West,Webcam HD,59.99,7,419.93,191.1,228.83
2025-06-25,2025,Q2,South,Noise Cancelling Headphones,149.99,5,749.95,340.0,409.95
2025-06-25,2025,Q2,North,Wireless Mouse,24.99,2,49.98,22.4,27.58
2025-06-25,2025,Q2,West,Bluetooth Speaker,74.99,1,74.99,33.1,41.89
2025-06-25,2025,Q2,South,USB-C Hub,34.5,1,34.5,15.8,18.7
2025-06-25,2025,Q2,South,Noise Cancelling Headphones,149.99,5,749.95,340.0,409.95
2025-06-25,2025,Q2,South,Monitor Stand,45.0,8,360.0,159.2,200.8
2025-06-25,2025,Q2,North,Bluetooth Speaker,74.99,1,74.99,33.1,41.89
2025-06-25,2025,Q2,West,Ergonomic Chair Cushion,39.99,2,79.98,34.4,45.58
2025-06-26,2025,Q2,East,Noise Cancelling Headphones,149.99,4,599.96,272.0,327.96
2025-06-26,2025,Q2,South,Laptop Sleeve,19.99,2,39.98,15.2,24.78
2025-06-26,2025,Q2,South,Mechanical Keyboard,89.99,6,539.94,255.0,284.94
2025-06-26,2025,Q2,East,Laptop Sleeve,19.99,7,139.93,53.2,86.73
2025-06-26,2025,Q2,North,Noise Cancelling Headphones,149.99,4,599.96,272.0,327.96
2025-06-26,2025,Q2,North,Desk Lamp,29.95,1,29.95,13.4,16.55
2025-06-27,2025,Q2,East,Ergonomic Chair Cushion,39.99,6,239.94,103.2,136.74
2025-06-27,2025,Q2,West,Webcam HD,59.99,1,59.99,27.3,32.69
2025-06-27,2025,Q2,East,USB-C Hub,34.5,8,276.0,126.4,149.6
2025-06-27,2025,Q2,West,Webcam HD,59.99,5,299.95,136.5,163.45
2025-06-27,2025,Q2,West,Laptop Sleeve,19.99,8,159.92,60.8,99.12
2025-06-27,2025,Q2,South,Desk Lamp,29.95,4,119.8,53.6,66.2
2025-06-27,2025,Q2,North,USB-C Hub,34.5,7,241.5,110.6,130.9
2025-06-27,2025,Q2,North,Webcam HD,59.99,7,419.93,191.1,228.83
2025-06-28,2025,Q2,North,Webcam HD,59.99,4,239.96,109.2,130.76
2025-06-28,2025,Q2,West,Desk Lamp,29.95,1,29.95,13.4,16.55
2025-06-28,2025,Q2,North,Monitor Stand,45.0,6,270.0,119.4,150.6
2025-06-28,2025,Q2,South,USB-C Hub,34.5,4,138.0,63.2,74.8
2025-06-28,2025,Q2,West,USB-C Hub,34.5,5,172.5,79.0,93.5
2025-06-28,2025,Q2,East,Desk Lamp,29.95,3,89.85,40.2,49.65
2025-06-28,2025,Q2,East,Ergonomic Chair Cushion,39.99,2,79.98,34.4,45.58
2025-06-28,2025,Q2,West,Bluetooth Speaker,74.99,5,374.95,165.5,209.45
2025-06-29,2025,Q2,East,Wireless Mouse,24.99,4,99.96,44.8,55.16
2025-06-29,2025,Q2,West,Ergonomic Chair Cushion,39.99,1,39.99,17.2,22.79
2025-06-29,2025,Q2,West,USB-C Hub,34.5,8,276.0,126.4,149.6
2025-06-29,2025,Q2,West,Bluetooth Speaker,74.99,6,449.94,198.6,251.34
2025-06-29,2025,Q2,North,Monitor Stand,45.0,8,360.0,159.2,200.8
2025-06-29,2025,Q2,South,Desk Lamp,29.95,1,29.95,13.4,16.55
2025-06-30,2025,Q2,East,Laptop Sleeve,19.99,5,99.95,38.0,61.95
2025-06-30,2025,Q2,West,Webcam HD,59.99,2,119.98,54.6,65.38
2025-06-30,2025,Q2,North,Desk Lamp,29.95,3,89.85,40.2,49.65
2025-06-30,2025,Q2,West,USB-C Hub,34.5,6,207.0,94.8,112.2
2025-06-30,2025,Q2,South,Laptop Sleeve,19.99,3,59.97,22.8,37.17
2025-07-01,2025,Q3,West,Webcam HD,59.99,2,119.98,54.6,65.38
2025-07-01,2025,Q3,North,Mechanical Keyboard,89.99,7,629.93,297.5,332.43
2025-07-01,2025,Q3,East,Bluetooth Speaker,74.99,3,224.97,99.3,125.67
2025-07-01,2025,Q3,South,Laptop Sleeve,19.99,4,79.96,30.4,49.56
2025-07-01,2025,Q3,East,Bluetooth Speaker,74.99,2,149.98,66.2,83.78
2025-07-01,2025,Q3,West,USB-C Hub,34.5,8,276.0,126.4,149.6
2025-07-01,2025,Q3,North,Webcam HD,59.99,3,179.97,81.9,98.07
2025-07-02,2025,Q3,South,Wireless Mouse,24.99,2,49.98,22.4,27.58
2025-07-02,2025,Q3,East,Wireless Mouse,24.99,2,49.98,22.4,27.58
2025-07-02,2025,Q3,East,Desk Lamp,29.95,6,179.7,80.4,99.3
2025-07-02,2025,Q3,North,Webcam HD,59.99,2,119.98,54.6,65.38
2025-07-03,2025,Q3,East,Desk Lamp,29.95,6,179.7,80.4,99.3
2025-07-03,2025,Q3,South,Laptop Sleeve,19.99,6,119.94,45.6,74.34
2025-07-03,2025,Q3,South,Monitor Stand,45.0,7,315.0,139.3,175.7
2025-07-03,2025,Q3,West,Bluetooth Speaker,74.99,5,374.95,165.5,209.45
2025-07-03,2025,Q3,South,Bluetooth Speaker,74.99,4,299.96,132.4,167.56
2025-07-03,2025,Q3,North,Laptop Sleeve,19.99,5,99.95,38.0,61.95
2025-07-03,2025,Q3,West,Desk Lamp,29.95,6,179.7,80.4,99.3
2025-07-03,2025,Q3,South,Noise Cancelling Headphones,149.99,7,1049.93,476.0,573.93
2025-07-04,2025,Q3,North,Desk Lamp,29.95,5,149.75,67.0,82.75
2025-07-04,2025,Q3,East,Wireless Mouse,24.99,3,74.97,33.6,41.37
2025-07-04,2025,Q3,North,Webcam HD,59.99,8,479.92,218.4,261.52
2025-07-04,2025,Q3,East,Wireless Mouse,24.99,6,149.94,67.2,82.74
2025-07-05,2025,Q3,East,Bluetooth Speaker,74.99,2,149.98,66.2,83.78
2025-07-05,2025,Q3,South,Ergonomic Chair Cushion,39.99,8,319.92,137.6,182.32
2025-07-05,2025,Q3,South,Laptop Sleeve,19.99,8,159.92,60.8,99.12
2025-07-06,2025,Q3,West,Ergonomic Chair Cushion,39.99,8,319.92,137.6,182.32
2025-07-06,2025,Q3,West,Desk Lamp,29.95,4,119.8,53.6,66.2
2025-07-06,2025,Q3,West,Wireless Mouse,24.99,2,49.98,22.4,27.58
2025-07-06,2025,Q3,East,Laptop Sleeve,19.99,1,19.99,7.6,12.39
2025-07-06,2025,Q3,East,Noise Cancelling Headphones,149.99,2,299.98,136.0,163.98
2025-07-07,2025,Q3,South,Desk Lamp,29.95,7,209.65,93.8,115.85
2025-07-07,2025,Q3,North,Bluetooth Speaker,74.99,7,524.93,231.7,293.23
2025-07-07,2025,Q3,North,Monitor Stand,45.0,3,135.0,59.7,75.3
2025-07-07,2025,Q3,South,Ergonomic Chair Cushion,39.99,8,319.92,137.6,182.32
2025-07-07,2025,Q3,West,Noise Cancelling Headphones,149.99,6,899.94,408.0,491.94
2025-07-07,2025,Q3,West,Laptop Sleeve,19.99,8,159.92,60.8,99.12
2025-07-07,2025,Q3,South,Monitor Stand,45.0,1,45.0,19.9,25.1
2025-07-08,2025,Q3,East,Webcam HD,59.99,4,239.96,109.2,130.76
2025-07-08,2025,Q3,East,Bluetooth Speaker,74.99,2,149.98,66.2,83.78
2025-07-08,2025,Q3,East,Monitor Stand,45.0,1,45.0,19.9,25.1
2025-07-08,2025,Q3,East,Wireless Mouse,24.99,2,49.98,22.4,27.58
2025-07-08,2025,Q3,South,Laptop Sleeve,19.99,8,159.92,60.8,99.12
2025-07-08,2025,Q3,West,Laptop Sleeve,19.99,8,159.92,60.8,99.12
2025-07-09,2025,Q3,East,Laptop Sleeve,19.99,5,99.95,38.0,61.95
2025-07-09,2025,Q3,East,Desk Lamp,29.95,3,89.85,40.2,49.65
2025-07-09,2025,Q3,North,Noise Cancelling Headphones,149.99,5,749.95,340.0,409.95
2025-07-10,2025,Q3,West,Bluetooth Speaker,74.99,4,299.96,132.4,167.56
2025-07-10,2025,Q3,North,Noise Cancelling Headphones,149.99,8,1199.92,544.0,655.92
2025-07-10,2025,Q3,South,Wireless Mouse,24.99,6,149.94,67.2,82.74
2025-07-10,2025,Q3,East,USB-C Hub,34.5,1,34.5,15.8,18.7
2025-07-11,2025,Q3,North,Desk Lamp,29.95,5,149.75,67.0,82.75
2025-07-11,2025,Q3,East,Monitor Stand,45.0,7,315.0,139.3,175.7
2025-07-11,2025,Q3,South,Wireless Mouse,24.99,2,49.98,22.4,27.58
2025-07-11,2025,Q3,West,Ergonomic Chair Cushion,39.99,7,279.93,120.4,159.53
2025-07-11,2025,Q3,South,Laptop Sleeve,19.99,3,59.97,22.8,37.17
2025-07-11,2025,Q3,North,Ergonomic Chair Cushion,39.99,3,119.97,51.6,68.37
2025-07-12,2025,Q3,South,Bluetooth Speaker,74.99,4,299.96,132.4,167.56
2025-07-12,2025,Q3,East,Monitor Stand,45.0,5,225.0,99.5,125.5
2025-07-12,2025,Q3,North,Wireless Mouse,24.99,2,49.98,22.4,27.58
2025-07-12,2025,Q3,East,Webcam HD,59.99,6,359.94,163.8,196.14
2025-07-12,2025,Q3,South,Bluetooth Speaker,74.99,5,374.95,165.5,209.45
2025-07-12,2025,Q3,North,Desk Lamp,29.95,2,59.9,26.8,33.1
2025-07-13,2025,Q3,East,Desk Lamp,29.95,3,89.85,40.2,49.65
2025-07-13,2025,Q3,East,Wireless Mouse,24.99,7,174.93,78.4,96.53
2025-07-13,2025,Q3,West,Mechanical Keyboard,89.99,3,269.97,127.5,142.47
2025-07-13,2025,Q3,East,Desk Lamp,29.95,2,59.9,26.8,33.1
2025-07-13,2025,Q3,East,USB-C Hub,34.5,2,69.0,31.6,37.4
2025-07-13,2025,Q3,South,Laptop Sleeve,19.99,7,139.93,53.2,86.73
2025-07-13,2025,Q3,North,Mechanical Keyboard,89.99,6,539.94,255.0,284.94
2025-07-13,2025,Q3,North,Bluetooth Speaker,74.99,6,449.94,198.6,251.34
2025-07-14,2025,Q3,West,Laptop Sleeve,19.99,5,99.95,38.0,61.95
2025-07-14,2025,Q3,East,Desk Lamp,29.95,6,179.7,80.4,99.3
2025-07-14,2025,Q3,South,Bluetooth Speaker,74.99,4,299.96,132.4,167.56
2025-07-14,2025,Q3,East,Mechanical Keyboard,89.99,4,359.96,170.0,189.96
2025-07-14,2025,Q3,North,Ergonomic Chair Cushion,39.99,8,319.92,137.6,182.32
2025-07-14,2025,Q3,South,Monitor Stand,45.0,4,180.0,79.6,100.4
2025-07-15,2025,Q3,South,Noise Cancelling Headphones,149.99,5,749.95,340.0,409.95
2025-07-15,2025,Q3,East,Webcam HD,59.99,7,419.93,191.1,228.83
2025-07-15,2025,Q3,West,Monitor Stand,45.0,8,360.0,159.2,200.8
2025-07-15,2025,Q3,West,Mechanical Keyboard,89.99,7,629.93,297.5,332.43
2025-07-15,2025,Q3,East,Noise Cancelling Headphones,149.99,8,1199.92,544.0,655.92
2025-07-15,2025,Q3,North,Monitor Stand,45.0,7,315.0,139.3,175.7
2025-07-16,2025,Q3,North,Monitor Stand,45.0,8,360.0,159.2,200.8
2025-07-16,2025,Q3,East,Mechanical Keyboard,89.99,2,179.98,85.0,94.98
2025-07-16,2025,Q3,North,Ergonomic Chair Cushion,39.99,2,79.98,34.4,45.58
2025-07-16,2025,Q3,West,Bluetooth Speaker,74.99,7,524.93,231.7,293.23
2025-07-16,2025,Q3,North,Ergonomic Chair Cushion,39.99,6,239.94,103.2,136.74
2025-07-16,2025,Q3,South,Noise Cancelling Headphones,149.99,2,299.98,136.0,163.98
2025-07-16,2025,Q3,West,Mechanical Keyboard,89.99,5,449.95,212.5,237.45
2025-07-17,2025,Q3,North,Monitor Stand,45.0,4,180.0,79.6,100.4
2025-07-17,2025,Q3,West,USB-C Hub,34.5,2,69.0,31.6,37.4
2025-07-17,2025,Q3,North,Monitor Stand,45.0,1,45.0,19.9,25.1
2025-07-18,2025,Q3,East,USB-C Hub,34.5,7,241.5,110.6,130.9
2025-07-18,2025,Q3,South,Wireless Mouse,24.99,2,49.98,22.4,27.58
2025-07-18,2025,Q3,South,USB-C Hub,34.5,6,207.0,94.8,112.2
2025-07-19,2025,Q3,East,Bluetooth Speaker,74.99,1,74.99,33.1,41.89
2025-07-19,2025,Q3,East,Desk Lamp,29.95,2,59.9,26.8,33.1
2025-07-19,2025,Q3,North,Wireless Mouse,24.99,3,74.97,33.6,41.37
2025-07-19,2025,Q3,West,USB-C Hub,34.5,8,276.0,126.4,149.6
2025-07-19,2025,Q3,North,Noise Cancelling Headphones,149.99,6,899.94,408.0,491.94
2025-07-19,2025,Q3,North,Mechanical Keyboard,89.99,3,269.97,127.5,142.47
2025-07-20,2025,Q3,West,USB-C Hub,34.5,2,69.0,31.6,37.4
2025-07-20,2025,Q3,West,Wireless Mouse,24.99,8,199.92,89.6,110.32
2025-07-20,2025,Q3,East,Monitor Stand,45.0,3,135.0,59.7,75.3
2025-07-20,2025,Q3,South,Webcam HD,59.99,4,239.96,109.2,130.76
2025-07-20,2025,Q3,East,Monitor Stand,45.0,2,90.0,39.8,50.2
2025-07-20,2025,Q3,West,Noise Cancelling Headphones,149.99,2,299.98,136.0,163.98
2025-07-20,2025,Q3,East,Webcam HD,59.99,3,179.97,81.9,98.07
2025-07-21,2025,Q3,East,Ergonomic Chair Cushion,39.99,1,39.99,17.2,22.79
2025-07-21,2025,Q3,East,Mechanical Keyboard,89.99,3,269.97,127.5,142.47
2025-07-21,2025,Q3,North,Webcam HD,59.99,6,359.94,163.8,196.14
2025-07-21,2025,Q3,West,Mechanical Keyboard,89.99,6,539.94,255.0,284.94
2025-07-21,2025,Q3,North,Laptop Sleeve,19.99,2,39.98,15.2,24.78
2025-07-21,2025,Q3,West,Wireless Mouse,24.99,7,174.93,78.4,96.53
2025-07-22,2025,Q3,North,Laptop Sleeve,19.99,2,39.98,15.2,24.78
2025-07-22,2025,Q3,East,Noise Cancelling Headphones,149.99,2,299.98,136.0,163.98
2025-07-22,2025,Q3,East,Laptop Sleeve,19.99,7,139.93,53.2,86.73
2025-07-22,2025,Q3,South,Laptop Sleeve,19.99,1,19.99,7.6,12.39
2025-07-23,2025,Q3,West,Ergonomic Chair Cushion,39.99,6,239.94,103.2,136.74
2025-07-23,2025,Q3,East,Wireless Mouse,24.99,1,24.99,11.2,13.79
2025-07-23,2025,Q3,East,Wireless Mouse,24.99,3,74.97,33.6,41.37
2025-07-23,2025,Q3,East,USB-C Hub,34.5,2,69.0,31.6,37.4
2025-07-24,2025,Q3,South,Mechanical Keyboard,89.99,5,449.95,212.5,237.45
2025-07-24,2025,Q3,East,Laptop Sleeve,19.99,8,159.92,60.8,99.12
2025-07-24,2025,Q3,West,Wireless Mouse,24.99,5,124.95,56.0,68.95
2025-07-24,2025,Q3,West,Ergonomic Chair Cushion,39.99,5,199.95,86.0,113.95
2025-07-24,2025,Q3,North,Monitor Stand,45.0,1,45.0,19.9,25.1
2025-07-25,2025,Q3,West,Mechanical Keyboard,89.99,3,269.97,127.5,142.47
2025-07-25,2025,Q3,East,USB-C Hub,34.5,7,241.5,110.6,130.9
2025-07-25,2025,Q3,North,Laptop Sleeve,19.99,2,39.98,15.2,24.78
2025-07-25,2025,Q3,West,Noise Cancelling Headphones,149.99,2,299.98,136.0,163.98
2025-07-25,2025,Q3,North,Ergonomic Chair Cushion,39.99,1,39.99,17.2,22.79
2025-07-25,2025,Q3,North,Desk Lamp,29.95,4,119.8,53.6,66.2
2025-07-25,2025,Q3,East,Bluetooth Speaker,74.99,7,524.93,231.7,293.23
2025-07-26,2025,Q3,North,Noise Cancelling Headphones,149.99,6,899.94,408.0,491.94
2025-07-26,2025,Q3,West,USB-C Hub,34.5,8,276.0,126.4,149.6
2025-07-26,2025,Q3,East,Wireless Mouse,24.99,4,99.96,44.8,55.16
2025-07-26,2025,Q3,West,Mechanical Keyboard,89.99,3,269.97,127.5,142.47
2025-07-26,2025,Q3,South,Monitor Stand,45.0,7,315.0,139.3,175.7
2025-07-26,2025,Q3,South,Ergonomic Chair Cushion,39.99,8,319.92,137.6,182.32
2025-07-26,2025,Q3,West,Ergonomic Chair Cushion,39.99,4,159.96,68.8,91.16
2025-07-27,2025,Q3,North,Ergonomic Chair Cushion,39.99,8,319.92,137.6,182.32
2025-07-27,2025,Q3,West,Wireless Mouse,24.99,2,49.98,22.4,27.58
2025-07-27,2025,Q3,West,Webcam HD,59.99,7,419.93,191.1,228.83
2025-07-27,2025,Q3,North,Laptop Sleeve,19.99,2,39.98,15.2,24.78
2025-07-27,2025,Q3,West,Desk Lamp,29.95,4,119.8,53.6,66.2
2025-07-27,2025,Q3,South,Mechanical Keyboard,89.99,5,449.95,212.5,237.45
2025-07-28,2025,Q3,East,Noise Cancelling Headphones,149.99,4,599.96,272.0,327.96
2025-07-28,2025,Q3,East,Ergonomic Chair Cushion,39.99,1,39.99,17.2,22.79
2025-07-28,2025,Q3,South,Bluetooth Speaker,74.99,3,224.97,99.3,125.67
2025-07-28,2025,Q3,West,Wireless Mouse,24.99,1,24.99,11.2,13.79
2025-07-28,2025,Q3,East,Laptop Sleeve,19.99,3,59.97,22.8,37.17
2025-07-29,2025,Q3,East,Mechanical Keyboard,89.99,1,89.99,42.5,47.49
2025-07-29,2025,Q3,East,Mechanical Keyboard,89.99,6,539.94,255.0,284.94
2025-07-29,2025,Q3,West,Desk Lamp,29.95,6,179.7,80.4,99.3
2025-07-29,2025,Q3,South,Bluetooth Speaker,74.99,5,374.95,165.5,209.45
2025-07-29,2025,Q3,South,USB-C Hub,34.5,6,207.0,94.8,112.2
2025-07-29,2025,Q3,North,Desk Lamp,29.95,8,239.6,107.2,132.4
2025-07-29,2025,Q3,North,Noise Cancelling Headphones,149.99,2,299.98,136.0,163.98
2025-07-30,2025,Q3,West,Desk Lamp,29.95,7,209.65,93.8,115.85
2025-07-30,2025,Q3,West,Laptop Sleeve,19.99,3,59.97,22.8,37.17
2025-07-30,2025,Q3,South,Ergonomic Chair Cushion,39.99,1,39.99,17.2,22.79
2025-07-30,2025,Q3,South,USB-C Hub,34.5,5,172.5,79.0,93.5
2025-07-30,2025,Q3,East,Ergonomic Chair Cushion,39.99,2,79.98,34.4,45.58
2025-07-30,2025,Q3,East,Webcam HD,59.99,8,479.92,218.4,261.52
2025-07-30,2025,Q3,East,Ergonomic Chair Cushion,39.99,5,199.95,86.0,113.95
2025-07-31,2025,Q3,South,USB-C Hub,34.5,4,138.0,63.2,74.8
2025-07-31,2025,Q3,West,Noise Cancelling Headphones,149.99,3,449.97,204.0,245.97
2025-07-31,2025,Q3,South,Webcam HD,59.99,1,59.99,27.3,32.69
2025-07-31,2025,Q3,North,Ergonomic Chair Cushion,39.99,8,319.92,137.6,182.32
2025-07-31,2025,Q3,West,Noise Cancelling Headphones,149.99,2,299.98,136.0,163.98
2025-07-31,2025,Q3,North,USB-C Hub,34.5,6,207.0,94.8,112.2
2025-08-01,2025,Q3,North,Ergonomic Chair Cushion,39.99,3,119.97,51.6,68.37
2025-08-01,2025,Q3,West,Desk Lamp,29.95,8,239.6,107.2,132.4
2025-08-01,2025,Q3,North,Ergonomic Chair Cushion,39.99,4,159.96,68.8,91.16
2025-08-01,2025,Q3,West,Desk Lamp,29.95,8,239.6,107.2,132.4
2025-08-02,2025,Q3,East,Noise Cancelling Headphones,149.99,5,749.95,340.0,409.95
2025-08-02,2025,Q3,North,Webcam HD,59.99,2,119.98,54.6,65.38
2025-08-02,2025,Q3,North,Laptop Sleeve,19.99,7,139.93,53.2,86.73
2025-08-02,2025,Q3,North,Wireless Mouse,24.99,6,149.94,67.2,82.74
2025-08-03,2025,Q3,South,USB-C Hub,34.5,2,69.0,31.6,37.4
2025-08-03,2025,Q3,West,Mechanical Keyboard,89.99,4,359.96,170.0,189.96
2025-08-03,2025,Q3,South,Laptop Sleeve,19.99,4,79.96,30.4,49.56
2025-08-03,2025,Q3,North,USB-C Hub,34.5,1,34.5,15.8,18.7
2025-08-03,2025,Q3,East,Monitor Stand,45.0,5,225.0,99.5,125.5
2025-08-04,2025,Q3,West,USB-C Hub,34.5,7,241.5,110.6,130.9
2025-08-04,2025,Q3,South,Webcam HD,59.99,6,359.94,163.8,196.14
2025-08-04,2025,Q3,West,Noise Cancelling Headphones,149.99,4,599.96,272.0,327.96
2025-08-04,2025,Q3,East,Noise Cancelling Headphones,149.99,3,449.97,204.0,245.97
2025-08-04,2025,Q3,North,USB-C Hub,34.5,6,207.0,94.8,112.2
2025-08-04,2025,Q3,North,Monitor Stand,45.0,7,315.0,139.3,175.7
2025-08-05,2025,Q3,North,Desk Lamp,29.95,2,59.9,26.8,33.1
2025-08-05,2025,Q3,South,USB-C Hub,34.5,2,69.0,31.6,37.4
2025-08-05,2025,Q3,East,Monitor Stand,45.0,2,90.0,39.8,50.2
2025-08-05,2025,Q3,South,Laptop Sleeve,19.99,4,79.96,30.4,49.56
2025-08-05,2025,Q3,East,Wireless Mouse,24.99,6,149.94,67.2,82.74
2025-08-05,2025,Q3,South,Mechanical Keyboard,89.99,6,539.94,255.0,284.94
2025-08-06,2025,Q3,West,Desk Lamp,29.95,4,119.8,53.6,66.2
2025-08-06,2025,Q3,South,Laptop Sleeve,19.99,6,119.94,45.6,74.34
2025-08-06,2025,Q3,East,Bluetooth Speaker,74.99,2,149.98,66.2,83.78
2025-08-06,2025,Q3,East,Bluetooth Speaker,74.99,3,224.97,99.3,125.67
2025-08-06,2025,Q3,West,Webcam HD,59.99,7,419.93,191.1,228.83
2025-08-07,2025,Q3,West,Mechanical Keyboard,89.99,6,539.94,255.0,284.94
2025-08-07,2025,Q3,East,Bluetooth Speaker,74.99,8,599.92,264.8,335.12
2025-08-07,2025,Q3,West,Bluetooth Speaker,74.99,1,74.99,33.1,41.89
2025-08-07,2025,Q3,North,Laptop Sleeve,19.99,8,159.92,60.8,99.12
2025-08-07,2025,Q3,East,Noise Cancelling Headphones,149.99,1,149.99,68.0,81.99
2025-08-07,2025,Q3,East,Laptop Sleeve,19.99,8,159.92,60.8,99.12
2025-08-08,2025,Q3,North,USB-C Hub,34.5,3,103.5,47.4,56.1
2025-08-08,2025,Q3,North,Ergonomic Chair Cushion,39.99,5,199.95,86.0,113.95
2025-08-08,2025,Q3,West,Bluetooth Speaker,74.99,5,374.95,165.5,209.45
2025-08-09,2025,Q3,North,Wireless Mouse,24.99,7,174.93,78.4,96.53
2025-08-09,2025,Q3,North,Monitor Stand,45.0,1,45.0,19.9,25.1
2025-08-09,2025,Q3,East,Wireless Mouse,24.99,6,149.94,67.2,82.74
2025-08-09,2025,Q3,North,Ergonomic Chair Cushion,39.99,5,199.95,86.0,113.95
2025-08-09,2025,Q3,East,Mechanical Keyboard,89.99,8,719.92,340.0,379.92
2025-08-10,2025,Q3,North,Bluetooth Speaker,74.99,5,374.95,165.5,209.45
2025-08-10,2025,Q3,North,Monitor Stand,45.0,6,270.0,119.4,150.6
2025-08-10,2025,Q3,South,Webcam HD,59.99,7,419.93,191.1,228.83
2025-08-10,2025,Q3,West,Mechanical Keyboard,89.99,1,89.99,42.5,47.49
2025-08-10,2025,Q3,South,Mechanical Keyboard,89.99,4,359.96,170.0,189.96
2025-08-11,2025,Q3,East,Noise Cancelling Headphones,149.99,7,1049.93,476.0,573.93
2025-08-11,2025,Q3,West,Desk Lamp,29.95,3,89.85,40.2,49.65
2025-08-11,2025,Q3,East,Noise Cancelling Headphones,149.99,6,899.94,408.0,491.94
2025-08-11,2025,Q3,South,Laptop Sleeve,19.99,8,159.92,60.8,99.12
2025-08-12,2025,Q3,East,Noise Cancelling Headphones,149.99,3,449.97,204.0,245.97
2025-08-12,2025,Q3,West,Desk Lamp,29.95,4,119.8,53.6,66.2
2025-08-12,2025,Q3,South,Monitor Stand,45.0,7,315.0,139.3,175.7
2025-08-12,2025,Q3,South,USB-C Hub,34.5,2,69.0,31.6,37.4
2025-08-12,2025,Q3,North,Webcam HD,59.99,7,419.93,191.1,228.83
2025-08-13,2025,Q3,East,Desk Lamp,29.95,2,59.9,26.8,33.1
2025-08-13,2025,Q3,North,Laptop Sleeve,19.99,6,119.94,45.6,74.34
2025-08-13,2025,Q3,North,Laptop Sleeve,19.99,7,139.93,53.2,86.73
2025-08-13,2025,Q3,East,Wireless Mouse,24.99,6,149.94,67.2,82.74
2025-08-14,2025,Q3,East,Ergonomic Chair Cushion,39.99,8,319.92,137.6,182.32
2025-08-14,2025,Q3,West,USB-C Hub,34.5,1,34.5,15.8,18.7
2025-08-14,2025,Q3,East,Laptop Sleeve,19.99,6,119.94,45.6,74.34
2025-08-14,2025,Q3,East,Ergonomic Chair Cushion,39.99,7,279.93,120.4,159.53
2025-08-15,2025,Q3,North,Mechanical Keyboard,89.99,3,269.97,127.5,142.47
2025-08-15,2025,Q3,North,Bluetooth Speaker,74.99,8,599.92,264.8,335.12
2025-08-15,2025,Q3,North,Wireless Mouse,24.99,8,199.92,89.6,110.32
2025-08-15,2025,Q3,North,Bluetooth Speaker,74.99,6,449.94,198.6,251.34
2025-08-15,2025,Q3,West,Wireless Mouse,24.99,4,99.96,44.8,55.16
2025-08-16,2025,Q3,South,Laptop Sleeve,19.99,2,39.98,15.2,24.78
2025-08-16,2025,Q3,East,Mechanical Keyboard,89.99,7,629.93,297.5,332.43
2025-08-16,2025,Q3,East,Monitor Stand,45.0,4,180.0,79.6,100.4
2025-08-16,2025,Q3,North,Webcam HD,59.99,5,299.95,136.5,163.45
2025-08-16,2025,Q3,West,USB-C Hub,34.5,1,34.5,15.8,18.7
2025-08-17,2025,Q3,North,Noise Cancelling Headphones,149.99,2,299.98,136.0,163.98
2025-08-17,2025,Q3,East,Desk Lamp,29.95,8,239.6,107.2,132.4
2025-08-18,2025,Q3,South,Mechanical Keyboard,89.99,8,719.92,340.0,379.92
2025-08-18,2025,Q3,North,Wireless Mouse,24.99,3,74.97,33.6,41.37
2025-08-18,2025,Q3,North,USB-C Hub,34.5,3,103.5,47.4,56.1
2025-08-18,2025,Q3,North,Noise Cancelling Headphones,149.99,5,749.95,340.0,409.95
2025-08-19,2025,Q3,North,Noise Cancelling Headphones,149.99,1,149.99,68.0,81.99
2025-08-19,2025,Q3,East,USB-C Hub,34.5,7,241.5,110.6,130.9
2025-08-19,2025,Q3,South,Mechanical Keyboard,89.99,4,359.96,170.0,189.96
2025-08-19,2025,Q3,West,Bluetooth Speaker,74.99,2,149.98,66.2,83.78
2025-08-19,2025,Q3,South,Desk Lamp,29.95,6,179.7,80.4,99.3
2025-08-19,2025,Q3,South,USB-C Hub,34.5,5,172.5,79.0,93.5
2025-08-19,2025,Q3,North,Ergonomic Chair Cushion,39.99,8,319.92,137.6,182.32
2025-08-19,2025,Q3,South,Monitor Stand,45.0,8,360.0,159.2,200.8
2025-08-20,2025,Q3,South,Mechanical Keyboard,89.99,3,269.97,127.5,142.47
2025-08-20,2025,Q3,South,Wireless Mouse,24.99,2,49.98,22.4,27.58
2025-08-20,2025,Q3,North,USB-C Hub,34.5,5,172.5,79.0,93.5
2025-08-21,2025,Q3,West,Wireless Mouse,24.99,7,174.93,78.4,96.53
2025-08-21,2025,Q3,South,Webcam HD,59.99,1,59.99,27.3,32.69
2025-08-21,2025,Q3,West,Noise Cancelling Headphones,149.99,2,299.98,136.0,163.98
2025-08-21,2025,Q3,West,Wireless Mouse,24.99,3,74.97,33.6,41.37
2025-08-21,2025,Q3,East,Noise Cancelling Headphones,149.99,7,1049.93,476.0,573.93
2025-08-21,2025,Q3,South,Bluetooth Speaker,74.99,3,224.97,99.3,125.67
2025-08-22,2025,Q3,South,Webcam HD,59.99,7,419.93,191.1,228.83
2025-08-22,2025,Q3,South,Webcam HD,59.99,5,299.95,136.5,163.45
2025-08-22,2025,Q3,West,Desk Lamp,29.95,8,239.6,107.2,132.4
2025-08-22,2025,Q3,East,Desk Lamp,29.95,5,149.75,67.0,82.75
2025-08-23,2025,Q3,West,Wireless Mouse,24.99,8,199.92,89.6,110.32
2025-08-23,2025,Q3,South,Webcam HD,59.99,7,419.93,191.1,228.83
2025-08-23,2025,Q3,South,Mechanical Keyboard,89.99,7,629.93,297.5,332.43
2025-08-23,2025,Q3,West,Desk Lamp,29.95,6,179.7,80.4,99.3
2025-08-24,2025,Q3,South,Noise Cancelling Headphones,149.99,7,1049.93,476.0,573.93
2025-08-24,2025,Q3,West,USB-C Hub,34.5,5,172.5,79.0,93.5
2025-08-24,2025,Q3,North,Webcam HD,59.99,1,59.99,27.3,32.69
2025-08-24,2025,Q3,East,USB-C Hub,34.5,6,207.0,94.8,112.2
2025-08-24,2025,Q3,West,Desk Lamp,29.95,7,209.65,93.8,115.85
2025-08-25,2025,Q3,East,Wireless Mouse,24.99,8,199.92,89.6,110.32
2025-08-25,2025,Q3,North,Mechanical Keyboard,89.99,3,269.97,127.5,142.47
2025-08-25,2025,Q3,North,Bluetooth Speaker,74.99,7,524.93,231.7,293.23
2025-08-25,2025,Q3,East,Monitor Stand,45.0,7,315.0,139.3,175.7
2025-08-25,2025,Q3,West,Desk Lamp,29.95,7,209.65,93.8,115.85
2025-08-26,2025,Q3,West,Noise Cancelling Headphones,149.99,1,149.99,68.0,81.99
2025-08-26,2025,Q3,East,Noise Cancelling Headphones,149.99,8,1199.92,544.0,655.92
2025-08-26,2025,Q3,South,Laptop Sleeve,19.99,8,159.92,60.8,99.12
2025-08-26,2025,Q3,North,Ergonomic Chair Cushion,39.99,4,159.96,68.8,91.16
2025-08-27,2025,Q3,East,Webcam HD,59.99,5,299.95,136.5,163.45
2025-08-27,2025,Q3,North,Wireless Mouse,24.99,4,99.96,44.8,55.16
2025-08-27,2025,Q3,South,Webcam HD,59.99,5,299.95,136.5,163.45
2025-08-27,2025,Q3,South,Noise Cancelling Headphones,149.99,3,449.97,204.0,245.97
2025-08-28,2025,Q3,North,USB-C Hub,34.5,4,138.0,63.2,74.8
2025-08-28,2025,Q3,East,Laptop Sleeve,19.99,2,39.98,15.2,24.78
2025-08-28,2025,Q3,East,Desk Lamp,29.95,3,89.85,40.2,49.65
2025-08-28,2025,Q3,South,Laptop Sleeve,19.99,4,79.96,30.4,49.56
2025-08-28,2025,Q3,East,Monitor Stand,45.0,4,180.0,79.6,100.4
2025-08-28,2025,Q3,South,Wireless Mouse,24.99,3,74.97,33.6,41.37
2025-08-29,2025,Q3,West,Monitor Stand,45.0,4,180.0,79.6,100.4
2025-08-29,2025,Q3,West,Mechanical Keyboard,89.99,4,359.96,170.0,189.96
2025-08-29,2025,Q3,East,Laptop Sleeve,19.99,2,39.98,15.2,24.78
2025-08-29,2025,Q3,South,Noise Cancelling Headphones,149.99,6,899.94,408.0,491.94
2025-08-29,2025,Q3,North,Laptop Sleeve,19.99,4,79.96,30.4,49.56
2025-08-30,2025,Q3,West,Webcam HD,59.99,7,419.93,191.1,228.83
2025-08-30,2025,Q3,South,USB-C Hub,34.5,1,34.5,15.8,18.7
2025-08-30,2025,Q3,North,Desk Lamp,29.95,6,179.7,80.4,99.3
2025-08-30,2025,Q3,East,Laptop Sleeve,19.99,6,119.94,45.6,74.34
2025-08-30,2025,Q3,West,Webcam HD,59.99,7,419.93,191.1,228.83
2025-08-31,2025,Q3,South,Wireless Mouse,24.99,4,99.96,44.8,55.16
2025-08-31,2025,Q3,South,Laptop Sleeve,19.99,6,119.94,45.6,74.34
2025-08-31,2025,Q3,South,Wireless Mouse,24.99,4,99.96,44.8,55.16
2025-09-01,2025,Q3,South,USB-C Hub,34.5,7,241.5,110.6,130.9
2025-09-01,2025,Q3,West,Wireless Mouse,24.99,4,99.96,44.8,55.16
2025-09-01,2025,Q3,East,Bluetooth Speaker,74.99,6,449.94,198.6,251.34
2025-09-01,2025,Q3,North,Ergonomic Chair Cushion,39.99,1,39.99,17.2,22.79
2025-09-02,2025,Q3,East,Laptop Sleeve,19.99,3,59.97,22.8,37.17
2025-09-02,2025,Q3,North,Laptop Sleeve,19.99,7,139.93,53.2,86.73
2025-09-02,2025,Q3,South,Wireless Mouse,24.99,3,74.97,33.6,41.37
2025-09-02,2025,Q3,East,Monitor Stand,45.0,4,180.0,79.6,100.4
2025-09-02,2025,Q3,South,Noise Cancelling Headphones,149.99,8,1199.92,544.0,655.92
2025-09-03,2025,Q3,North,USB-C Hub,34.5,7,241.5,110.6,130.9
2025-09-03,2025,Q3,East,Monitor Stand,45.0,5,225.0,99.5,125.5
2025-09-03,2025,Q3,East,Wireless Mouse,24.99,3,74.97,33.6,41.37
2025-09-04,2025,Q3,South,Webcam HD,59.99,5,299.95,136.5,163.45
2025-09-04,2025,Q3,South,Noise Cancelling Headphones,149.99,1,149.99,68.0,81.99
2025-09-04,2025,Q3,North,Monitor Stand,45.0,7,315.0,139.3,175.7
2025-09-04,2025,Q3,East,Webcam HD,59.99,3,179.97,81.9,98.07
2025-09-04,2025,Q3,North,Bluetooth Speaker,74.99,6,449.94,198.6,251.34
2025-09-04,2025,Q3,West,USB-C Hub,34.5,8,276.0,126.4,149.6
2025-09-05,2025,Q3,North,Mechanical Keyboard,89.99,7,629.93,297.5,332.43
2025-09-05,2025,Q3,East,Bluetooth Speaker,74.99,4,299.96,132.4,167.56
2025-09-05,2025,Q3,West,Mechanical Keyboard,89.99,6,539.94,255.0,284.94
2025-09-05,2025,Q3,South,Bluetooth Speaker,74.99,1,74.99,33.1,41.89
2025-09-05,2025,Q3,East,Ergonomic Chair Cushion,39.99,2,79.98,34.4,45.58
2025-09-06,2025,Q3,North,Mechanical Keyboard,89.99,7,629.93,297.5,332.43
2025-09-06,2025,Q3,West,USB-C Hub,34.5,8,276.0,126.4,149.6
2025-09-06,2025,Q3,East,Desk Lamp,29.95,7,209.65,93.8,115.85
2025-09-06,2025,Q3,North,Mechanical Keyboard,89.99,7,629.93,297.5,332.43
2025-09-06,2025,Q3,East,Noise Cancelling Headphones,149.99,5,749.95,340.0,409.95
2025-09-06,2025,Q3,West,Ergonomic Chair Cushion,39.99,6,239.94,103.2,136.74
2025-09-07,2025,Q3,West,Ergonomic Chair Cushion,39.99,7,279.93,120.4,159.53
2025-09-07,2025,Q3,South,Noise Cancelling Headphones,149.99,1,149.99,68.0,81.99
2025-09-07,2025,Q3,West,Ergonomic Chair Cushion,39.99,4,159.96,68.8,91.16
2025-09-08,2025,Q3,East,USB-C Hub,34.5,6,207.0,94.8,112.2
2025-09-08,2025,Q3,South,Laptop Sleeve,19.99,1,19.99,7.6,12.39
2025-09-08,2025,Q3,West,USB-C Hub,34.5,4,138.0,63.2,74.8
2025-09-08,2025,Q3,West,Ergonomic Chair Cushion,39.99,3,119.97,51.6,68.37
2025-09-09,2025,Q3,North,Desk Lamp,29.95,6,179.7,80.4,99.3
2025-09-09,2025,Q3,West,Ergonomic Chair Cushion,39.99,7,279.93,120.4,159.53
2025-09-09,2025,Q3,East,Webcam HD,59.99,6,359.94,163.8,196.14
2025-09-09,2025,Q3,East,Bluetooth Speaker,74.99,5,374.95,165.5,209.45
2025-09-10,2025,Q3,East,Wireless Mouse,24.99,4,99.96,44.8,55.16
2025-09-10,2025,Q3,West,Wireless Mouse,24.99,6,149.94,67.2,82.74
2025-09-10,2025,Q3,North,Ergonomic Chair Cushion,39.99,6,239.94,103.2,136.74
2025-09-10,2025,Q3,North,Wireless Mouse,24.99,2,49.98,22.4,27.58
2025-09-10,2025,Q3,North,Desk Lamp,29.95,5,149.75,67.0,82.75
2025-09-10,2025,Q3,North,Monitor Stand,45.0,7,315.0,139.3,175.7
2025-09-11,2025,Q3,North,Webcam HD,59.99,8,479.92,218.4,261.52
2025-09-11,2025,Q3,North,Wireless Mouse,24.99,1,24.99,11.2,13.79
2025-09-11,2025,Q3,West,Noise Cancelling Headphones,149.99,6,899.94,408.0,491.94
2025-09-11,2025,Q3,North,Webcam HD,59.99,3,179.97,81.9,98.07
2025-09-11,2025,Q3,South,Laptop Sleeve,19.99,8,159.92,60.8,99.12
2025-09-11,2025,Q3,East,Laptop Sleeve,19.99,6,119.94,45.6,74.34
2025-09-12,2025,Q3,East,USB-C Hub,34.5,6,207.0,94.8,112.2
2025-09-12,2025,Q3,East,Ergonomic Chair Cushion,39.99,5,199.95,86.0,113.95
2025-09-12,2025,Q3,East,USB-C Hub,34.5,2,69.0,31.6,37.4
2025-09-12,2025,Q3,North,Ergonomic Chair Cushion,39.99,8,319.92,137.6,182.32
2025-09-12,2025,Q3,East,Wireless Mouse,24.99,5,124.95,56.0,68.95
2025-09-13,2025,Q3,West,Noise Cancelling Headphones,149.99,6,899.94,408.0,491.94
2025-09-13,2025,Q3,East,Webcam HD,59.99,5,299.95,136.5,163.45
2025-09-13,2025,Q3,North,Desk Lamp,29.95,3,89.85,40.2,49.65
2025-09-13,2025,Q3,North,Webcam HD,59.99,4,239.96,109.2,130.76
2025-09-13,2025,Q3,West,Desk Lamp,29.95,4,119.8,53.6,66.2
2025-09-13,2025,Q3,East,Noise Cancelling Headphones,149.99,1,149.99,68.0,81.99
2025-09-13,2025,Q3,North,Ergonomic Chair Cushion,39.99,1,39.99,17.2,22.79
2025-09-14,2025,Q3,West,Wireless Mouse,24.99,4,99.96,44.8,55.16
2025-09-14,2025,Q3,North,Noise Cancelling Headphones,149.99,8,1199.92,544.0,655.92
2025-09-14,2025,Q3,South,Bluetooth Speaker,74.99,8,599.92,264.8,335.12
2025-09-14,2025,Q3,South,Wireless Mouse,24.99,8,199.92,89.6,110.32
2025-09-15,2025,Q3,North,Noise Cancelling Headphones,149.99,4,599.96,272.0,327.96
2025-09-15,2025,Q3,West,Mechanical Keyboard,89.99,3,269.97,127.5,142.47
2025-09-15,2025,Q3,East,Bluetooth Speaker,74.99,4,299.96,132.4,167.56
2025-09-15,2025,Q3,East,Desk Lamp,29.95,1,29.95,13.4,16.55
2025-09-15,2025,Q3,West,Mechanical Keyboard,89.99,4,359.96,170.0,189.96
2025-09-16,2025,Q3,East,Noise Cancelling Headphones,149.99,7,1049.93,476.0,573.93
2025-09-16,2025,Q3,South,Ergonomic Chair Cushion,39.99,7,279.93,120.4,159.53
2025-09-16,2025,Q3,East,Desk Lamp,29.95,6,179.7,80.4,99.3
2025-09-17,2025,Q3,North,Noise Cancelling Headphones,149.99,1,149.99,68.0,81.99
2025-09-17,2025,Q3,South,Desk Lamp,29.95,5,149.75,67.0,82.75
2025-09-17,2025,Q3,East,Webcam HD,59.99,2,119.98,54.6,65.38
2025-09-18,2025,Q3,South,USB-C Hub,34.5,2,69.0,31.6,37.4
2025-09-18,2025,Q3,North,Webcam HD,59.99,1,59.99,27.3,32.69
2025-09-18,2025,Q3,North,Noise Cancelling Headphones,149.99,7,1049.93,476.0,573.93
2025-09-19,2025,Q3,North,Monitor Stand,45.0,8,360.0,159.2,200.8
2025-09-19,2025,Q3,East,Ergonomic Chair Cushion,39.99,1,39.99,17.2,22.79
2025-09-19,2025,Q3,West,Webcam HD,59.99,2,119.98,54.6,65.38
2025-09-20,2025,Q3,South,Laptop Sleeve,19.99,6,119.94,45.6,74.34
2025-09-20,2025,Q3,South,Desk Lamp,29.95,1,29.95,13.4,16.55
2025-09-20,2025,Q3,West,Mechanical Keyboard,89.99,5,449.95,212.5,237.45
2025-09-20,2025,Q3,East,Monitor Stand,45.0,8,360.0,159.2,200.8
2025-09-21,2025,Q3,North,Monitor Stand,45.0,4,180.0,79.6,100.4
2025-09-21,2025,Q3,East,Wireless Mouse,24.99,5,124.95,56.0,68.95
2025-09-21,2025,Q3,South,USB-C Hub,34.5,2,69.0,31.6,37.4
2025-09-21,2025,Q3,South,Webcam HD,59.99,6,359.94,163.8,196.14
2025-09-22,2025,Q3,South,Ergonomic Chair Cushion,39.99,1,39.99,17.2,22.79
2025-09-22,2025,Q3,North,Webcam HD,59.99,5,299.95,136.5,163.45
2025-09-22,2025,Q3,North,Laptop Sleeve,19.99,6,119.94,45.6,74.34
2025-09-22,2025,Q3,East,Bluetooth Speaker,74.99,2,149.98,66.2,83.78
2025-09-22,2025,Q3,West,Desk Lamp,29.95,8,239.6,107.2,132.4
2025-09-22,2025,Q3,South,Webcam HD,59.99,6,359.94,163.8,196.14
2025-09-23,2025,Q3,West,Laptop Sleeve,19.99,3,59.97,22.8,37.17
2025-09-23,2025,Q3,East,Bluetooth Speaker,74.99,2,149.98,66.2,83.78
2025-09-23,2025,Q3,North,Monitor Stand,45.0,4,180.0,79.6,100.4
2025-09-23,2025,Q3,North,Wireless Mouse,24.99,3,74.97,33.6,41.37
2025-09-23,2025,Q3,North,Ergonomic Chair Cushion,39.99,1,39.99,17.2,22.79
2025-09-23,2025,Q3,South,Wireless Mouse,24.99,6,149.94,67.2,82.74
2025-09-24,2025,Q3,South,Laptop Sleeve,19.99,1,19.99,7.6,12.39
2025-09-24,2025,Q3,West,Monitor Stand,45.0,5,225.0,99.5,125.5
2025-09-24,2025,Q3,North,Mechanical Keyboard,89.99,4,359.96,170.0,189.96
2025-09-24,2025,Q3,East,Laptop Sleeve,19.99,8,159.92,60.8,99.12
2025-09-24,2025,Q3,East,Wireless Mouse,24.99,1,24.99,11.2,13.79
2025-09-24,2025,Q3,South,Noise Cancelling Headphones,149.99,7,1049.93,476.0,573.93
2025-09-25,2025,Q3,South,Wireless Mouse,24.99,4,99.96,44.8,55.16
2025-09-25,2025,Q3,North,USB-C Hub,34.5,5,172.5,79.0,93.5
2025-09-25,2025,Q3,South,Ergonomic Chair Cushion,39.99,7,279.93,120.4,159.53
2025-09-25,2025,Q3,South,Desk Lamp,29.95,2,59.9,26.8,33.1
2025-09-25,2025,Q3,South,Desk Lamp,29.95,5,149.75,67.0,82.75
2025-09-26,2025,Q3,West,USB-C Hub,34.5,1,34.5,15.8,18.7
2025-09-26,2025,Q3,South,Mechanical Keyboard,89.99,5,449.95,212.5,237.45
2025-09-26,2025,Q3,East,Laptop Sleeve,19.99,8,159.92,60.8,99.12
2025-09-26,2025,Q3,West,Mechanical Keyboard,89.99,5,449.95,212.5,237.45
2025-09-27,2025,Q3,East,USB-C Hub,34.5,4,138.0,63.2,74.8
2025-09-27,2025,Q3,East,Monitor Stand,45.0,2,90.0,39.8,50.2
2025-09-27,2025,Q3,North,Webcam HD,59.99,6,359.94,163.8,196.14
2025-09-27,2025,Q3,South,Bluetooth Speaker,74.99,8,599.92,264.8,335.12
2025-09-27,2025,Q3,South,Desk Lamp,29.95,4,119.8,53.6,66.2
2025-09-28,2025,Q3,South,Desk Lamp,29.95,5,149.75,67.0,82.75
2025-09-28,2025,Q3,South,USB-C Hub,34.5,4,138.0,63.2,74.8
2025-09-28,2025,Q3,West,Ergonomic Chair Cushion,39.99,2,79.98,34.4,45.58
2025-09-28,2025,Q3,South,Monitor Stand,45.0,8,360.0,159.2,200.8
2025-09-28,2025,Q3,North,Mechanical Keyboard,89.99,4,359.96,170.0,189.96
2025-09-29,2025,Q3,North,Noise Cancelling Headphones,149.99,4,599.96,272.0,327.96
2025-09-29,2025,Q3,South,Noise Cancelling Headphones,149.99,6,899.94,408.0,491.94
2025-09-29,2025,Q3,South,Mechanical Keyboard,89.99,1,89.99,42.5,47.49
2025-09-29,2025,Q3,West,Webcam HD,59.99,7,419.93,191.1,228.83
2025-09-29,2025,Q3,South,Bluetooth Speaker,74.99,6,449.94,198.6,251.34
2025-09-30,2025,Q3,North,Monitor Stand,45.0,8,360.0,159.2,200.8
2025-09-30,2025,Q3,North,Ergonomic Chair Cushion,39.99,2,79.98,34.4,45.58
2025-09-30,2025,Q3,East,Desk Lamp,29.95,4,119.8,53.6,66.2
2025-09-30,2025,Q3,West,Laptop Sleeve,19.99,5,99.95,38.0,61.95
2025-10-01,2025,Q4,East,Webcam HD,59.99,7,419.93,191.1,228.83
2025-10-01,2025,Q4,South,Noise Cancelling Headphones,149.99,2,299.98,136.0,163.98
2025-10-01,2025,Q4,East,Ergonomic Chair Cushion,39.99,5,199.95,86.0,113.95
2025-10-01,2025,Q4,West,Noise Cancelling Headphones,149.99,8,1199.92,544.0,655.92
2025-10-01,2025,Q4,West,Ergonomic Chair Cushion,39.99,5,199.95,86.0,113.95
2025-10-01,2025,Q4,South,Webcam HD,59.99,2,119.98,54.6,65.38
2025-10-01,2025,Q4,East,Noise Cancelling Headphones,149.99,7,1049.93,476.0,573.93
2025-10-01,2025,Q4,West,Monitor Stand,45.0,1,45.0,19.9,25.1
2025-10-02,2025,Q4,East,Laptop Sleeve,19.99,5,99.95,38.0,61.95
2025-10-02,2025,Q4,North,Desk Lamp,29.95,7,209.65,93.8,115.85
2025-10-02,2025,Q4,North,Laptop Sleeve,19.99,3,59.97,22.8,37.17
2025-10-02,2025,Q4,North,Noise Cancelling Headphones,149.99,8,1199.92,544.0,655.92
2025-10-02,2025,Q4,North,Webcam HD,59.99,2,119.98,54.6,65.38
2025-10-02,2025,Q4,East,Laptop Sleeve,19.99,3,59.97,22.8,37.17
2025-10-02,2025,Q4,South,USB-C Hub,34.5,8,276.0,126.4,149.6
2025-10-02,2025,Q4,East,Monitor Stand,45.0,2,90.0,39.8,50.2
2025-10-03,2025,Q4,North,Desk Lamp,29.95,2,59.9,26.8,33.1
2025-10-03,2025,Q4,West,USB-C Hub,34.5,2,69.0,31.6,37.4
2025-10-03,2025,Q4,South,Bluetooth Speaker,74.99,4,299.96,132.4,167.56
2025-10-03,2025,Q4,West,Monitor Stand,45.0,7,315.0,139.3,175.7
2025-10-03,2025,Q4,West,Laptop Sleeve,19.99,4,79.96,30.4,49.56
2025-10-03,2025,Q4,West,Monitor Stand,45.0,5,225.0,99.5,125.5
2025-10-03,2025,Q4,South,Webcam HD,59.99,4,239.96,109.2,130.76
2025-10-04,2025,Q4,West,Bluetooth Speaker,74.99,5,374.95,165.5,209.45
2025-10-04,2025,Q4,West,Laptop Sleeve,19.99,7,139.93,53.2,86.73
2025-10-04,2025,Q4,West,Desk Lamp,29.95,8,239.6,107.2,132.4
2025-10-05,2025,Q4,South,Monitor Stand,45.0,3,135.0,59.7,75.3
2025-10-05,2025,Q4,West,Bluetooth Speaker,74.99,4,299.96,132.4,167.56
2025-10-05,2025,Q4,North,Bluetooth Speaker,74.99,2,149.98,66.2,83.78
2025-10-05,2025,Q4,South,Noise Cancelling Headphones,149.99,6,899.94,408.0,491.94
2025-10-05,2025,Q4,East,Mechanical Keyboard,89.99,7,629.93,297.5,332.43
2025-10-05,2025,Q4,East,Laptop Sleeve,19.99,2,39.98,15.2,24.78
2025-10-06,2025,Q4,South,Ergonomic Chair Cushion,39.99,6,239.94,103.2,136.74
2025-10-06,2025,Q4,South,Ergonomic Chair Cushion,39.99,7,279.93,120.4,159.53
2025-10-06,2025,Q4,West,Desk Lamp,29.95,7,209.65,93.8,115.85
2025-10-06,2025,Q4,East,Desk Lamp,29.95,8,239.6,107.2,132.4
2025-10-06,2025,Q4,West,Ergonomic Chair Cushion,39.99,7,279.93,120.4,159.53
2025-10-06,2025,Q4,West,Ergonomic Chair Cushion,39.99,8,319.92,137.6,182.32
2025-10-07,2025,Q4,North,Bluetooth Speaker,74.99,7,524.93,231.7,293.23
2025-10-07,2025,Q4,East,Ergonomic Chair Cushion,39.99,3,119.97,51.6,68.37
2025-10-07,2025,Q4,North,Noise Cancelling Headphones,149.99,8,1199.92,544.0,655.92
2025-10-08,2025,Q4,West,Monitor Stand,45.0,4,180.0,79.6,100.4
2025-10-08,2025,Q4,North,Ergonomic Chair Cushion,39.99,7,279.93,120.4,159.53
2025-10-08,2025,Q4,East,Laptop Sleeve,19.99,8,159.92,60.8,99.12
2025-10-08,2025,Q4,East,Monitor Stand,45.0,4,180.0,79.6,100.4
2025-10-08,2025,Q4,North,Desk Lamp,29.95,1,29.95,13.4,16.55
2025-10-08,2025,Q4,East,Laptop Sleeve,19.99,7,139.93,53.2,86.73
2025-10-09,2025,Q4,North,USB-C Hub,34.5,5,172.5,79.0,93.5
2025-10-09,2025,Q4,East,Laptop Sleeve,19.99,5,99.95,38.0,61.95
2025-10-09,2025,Q4,East,Mechanical Keyboard,89.99,6,539.94,255.0,284.94
2025-10-09,2025,Q4,North,Mechanical Keyboard,89.99,3,269.97,127.5,142.47
2025-10-09,2025,Q4,West,Webcam HD,59.99,1,59.99,27.3,32.69
2025-10-09,2025,Q4,North,Mechanical Keyboard,89.99,5,449.95,212.5,237.45
2025-10-10,2025,Q4,South,Bluetooth Speaker,74.99,4,299.96,132.4,167.56
2025-10-10,2025,Q4,South,Mechanical Keyboard,89.99,7,629.93,297.5,332.43
2025-10-10,2025,Q4,North,Bluetooth Speaker,74.99,6,449.94,198.6,251.34
2025-10-10,2025,Q4,South,Desk Lamp,29.95,5,149.75,67.0,82.75
2025-10-10,2025,Q4,East,Webcam HD,59.99,4,239.96,109.2,130.76
2025-10-10,2025,Q4,East,Webcam HD,59.99,7,419.93,191.1,228.83
2025-10-10,2025,Q4,North,Ergonomic Chair Cushion,39.99,3,119.97,51.6,68.37
2025-10-11,2025,Q4,West,Desk Lamp,29.95,3,89.85,40.2,49.65
2025-10-11,2025,Q4,North,Wireless Mouse,24.99,7,174.93,78.4,96.53
2025-10-11,2025,Q4,South,Noise Cancelling Headphones,149.99,1,149.99,68.0,81.99
2025-10-11,2025,Q4,North,Desk Lamp,29.95,6,179.7,80.4,99.3
2025-10-11,2025,Q4,East,Ergonomic Chair Cushion,39.99,1,39.99,17.2,22.79
2025-10-11,2025,Q4,South,Mechanical Keyboard,89.99,2,179.98,85.0,94.98
2025-10-11,2025,Q4,West,Bluetooth Speaker,74.99,2,149.98,66.2,83.78
2025-10-12,2025,Q4,West,Laptop Sleeve,19.99,4,79.96,30.4,49.56
2025-10-12,2025,Q4,North,Monitor Stand,45.0,7,315.0,139.3,175.7
2025-10-12,2025,Q4,North,Webcam HD,59.99,4,239.96,109.2,130.76
2025-10-12,2025,Q4,East,USB-C Hub,34.5,5,172.5,79.0,93.5
2025-10-12,2025,Q4,East,Bluetooth Speaker,74.99,8,599.92,264.8,335.12
2025-10-12,2025,Q4,West,Webcam HD,59.99,1,59.99,27.3,32.69
2025-10-12,2025,Q4,North,Desk Lamp,29.95,7,209.65,93.8,115.85
2025-10-12,2025,Q4,South,Wireless Mouse,24.99,3,74.97,33.6,41.37
2025-10-13,2025,Q4,North,USB-C Hub,34.5,2,69.0,31.6,37.4
2025-10-13,2025,Q4,South,Mechanical Keyboard,89.99,5,449.95,212.5,237.45
2025-10-13,2025,Q4,East,Webcam HD,59.99,5,299.95,136.5,163.45
2025-10-13,2025,Q4,East,Desk Lamp,29.95,4,119.8,53.6,66.2
2025-10-13,2025,Q4,West,Mechanical Keyboard,89.99,1,89.99,42.5,47.49
2025-10-14,2025,Q4,West,Noise Cancelling Headphones,149.99,5,749.95,340.0,409.95
2025-10-14,2025,Q4,South,Noise Cancelling Headphones,149.99,8,1199.92,544.0,655.92
2025-10-14,2025,Q4,North,Webcam HD,59.99,4,239.96,109.2,130.76
2025-10-14,2025,Q4,North,Ergonomic Chair Cushion,39.99,2,79.98,34.4,45.58
2025-10-15,2025,Q4,West,Desk Lamp,29.95,5,149.75,67.0,82.75
2025-10-15,2025,Q4,West,Wireless Mouse,24.99,7,174.93,78.4,96.53
2025-10-15,2025,Q4,East,USB-C Hub,34.5,8,276.0,126.4,149.6
2025-10-15,2025,Q4,East,Mechanical Keyboard,89.99,8,719.92,340.0,379.92
2025-10-15,2025,Q4,East,Monitor Stand,45.0,8,360.0,159.2,200.8
2025-10-15,2025,Q4,North,Mechanical Keyboard,89.99,2,179.98,85.0,94.98
2025-10-16,2025,Q4,North,Laptop Sleeve,19.99,1,19.99,7.6,12.39
2025-10-16,2025,Q4,North,Ergonomic Chair Cushion,39.99,4,159.96,68.8,91.16
2025-10-16,2025,Q4,East,Laptop Sleeve,19.99,7,139.93,53.2,86.73
2025-10-16,2025,Q4,South,Mechanical Keyboard,89.99,6,539.94,255.0,284.94
2025-10-17,2025,Q4,South,USB-C Hub,34.5,7,241.5,110.6,130.9
2025-10-17,2025,Q4,South,Noise Cancelling Headphones,149.99,1,149.99,68.0,81.99
2025-10-17,2025,Q4,North,Mechanical Keyboard,89.99,2,179.98,85.0,94.98
2025-10-17,2025,Q4,North,Webcam HD,59.99,6,359.94,163.8,196.14
2025-10-17,2025,Q4,South,Mechanical Keyboard,89.99,5,449.95,212.5,237.45
2025-10-17,2025,Q4,West,Mechanical Keyboard,89.99,7,629.93,297.5,332.43
2025-10-17,2025,Q4,North,Monitor Stand,45.0,7,315.0,139.3,175.7
2025-10-17,2025,Q4,West,Monitor Stand,45.0,5,225.0,99.5,125.5
2025-10-18,2025,Q4,West,Desk Lamp,29.95,1,29.95,13.4,16.55
2025-10-18,2025,Q4,South,Bluetooth Speaker,74.99,4,299.96,132.4,167.56
2025-10-18,2025,Q4,South,Webcam HD,59.99,6,359.94,163.8,196.14
2025-10-18,2025,Q4,North,Mechanical Keyboard,89.99,3,269.97,127.5,142.47
2025-10-19,2025,Q4,North,USB-C Hub,34.5,3,103.5,47.4,56.1
2025-10-19,2025,Q4,East,Webcam HD,59.99,5,299.95,136.5,163.45
2025-10-19,2025,Q4,South,Laptop Sleeve,19.99,4,79.96,30.4,49.56
2025-10-19,2025,Q4,South,Monitor Stand,45.0,7,315.0,139.3,175.7
2025-10-19,2025,Q4,South,USB-C Hub,34.5,7,241.5,110.6,130.9
2025-10-20,2025,Q4,South,Monitor Stand,45.0,7,315.0,139.3,175.7
2025-10-20,2025,Q4,South,Desk Lamp,29.95,6,179.7,80.4,99.3
2025-10-20,2025,Q4,South,Webcam HD,59.99,4,239.96,109.2,130.76
2025-10-20,2025,Q4,North,Ergonomic Chair Cushion,39.99,5,199.95,86.0,113.95
2025-10-20,2025,Q4,East,Bluetooth Speaker,74.99,3,224.97,99.3,125.67
2025-10-20,2025,Q4,North,Mechanical Keyboard,89.99,1,89.99,42.5,47.49
2025-10-20,2025,Q4,South,Monitor Stand,45.0,3,135.0,59.7,75.3
2025-10-21,2025,Q4,West,Ergonomic Chair Cushion,39.99,3,119.97,51.6,68.37
2025-10-21,2025,Q4,North,Desk Lamp,29.95,6,179.7,80.4,99.3
2025-10-21,2025,Q4,North,Mechanical Keyboard,89.99,5,449.95,212.5,237.45
2025-10-21,2025,Q4,South,Noise Cancelling Headphones,149.99,3,449.97,204.0,245.97
2025-10-21,2025,Q4,East,Bluetooth Speaker,74.99,8,599.92,264.8,335.12
2025-10-21,2025,Q4,East,Bluetooth Speaker,74.99,3,224.97,99.3,125.67
2025-10-21,2025,Q4,South,Bluetooth Speaker,74.99,2,149.98,66.2,83.78
2025-10-22,2025,Q4,West,Bluetooth Speaker,74.99,5,374.95,165.5,209.45
2025-10-22,2025,Q4,East,Noise Cancelling Headphones,149.99,4,599.96,272.0,327.96
2025-10-22,2025,Q4,West,Wireless Mouse,24.99,2,49.98,22.4,27.58
2025-10-22,2025,Q4,West,Bluetooth Speaker,74.99,4,299.96,132.4,167.56
2025-10-22,2025,Q4,West,Laptop Sleeve,19.99,4,79.96,30.4,49.56
2025-10-23,2025,Q4,North,Monitor Stand,45.0,7,315.0,139.3,175.7
2025-10-23,2025,Q4,South,Laptop Sleeve,19.99,5,99.95,38.0,61.95
2025-10-23,2025,Q4,North,Desk Lamp,29.95,3,89.85,40.2,49.65
2025-10-23,2025,Q4,East,USB-C Hub,34.5,8,276.0,126.4,149.6
2025-10-24,2025,Q4,West,Mechanical Keyboard,89.99,6,539.94,255.0,284.94
2025-10-24,2025,Q4,South,Laptop Sleeve,19.99,8,159.92,60.8,99.12
2025-10-24,2025,Q4,South,Noise Cancelling Headphones,149.99,2,299.98,136.0,163.98
2025-10-24,2025,Q4,South,Desk Lamp,29.95,8,239.6,107.2,132.4
2025-10-24,2025,Q4,East,Mechanical Keyboard,89.99,6,539.94,255.0,284.94
2025-10-25,2025,Q4,South,Mechanical Keyboard,89.99,1,89.99,42.5,47.49
2025-10-25,2025,Q4,West,Laptop Sleeve,19.99,3,59.97,22.8,37.17
2025-10-25,2025,Q4,West,Mechanical Keyboard,89.99,2,179.98,85.0,94.98
2025-10-25,2025,Q4,South,Wireless Mouse,24.99,5,124.95,56.0,68.95
2025-10-25,2025,Q4,West,USB-C Hub,34.5,6,207.0,94.8,112.2
2025-10-26,2025,Q4,North,Monitor Stand,45.0,3,135.0,59.7,75.3
2025-10-26,2025,Q4,South,USB-C Hub,34.5,8,276.0,126.4,149.6
2025-10-26,2025,Q4,South,Ergonomic Chair Cushion,39.99,2,79.98,34.4,45.58
2025-10-26,2025,Q4,East,Mechanical Keyboard,89.99,6,539.94,255.0,284.94
2025-10-26,2025,Q4,North,Mechanical Keyboard,89.99,3,269.97,127.5,142.47
2025-10-27,2025,Q4,East,USB-C Hub,34.5,8,276.0,126.4,149.6
2025-10-27,2025,Q4,East,Mechanical Keyboard,89.99,1,89.99,42.5,47.49
2025-10-27,2025,Q4,North,Bluetooth Speaker,74.99,5,374.95,165.5,209.45
2025-10-27,2025,Q4,West,USB-C Hub,34.5,4,138.0,63.2,74.8
2025-10-27,2025,Q4,North,Bluetooth Speaker,74.99,3,224.97,99.3,125.67
2025-10-27,2025,Q4,South,Webcam HD,59.99,6,359.94,163.8,196.14
2025-10-28,2025,Q4,North,Noise Cancelling Headphones,149.99,2,299.98,136.0,163.98
2025-10-28,2025,Q4,West,Noise Cancelling Headphones,149.99,5,749.95,340.0,409.95
2025-10-28,2025,Q4,West,USB-C Hub,34.5,3,103.5,47.4,56.1
2025-10-28,2025,Q4,North,Ergonomic Chair Cushion,39.99,1,39.99,17.2,22.79
2025-10-29,2025,Q4,North,Webcam HD,59.99,1,59.99,27.3,32.69
2025-10-29,2025,Q4,North,Wireless Mouse,24.99,1,24.99,11.2,13.79
2025-10-29,2025,Q4,North,Noise Cancelling Headphones,149.99,7,1049.93,476.0,573.93
2025-10-29,2025,Q4,North,Monitor Stand,45.0,8,360.0,159.2,200.8
2025-10-29,2025,Q4,South,Desk Lamp,29.95,5,149.75,67.0,82.75
2025-10-29,2025,Q4,South,Mechanical Keyboard,89.99,4,359.96,170.0,189.96
2025-10-29,2025,Q4,South,Bluetooth Speaker,74.99,8,599.92,264.8,335.12
2025-10-29,2025,Q4,East,Mechanical Keyboard,89.99,7,629.93,297.5,332.43
2025-10-30,2025,Q4,South,Ergonomic Chair Cushion,39.99,7,279.93,120.4,159.53
2025-10-30,2025,Q4,West,USB-C Hub,34.5,7,241.5,110.6,130.9
2025-10-30,2025,Q4,North,Noise Cancelling Headphones,149.99,7,1049.93,476.0,573.93
2025-10-30,2025,Q4,North,Laptop Sleeve,19.99,8,159.92,60.8,99.12
2025-10-30,2025,Q4,North,Monitor Stand,45.0,5,225.0,99.5,125.5
2025-10-31,2025,Q4,North,Monitor Stand,45.0,3,135.0,59.7,75.3
2025-10-31,2025,Q4,North,Ergonomic Chair Cushion,39.99,3,119.97,51.6,68.37
2025-10-31,2025,Q4,South,Bluetooth Speaker,74.99,4,299.96,132.4,167.56
2025-10-31,2025,Q4,East,Bluetooth Speaker,74.99,7,524.93,231.7,293.23
2025-10-31,2025,Q4,East,Monitor Stand,45.0,3,135.0,59.7,75.3
2025-10-31,2025,Q4,West,Noise Cancelling Headphones,149.99,3,449.97,204.0,245.97
2025-11-01,2025,Q4,East,Mechanical Keyboard,89.99,1,89.99,42.5,47.49
2025-11-01,2025,Q4,South,Noise Cancelling Headphones,149.99,6,899.94,408.0,491.94
2025-11-01,2025,Q4,East,Desk Lamp,29.95,1,29.95,13.4,16.55
2025-11-01,2025,Q4,East,Webcam HD,59.99,1,59.99,27.3,32.69
2025-11-01,2025,Q4,South,USB-C Hub,34.5,8,276.0,126.4,149.6
2025-11-01,2025,Q4,West,Monitor Stand,45.0,6,270.0,119.4,150.6
2025-11-02,2025,Q4,East,Monitor Stand,45.0,7,315.0,139.3,175.7
2025-11-02,2025,Q4,North,Monitor Stand,45.0,5,225.0,99.5,125.5
2025-11-02,2025,Q4,East,Noise Cancelling Headphones,149.99,1,149.99,68.0,81.99
2025-11-02,2025,Q4,South,Ergonomic Chair Cushion,39.99,5,199.95,86.0,113.95
2025-11-02,2025,Q4,North,Noise Cancelling Headphones,149.99,8,1199.92,544.0,655.92
2025-11-02,2025,Q4,West,Monitor Stand,45.0,1,45.0,19.9,25.1
2025-11-03,2025,Q4,East,USB-C Hub,34.5,2,69.0,31.6,37.4
2025-11-03,2025,Q4,West,Wireless Mouse,24.99,4,99.96,44.8,55.16
2025-11-03,2025,Q4,East,Wireless Mouse,24.99,3,74.97,33.6,41.37
2025-11-03,2025,Q4,South,Noise Cancelling Headphones,149.99,5,749.95,340.0,409.95
2025-11-03,2025,Q4,South,Webcam HD,59.99,5,299.95,136.5,163.45
2025-11-03,2025,Q4,East,USB-C Hub,34.5,8,276.0,126.4,149.6
2025-11-03,2025,Q4,East,USB-C Hub,34.5,3,103.5,47.4,56.1
2025-11-03,2025,Q4,East,Mechanical Keyboard,89.99,4,359.96,170.0,189.96
2025-11-03,2025,Q4,East,Wireless Mouse,24.99,6,149.94,67.2,82.74
2025-11-04,2025,Q4,North,Desk Lamp,29.95,5,149.75,67.0,82.75
2025-11-04,2025,Q4,West,Wireless Mouse,24.99,7,174.93,78.4,96.53
2025-11-04,2025,Q4,West,Laptop Sleeve,19.99,4,79.96,30.4,49.56
2025-11-04,2025,Q4,West,Mechanical Keyboard,89.99,1,89.99,42.5,47.49
2025-11-04,2025,Q4,North,Noise Cancelling Headphones,149.99,3,449.97,204.0,245.97
2025-11-04,2025,Q4,East,Ergonomic Chair Cushion,39.99,1,39.99,17.2,22.79
2025-11-04,2025,Q4,North,Monitor Stand,45.0,7,315.0,139.3,175.7
2025-11-04,2025,Q4,West,Wireless Mouse,24.99,4,99.96,44.8,55.16
2025-11-04,2025,Q4,North,USB-C Hub,34.5,3,103.5,47.4,56.1
2025-11-05,2025,Q4,North,Noise Cancelling Headphones,149.99,3,449.97,204.0,245.97
2025-11-05,2025,Q4,South,Desk Lamp,29.95,8,239.6,107.2,132.4
2025-11-05,2025,Q4,South,Desk Lamp,29.95,2,59.9,26.8,33.1
2025-11-05,2025,Q4,East,USB-C Hub,34.5,5,172.5,79.0,93.5
2025-11-05,2025,Q4,North,USB-C Hub,34.5,5,172.5,79.0,93.5
2025-11-05,2025,Q4,West,Ergonomic Chair Cushion,39.99,2,79.98,34.4,45.58
2025-11-05,2025,Q4,South,USB-C Hub,34.5,4,138.0,63.2,74.8
2025-11-05,2025,Q4,North,Monitor Stand,45.0,8,360.0,159.2,200.8
2025-11-05,2025,Q4,North,Desk Lamp,29.95,5,149.75,67.0,82.75
2025-11-06,2025,Q4,South,Bluetooth Speaker,74.99,8,599.92,264.8,335.12
2025-11-06,2025,Q4,East,Wireless Mouse,24.99,4,99.96,44.8,55.16
2025-11-06,2025,Q4,West,Wireless Mouse,24.99,2,49.98,22.4,27.58
2025-11-06,2025,Q4,South,Mechanical Keyboard,89.99,2,179.98,85.0,94.98
2025-11-06,2025,Q4,North,Webcam HD,59.99,3,179.97,81.9,98.07
2025-11-06,2025,Q4,East,Monitor Stand,45.0,2,90.0,39.8,50.2
2025-11-06,2025,Q4,North,Noise Cancelling Headphones,149.99,7,1049.93,476.0,573.93
2025-11-06,2025,Q4,East,Ergonomic Chair Cushion,39.99,7,279.93,120.4,159.53
2025-11-06,2025,Q4,East,Webcam HD,59.99,5,299.95,136.5,163.45
2025-11-06,2025,Q4,South,Ergonomic Chair Cushion,39.99,1,39.99,17.2,22.79
2025-11-07,2025,Q4,North,Webcam HD,59.99,4,239.96,109.2,130.76
2025-11-07,2025,Q4,South,Wireless Mouse,24.99,8,199.92,89.6,110.32
2025-11-07,2025,Q4,North,Ergonomic Chair Cushion,39.99,6,239.94,103.2,136.74
2025-11-07,2025,Q4,North,Wireless Mouse,24.99,1,24.99,11.2,13.79
2025-11-07,2025,Q4,North,Monitor Stand,45.0,6,270.0,119.4,150.6
2025-11-07,2025,Q4,East,Mechanical Keyboard,89.99,4,359.96,170.0,189.96
2025-11-08,2025,Q4,East,Wireless Mouse,24.99,3,74.97,33.6,41.37
2025-11-08,2025,Q4,East,Mechanical Keyboard,89.99,4,359.96,170.0,189.96
2025-11-08,2025,Q4,North,USB-C Hub,34.5,4,138.0,63.2,74.8
2025-11-08,2025,Q4,East,Webcam HD,59.99,1,59.99,27.3,32.69
2025-11-08,2025,Q4,West,Desk Lamp,29.95,8,239.6,107.2,132.4
2025-11-08,2025,Q4,East,Mechanical Keyboard,89.99,7,629.93,297.5,332.43
2025-11-08,2025,Q4,South,USB-C Hub,34.5,6,207.0,94.8,112.2
2025-11-08,2025,Q4,North,Webcam HD,59.99,5,299.95,136.5,163.45
2025-11-09,2025,Q4,West,Noise Cancelling Headphones,149.99,6,899.94,408.0,491.94
2025-11-09,2025,Q4,South,Noise Cancelling Headphones,149.99,6,899.94,408.0,491.94
2025-11-09,2025,Q4,West,USB-C Hub,34.5,8,276.0,126.4,149.6
2025-11-09,2025,Q4,South,Monitor Stand,45.0,2,90.0,39.8,50.2
2025-11-09,2025,Q4,West,Noise Cancelling Headphones,149.99,5,749.95,340.0,409.95
2025-11-09,2025,Q4,West,Bluetooth Speaker,74.99,3,224.97,99.3,125.67
2025-11-09,2025,Q4,South,Mechanical Keyboard,89.99,7,629.93,297.5,332.43
2025-11-10,2025,Q4,South,Wireless Mouse,24.99,8,199.92,89.6,110.32
2025-11-10,2025,Q4,West,Ergonomic Chair Cushion,39.99,7,279.93,120.4,159.53
2025-11-10,2025,Q4,South,Webcam HD,59.99,8,479.92,218.4,261.52
2025-11-10,2025,Q4,North,Webcam HD,59.99,5,299.95,136.5,163.45
2025-11-10,2025,Q4,South,Ergonomic Chair Cushion,39.99,6,239.94,103.2,136.74
2025-11-10,2025,Q4,South,Webcam HD,59.99,2,119.98,54.6,65.38
2025-11-10,2025,Q4,North,USB-C Hub,34.5,2,69.0,31.6,37.4
2025-11-10,2025,Q4,North,Ergonomic Chair Cushion,39.99,3,119.97,51.6,68.37
2025-11-10,2025,Q4,South,Noise Cancelling Headphones,149.99,1,149.99,68.0,81.99
2025-11-11,2025,Q4,South,Bluetooth Speaker,74.99,1,74.99,33.1,41.89
2025-11-11,2025,Q4,South,Wireless Mouse,24.99,5,124.95,56.0,68.95
2025-11-11,2025,Q4,East,USB-C Hub,34.5,7,241.5,110.6,130.9
2025-11-11,2025,Q4,East,Monitor Stand,45.0,1,45.0,19.9,25.1
2025-11-11,2025,Q4,East,Desk Lamp,29.95,4,119.8,53.6,66.2
2025-11-11,2025,Q4,North,Laptop Sleeve,19.99,6,119.94,45.6,74.34
2025-11-11,2025,Q4,North,Mechanical Keyboard,89.99,1,89.99,42.5,47.49
2025-11-11,2025,Q4,South,Bluetooth Speaker,74.99,3,224.97,99.3,125.67
2025-11-12,2025,Q4,East,Monitor Stand,45.0,4,180.0,79.6,100.4
2025-11-12,2025,Q4,South,Webcam HD,59.99,5,299.95,136.5,163.45
2025-11-12,2025,Q4,South,Desk Lamp,29.95,5,149.75,67.0,82.75
2025-11-12,2025,Q4,East,Ergonomic Chair Cushion,39.99,5,199.95,86.0,113.95
2025-11-12,2025,Q4,South,Bluetooth Speaker,74.99,3,224.97,99.3,125.67
2025-11-13,2025,Q4,West,Bluetooth Speaker,74.99,6,449.94,198.6,251.34
2025-11-13,2025,Q4,South,Noise Cancelling Headphones,149.99,2,299.98,136.0,163.98
2025-11-13,2025,Q4,North,Noise Cancelling Headphones,149.99,2,299.98,136.0,163.98
2025-11-13,2025,Q4,South,Mechanical Keyboard,89.99,8,719.92,340.0,379.92
2025-11-13,2025,Q4,West,Webcam HD,59.99,3,179.97,81.9,98.07
2025-11-13,2025,Q4,West,Noise Cancelling Headphones,149.99,7,1049.93,476.0,573.93
2025-11-13,2025,Q4,West,Wireless Mouse,24.99,2,49.98,22.4,27.58
2025-11-14,2025,Q4,North,Webcam HD,59.99,1,59.99,27.3,32.69
2025-11-14,2025,Q4,South,Bluetooth Speaker,74.99,5,374.95,165.5,209.45
2025-11-14,2025,Q4,North,Laptop Sleeve,19.99,7,139.93,53.2,86.73
2025-11-14,2025,Q4,West,Mechanical Keyboard,89.99,3,269.97,127.5,142.47
2025-11-14,2025,Q4,North,Laptop Sleeve,19.99,7,139.93,53.2,86.73
2025-11-14,2025,Q4,East,USB-C Hub,34.5,2,69.0,31.6,37.4
2025-11-14,2025,Q4,West,Monitor Stand,45.0,1,45.0,19.9,25.1
2025-11-14,2025,Q4,East,Webcam HD,59.99,8,479.92,218.4,261.52
2025-11-14,2025,Q4,East,Mechanical Keyboard,89.99,7,629.93,297.5,332.43
2025-11-14,2025,Q4,South,Laptop Sleeve,19.99,4,79.96,30.4,49.56
2025-11-14,2025,Q4,South,USB-C Hub,34.5,4,138.0,63.2,74.8
2025-11-15,2025,Q4,East,Laptop Sleeve,19.99,7,139.93,53.2,86.73
2025-11-15,2025,Q4,West,Bluetooth Speaker,74.99,1,74.99,33.1,41.89
2025-11-15,2025,Q4,East,Desk Lamp,29.95,2,59.9,26.8,33.1
2025-11-15,2025,Q4,North,Bluetooth Speaker,74.99,8,599.92,264.8,335.12
2025-11-15,2025,Q4,West,Bluetooth Speaker,74.99,8,599.92,264.8,335.12
2025-11-15,2025,Q4,North,Wireless Mouse,24.99,6,149.94,67.2,82.74
2025-11-16,2025,Q4,South,Bluetooth Speaker,74.99,5,374.95,165.5,209.45
2025-11-16,2025,Q4,West,USB-C Hub,34.5,3,103.5,47.4,56.1
2025-11-16,2025,Q4,North,Noise Cancelling Headphones,149.99,2,299.98,136.0,163.98
2025-11-16,2025,Q4,West,Desk Lamp,29.95,7,209.65,93.8,115.85
2025-11-16,2025,Q4,East,Webcam HD,59.99,8,479.92,218.4,261.52
2025-11-16,2025,Q4,West,Mechanical Keyboard,89.99,8,719.92,340.0,379.92
2025-11-16,2025,Q4,North,USB-C Hub,34.5,3,103.5,47.4,56.1
2025-11-17,2025,Q4,North,Ergonomic Chair Cushion,39.99,7,279.93,120.4,159.53
2025-11-17,2025,Q4,North,Bluetooth Speaker,74.99,1,74.99,33.1,41.89
2025-11-17,2025,Q4,South,Noise Cancelling Headphones,149.99,6,899.94,408.0,491.94
2025-11-17,2025,Q4,North,Desk Lamp,29.95,7,209.65,93.8,115.85
2025-11-17,2025,Q4,North,Mechanical Keyboard,89.99,3,269.97,127.5,142.47
2025-11-17,2025,Q4,East,Monitor Stand,45.0,3,135.0,59.7,75.3
2025-11-18,2025,Q4,East,Monitor Stand,45.0,4,180.0,79.6,100.4
2025-11-18,2025,Q4,South,Monitor Stand,45.0,3,135.0,59.7,75.3
2025-11-18,2025,Q4,South,Monitor Stand,45.0,3,135.0,59.7,75.3
2025-11-18,2025,Q4,South,Monitor Stand,45.0,4,180.0,79.6,100.4
2025-11-18,2025,Q4,West,Wireless Mouse,24.99,4,99.96,44.8,55.16
2025-11-18,2025,Q4,West,USB-C Hub,34.5,4,138.0,63.2,74.8
2025-11-18,2025,Q4,West,Webcam HD,59.99,7,419.93,191.1,228.83
2025-11-18,2025,Q4,West,Monitor Stand,45.0,3,135.0,59.7,75.3
2025-11-18,2025,Q4,East,Wireless Mouse,24.99,6,149.94,67.2,82.74
2025-11-19,2025,Q4,North,Monitor Stand,45.0,5,225.0,99.5,125.5
2025-11-19,2025,Q4,North,Webcam HD,59.99,8,479.92,218.4,261.52
2025-11-19,2025,Q4,South,Ergonomic Chair Cushion,39.99,5,199.95,86.0,113.95
2025-11-19,2025,Q4,West,Noise Cancelling Headphones,149.99,7,1049.93,476.0,573.93
2025-11-19,2025,Q4,East,Noise Cancelling Headphones,149.99,1,149.99,68.0,81.99
2025-11-20,2025,Q4,South,USB-C Hub,34.5,4,138.0,63.2,74.8
2025-11-20,2025,Q4,West,Desk Lamp,29.95,7,209.65,93.8,115.85
2025-11-20,2025,Q4,North,Ergonomic Chair Cushion,39.99,3,119.97,51.6,68.37
2025-11-20,2025,Q4,South,Mechanical Keyboard,89.99,8,719.92,340.0,379.92
2025-11-20,2025,Q4,West,Ergonomic Chair Cushion,39.99,5,199.95,86.0,113.95
2025-11-20,2025,Q4,West,Desk Lamp,29.95,4,119.8,53.6,66.2
2025-11-21,2025,Q4,South,Desk Lamp,29.95,6,179.7,80.4,99.3
2025-11-21,2025,Q4,East,Webcam HD,59.99,2,119.98,54.6,65.38
2025-11-21,2025,Q4,South,USB-C Hub,34.5,5,172.5,79.0,93.5
2025-11-21,2025,Q4,West,Monitor Stand,45.0,1,45.0,19.9,25.1
2025-11-21,2025,Q4,West,Monitor Stand,45.0,3,135.0,59.7,75.3
2025-11-21,2025,Q4,South,USB-C Hub,34.5,4,138.0,63.2,74.8
2025-11-22,2025,Q4,West,Webcam HD,59.99,7,419.93,191.1,228.83
2025-11-22,2025,Q4,North,Laptop Sleeve,19.99,5,99.95,38.0,61.95
2025-11-22,2025,Q4,South,Wireless Mouse,24.99,7,174.93,78.4,96.53
2025-11-22,2025,Q4,North,Monitor Stand,45.0,3,135.0,59.7,75.3
2025-11-22,2025,Q4,South,Laptop Sleeve,19.99,5,99.95,38.0,61.95
2025-11-22,2025,Q4,South,Ergonomic Chair Cushion,39.99,5,199.95,86.0,113.95
2025-11-23,2025,Q4,East,Bluetooth Speaker,74.99,8,599.92,264.8,335.12
2025-11-23,2025,Q4,South,Bluetooth Speaker,74.99,6,449.94,198.6,251.34
2025-11-23,2025,Q4,South,Noise Cancelling Headphones,149.99,3,449.97,204.0,245.97
2025-11-23,2025,Q4,West,Monitor Stand,45.0,4,180.0,79.6,100.4
2025-11-23,2025,Q4,South,Ergonomic Chair Cushion,39.99,6,239.94,103.2,136.74
2025-11-23,2025,Q4,East,Webcam HD,59.99,8,479.92,218.4,261.52
2025-11-23,2025,Q4,West,Bluetooth Speaker,74.99,8,599.92,264.8,335.12
2025-11-24,2025,Q4,West,Webcam HD,59.99,6,359.94,163.8,196.14
2025-11-24,2025,Q4,South,Laptop Sleeve,19.99,8,159.92,60.8,99.12
2025-11-24,2025,Q4,West,Webcam HD,59.99,4,239.96,109.2,130.76
2025-11-24,2025,Q4,East,Noise Cancelling Headphones,149.99,1,149.99,68.0,81.99
2025-11-24,2025,Q4,East,Mechanical Keyboard,89.99,3,269.97,127.5,142.47
2025-11-24,2025,Q4,East,Desk Lamp,29.95,4,119.8,53.6,66.2
2025-11-24,2025,Q4,North,Laptop Sleeve,19.99,7,139.93,53.2,86.73
2025-11-24,2025,Q4,North,Laptop Sleeve,19.99,8,159.92,60.8,99.12
2025-11-24,2025,Q4,East,Desk Lamp,29.95,5,149.75,67.0,82.75
2025-11-24,2025,Q4,South,Laptop Sleeve,19.99,7,139.93,53.2,86.73
2025-11-25,2025,Q4,South,Webcam HD,59.99,5,299.95,136.5,163.45
2025-11-25,2025,Q4,North,Bluetooth Speaker,74.99,3,224.97,99.3,125.67
2025-11-25,2025,Q4,East,Webcam HD,59.99,2,119.98,54.6,65.38
2025-11-25,2025,Q4,South,Monitor Stand,45.0,1,45.0,19.9,25.1
2025-11-25,2025,Q4,West,Bluetooth Speaker,74.99,3,224.97,99.3,125.67
2025-11-25,2025,Q4,West,USB-C Hub,34.5,5,172.5,79.0,93.5
2025-11-25,2025,Q4,North,Ergonomic Chair Cushion,39.99,3,119.97,51.6,68.37
2025-11-25,2025,Q4,East,Ergonomic Chair Cushion,39.99,7,279.93,120.4,159.53
2025-11-25,2025,Q4,East,Webcam HD,59.99,2,119.98,54.6,65.38
2025-11-25,2025,Q4,East,Wireless Mouse,24.99,5,124.95,56.0,68.95
2025-11-25,2025,Q4,East,Monitor Stand,45.0,1,45.0,19.9,25.1
2025-11-26,2025,Q4,North,USB-C Hub,34.5,7,241.5,110.6,130.9
2025-11-26,2025,Q4,East,Webcam HD,59.99,7,419.93,191.1,228.83
2025-11-26,2025,Q4,West,Laptop Sleeve,19.99,3,59.97,22.8,37.17
2025-11-26,2025,Q4,East,Monitor Stand,45.0,2,90.0,39.8,50.2
2025-11-26,2025,Q4,South,Mechanical Keyboard,89.99,6,539.94,255.0,284.94
2025-11-26,2025,Q4,South,Webcam HD,59.99,5,299.95,136.5,163.45
2025-11-26,2025,Q4,North,Webcam HD,59.99,3,179.97,81.9,98.07
2025-11-26,2025,Q4,North,Ergonomic Chair Cushion,39.99,6,239.94,103.2,136.74
2025-11-26,2025,Q4,South,Mechanical Keyboard,89.99,1,89.99,42.5,47.49
2025-11-27,2025,Q4,East,Desk Lamp,29.95,4,119.8,53.6,66.2
2025-11-27,2025,Q4,West,Ergonomic Chair Cushion,39.99,8,319.92,137.6,182.32
2025-11-27,2025,Q4,East,USB-C Hub,34.5,6,207.0,94.8,112.2
2025-11-27,2025,Q4,East,Wireless Mouse,24.99,2,49.98,22.4,27.58
2025-11-27,2025,Q4,West,Wireless Mouse,24.99,2,49.98,22.4,27.58
2025-11-27,2025,Q4,West,Monitor Stand,45.0,3,135.0,59.7,75.3
2025-11-28,2025,Q4,South,Mechanical Keyboard,89.99,4,359.96,170.0,189.96
2025-11-28,2025,Q4,North,Webcam HD,59.99,4,239.96,109.2,130.76
2025-11-28,2025,Q4,South,Monitor Stand,45.0,2,90.0,39.8,50.2
2025-11-28,2025,Q4,South,Bluetooth Speaker,74.99,2,149.98,66.2,83.78
2025-11-28,2025,Q4,South,Ergonomic Chair Cushion,39.99,8,319.92,137.6,182.32
2025-11-29,2025,Q4,West,Noise Cancelling Headphones,149.99,3,449.97,204.0,245.97
2025-11-29,2025,Q4,East,Mechanical Keyboard,89.99,3,269.97,127.5,142.47
2025-11-29,2025,Q4,West,Laptop Sleeve,19.99,5,99.95,38.0,61.95
2025-11-29,2025,Q4,North,Webcam HD,59.99,6,359.94,163.8,196.14
2025-11-29,2025,Q4,North,Bluetooth Speaker,74.99,3,224.97,99.3,125.67
2025-11-29,2025,Q4,South,Desk Lamp,29.95,8,239.6,107.2,132.4
2025-11-29,2025,Q4,South,Desk Lamp,29.95,2,59.9,26.8,33.1
2025-11-30,2025,Q4,East,Monitor Stand,45.0,1,45.0,19.9,25.1
2025-11-30,2025,Q4,East,Ergonomic Chair Cushion,39.99,3,119.97,51.6,68.37
2025-11-30,2025,Q4,South,Mechanical Keyboard,89.99,4,359.96,170.0,189.96
2025-11-30,2025,Q4,East,Noise Cancelling Headphones,149.99,1,149.99,68.0,81.99
2025-11-30,2025,Q4,North,Ergonomic Chair Cushion,39.99,7,279.93,120.4,159.53
2025-11-30,2025,Q4,South,Monitor Stand,45.0,5,225.0,99.5,125.5
2025-11-30,2025,Q4,South,Mechanical Keyboard,89.99,8,719.92,340.0,379.92
2025-11-30,2025,Q4,East,Noise Cancelling Headphones,149.99,4,599.96,272.0,327.96
2025-11-30,2025,Q4,East,Monitor Stand,45.0,3,135.0,59.7,75.3
2025-12-01,2025,Q4,South,Noise Cancelling Headphones,149.99,2,299.98,136.0,163.98
2025-12-01,2025,Q4,North,USB-C Hub,34.5,2,69.0,31.6,37.4
2025-12-01,2025,Q4,North,Monitor Stand,45.0,6,270.0,119.4,150.6
2025-12-01,2025,Q4,East,Laptop Sleeve,19.99,8,159.92,60.8,99.12
2025-12-01,2025,Q4,South,Laptop Sleeve,19.99,3,59.97,22.8,37.17
2025-12-01,2025,Q4,East,Laptop Sleeve,19.99,7,139.93,53.2,86.73
2025-12-01,2025,Q4,East,Monitor Stand,45.0,1,45.0,19.9,25.1
2025-12-01,2025,Q4,West,Webcam HD,59.99,5,299.95,136.5,163.45
2025-12-01,2025,Q4,North,Bluetooth Speaker,74.99,1,74.99,33.1,41.89
2025-12-01,2025,Q4,West,Monitor Stand,45.0,4,180.0,79.6,100.4
2025-12-02,2025,Q4,West,Laptop Sleeve,19.99,3,59.97,22.8,37.17
2025-12-02,2025,Q4,West,Laptop Sleeve,19.99,5,99.95,38.0,61.95
2025-12-02,2025,Q4,West,Wireless Mouse,24.99,7,174.93,78.4,96.53
2025-12-02,2025,Q4,West,Webcam HD,59.99,8,479.92,218.4,261.52
2025-12-02,2025,Q4,East,Monitor Stand,45.0,3,135.0,59.7,75.3
2025-12-02,2025,Q4,West,Bluetooth Speaker,74.99,1,74.99,33.1,41.89
2025-12-02,2025,Q4,West,Bluetooth Speaker,74.99,1,74.99,33.1,41.89
2025-12-02,2025,Q4,South,USB-C Hub,34.5,3,103.5,47.4,56.1
2025-12-02,2025,Q4,West,Bluetooth Speaker,74.99,5,374.95,165.5,209.45
2025-12-02,2025,Q4,North,Wireless Mouse,24.99,6,149.94,67.2,82.74
2025-12-03,2025,Q4,North,USB-C Hub,34.5,3,103.5,47.4,56.1
2025-12-03,2025,Q4,South,Monitor Stand,45.0,5,225.0,99.5,125.5
2025-12-03,2025,Q4,North,Wireless Mouse,24.99,8,199.92,89.6,110.32
2025-12-03,2025,Q4,East,Laptop Sleeve,19.99,4,79.96,30.4,49.56
2025-12-03,2025,Q4,South,Ergonomic Chair Cushion,39.99,8,319.92,137.6,182.32
2025-12-04,2025,Q4,North,Monitor Stand,45.0,6,270.0,119.4,150.6
2025-12-04,2025,Q4,South,Bluetooth Speaker,74.99,1,74.99,33.1,41.89
2025-12-04,2025,Q4,North,Wireless Mouse,24.99,2,49.98,22.4,27.58
2025-12-04,2025,Q4,South,Bluetooth Speaker,74.99,7,524.93,231.7,293.23
2025-12-04,2025,Q4,North,Noise Cancelling Headphones,149.99,5,749.95,340.0,409.95
2025-12-04,2025,Q4,East,Bluetooth Speaker,74.99,8,599.92,264.8,335.12
2025-12-04,2025,Q4,North,Monitor Stand,45.0,7,315.0,139.3,175.7
2025-12-05,2025,Q4,East,Noise Cancelling Headphones,149.99,1,149.99,68.0,81.99
2025-12-05,2025,Q4,South,Monitor Stand,45.0,8,360.0,159.2,200.8
2025-12-05,2025,Q4,North,Monitor Stand,45.0,6,270.0,119.4,150.6
2025-12-05,2025,Q4,West,Ergonomic Chair Cushion,39.99,4,159.96,68.8,91.16
2025-12-05,2025,Q4,East,Ergonomic Chair Cushion,39.99,8,319.92,137.6,182.32
2025-12-05,2025,Q4,East,Laptop Sleeve,19.99,6,119.94,45.6,74.34
2025-12-05,2025,Q4,East,Bluetooth Speaker,74.99,3,224.97,99.3,125.67
2025-12-05,2025,Q4,East,Laptop Sleeve,19.99,2,39.98,15.2,24.78
2025-12-05,2025,Q4,South,Wireless Mouse,24.99,6,149.94,67.2,82.74
2025-12-05,2025,Q4,West,Desk Lamp,29.95,2,59.9,26.8,33.1
2025-12-06,2025,Q4,West,USB-C Hub,34.5,3,103.5,47.4,56.1
2025-12-06,2025,Q4,East,Ergonomic Chair Cushion,39.99,7,279.93,120.4,159.53
2025-12-06,2025,Q4,North,Webcam HD,59.99,3,179.97,81.9,98.07
2025-12-06,2025,Q4,West,Desk Lamp,29.95,6,179.7,80.4,99.3
2025-12-07,2025,Q4,South,Monitor Stand,45.0,8,360.0,159.2,200.8
2025-12-07,2025,Q4,West,Desk Lamp,29.95,3,89.85,40.2,49.65
2025-12-07,2025,Q4,North,Monitor Stand,45.0,6,270.0,119.4,150.6
2025-12-07,2025,Q4,East,Monitor Stand,45.0,6,270.0,119.4,150.6
2025-12-08,2025,Q4,East,Laptop Sleeve,19.99,7,139.93,53.2,86.73
2025-12-08,2025,Q4,West,Monitor Stand,45.0,6,270.0,119.4,150.6
2025-12-08,2025,Q4,East,Monitor Stand,45.0,8,360.0,159.2,200.8
2025-12-08,2025,Q4,North,Laptop Sleeve,19.99,6,119.94,45.6,74.34
2025-12-08,2025,Q4,East,Wireless Mouse,24.99,8,199.92,89.6,110.32
2025-12-08,2025,Q4,South,Ergonomic Chair Cushion,39.99,8,319.92,137.6,182.32
2025-12-09,2025,Q4,West,Monitor Stand,45.0,4,180.0,79.6,100.4
2025-12-09,2025,Q4,South,Ergonomic Chair Cushion,39.99,3,119.97,51.6,68.37
2025-12-09,2025,Q4,East,Noise Cancelling Headphones,149.99,7,1049.93,476.0,573.93
2025-12-09,2025,Q4,East,Mechanical Keyboard,89.99,5,449.95,212.5,237.45
2025-12-09,2025,Q4,North,Wireless Mouse,24.99,8,199.92,89.6,110.32
2025-12-09,2025,Q4,South,Ergonomic Chair Cushion,39.99,5,199.95,86.0,113.95
2025-12-09,2025,Q4,South,Monitor Stand,45.0,7,315.0,139.3,175.7
2025-12-09,2025,Q4,East,USB-C Hub,34.5,3,103.5,47.4,56.1
2025-12-09,2025,Q4,West,Mechanical Keyboard,89.99,8,719.92,340.0,379.92
2025-12-09,2025,Q4,West,Ergonomic Chair Cushion,39.99,3,119.97,51.6,68.37
2025-12-09,2025,Q4,North,Laptop Sleeve,19.99,2,39.98,15.2,24.78
2025-12-10,2025,Q4,South,Desk Lamp,29.95,4,119.8,53.6,66.2
2025-12-10,2025,Q4,South,Bluetooth Speaker,74.99,6,449.94,198.6,251.34
2025-12-10,2025,Q4,North,Noise Cancelling Headphones,149.99,6,899.94,408.0,491.94
2025-12-10,2025,Q4,North,Mechanical Keyboard,89.99,4,359.96,170.0,189.96
2025-12-10,2025,Q4,West,Ergonomic Chair Cushion,39.99,6,239.94,103.2,136.74
2025-12-10,2025,Q4,North,Wireless Mouse,24.99,8,199.92,89.6,110.32
2025-12-10,2025,Q4,East,Noise Cancelling Headphones,149.99,7,1049.93,476.0,573.93
2025-12-10,2025,Q4,South,Noise Cancelling Headphones,149.99,6,899.94,408.0,491.94
2025-12-11,2025,Q4,West,Laptop Sleeve,19.99,7,139.93,53.2,86.73
2025-12-11,2025,Q4,South,Noise Cancelling Headphones,149.99,8,1199.92,544.0,655.92
2025-12-11,2025,Q4,West,Webcam HD,59.99,1,59.99,27.3,32.69
2025-12-11,2025,Q4,North,Monitor Stand,45.0,5,225.0,99.5,125.5
2025-12-11,2025,Q4,West,Noise Cancelling Headphones,149.99,5,749.95,340.0,409.95
2025-12-11,2025,Q4,North,Mechanical Keyboard,89.99,7,629.93,297.5,332.43
2025-12-11,2025,Q4,West,Desk Lamp,29.95,7,209.65,93.8,115.85
2025-12-12,2025,Q4,South,Desk Lamp,29.95,7,209.65,93.8,115.85
2025-12-12,2025,Q4,South,Mechanical Keyboard,89.99,4,359.96,170.0,189.96
2025-12-12,2025,Q4,East,USB-C Hub,34.5,7,241.5,110.6,130.9
2025-12-12,2025,Q4,North,Webcam HD,59.99,5,299.95,136.5,163.45
2025-12-12,2025,Q4,West,Wireless Mouse,24.99,6,149.94,67.2,82.74
2025-12-12,2025,Q4,West,USB-C Hub,34.5,4,138.0,63.2,74.8
2025-12-13,2025,Q4,South,Ergonomic Chair Cushion,39.99,5,199.95,86.0,113.95
2025-12-13,2025,Q4,North,Noise Cancelling Headphones,149.99,7,1049.93,476.0,573.93
2025-12-13,2025,Q4,South,Noise Cancelling Headphones,149.99,4,599.96,272.0,327.96
2025-12-13,2025,Q4,West,Desk Lamp,29.95,5,149.75,67.0,82.75
2025-12-13,2025,Q4,South,Ergonomic Chair Cushion,39.99,6,239.94,103.2,136.74
2025-12-13,2025,Q4,East,Webcam HD,59.99,2,119.98,54.6,65.38
2025-12-13,2025,Q4,North,Webcam HD,59.99,2,119.98,54.6,65.38
2025-12-13,2025,Q4,North,Noise Cancelling Headphones,149.99,8,1199.92,544.0,655.92
2025-12-13,2025,Q4,South,Noise Cancelling Headphones,149.99,5,749.95,340.0,409.95
2025-12-13,2025,Q4,East,Mechanical Keyboard,89.99,8,719.92,340.0,379.92
2025-12-13,2025,Q4,North,Webcam HD,59.99,5,299.95,136.5,163.45
2025-12-14,2025,Q4,South,Wireless Mouse,24.99,1,24.99,11.2,13.79
2025-12-14,2025,Q4,West,Mechanical Keyboard,89.99,4,359.96,170.0,189.96
2025-12-14,2025,Q4,North,Monitor Stand,45.0,7,315.0,139.3,175.7
2025-12-14,2025,Q4,North,Laptop Sleeve,19.99,7,139.93,53.2,86.73
2025-12-14,2025,Q4,East,Bluetooth Speaker,74.99,5,374.95,165.5,209.45
2025-12-14,2025,Q4,West,USB-C Hub,34.5,2,69.0,31.6,37.4
2025-12-15,2025,Q4,South,Monitor Stand,45.0,8,360.0,159.2,200.8
2025-12-15,2025,Q4,South,Mechanical Keyboard,89.99,5,449.95,212.5,237.45
2025-12-15,2025,Q4,East,Wireless Mouse,24.99,3,74.97,33.6,41.37
2025-12-15,2025,Q4,South,Mechanical Keyboard,89.99,1,89.99,42.5,47.49
2025-12-15,2025,Q4,South,USB-C Hub,34.5,4,138.0,63.2,74.8
2025-12-15,2025,Q4,East,Desk Lamp,29.95,2,59.9,26.8,33.1
2025-12-15,2025,Q4,North,Wireless Mouse,24.99,1,24.99,11.2,13.79
2025-12-15,2025,Q4,South,Laptop Sleeve,19.99,2,39.98,15.2,24.78
2025-12-15,2025,Q4,East,Bluetooth Speaker,74.99,8,599.92,264.8,335.12
2025-12-16,2025,Q4,South,Wireless Mouse,24.99,7,174.93,78.4,96.53
2025-12-16,2025,Q4,North,Wireless Mouse,24.99,7,174.93,78.4,96.53
2025-12-16,2025,Q4,South,Webcam HD,59.99,8,479.92,218.4,261.52
2025-12-16,2025,Q4,South,Noise Cancelling Headphones,149.99,8,1199.92,544.0,655.92
2025-12-16,2025,Q4,East,Wireless Mouse,24.99,4,99.96,44.8,55.16
2025-12-16,2025,Q4,East,USB-C Hub,34.5,2,69.0,31.6,37.4
2025-12-17,2025,Q4,North,Mechanical Keyboard,89.99,2,179.98,85.0,94.98
2025-12-17,2025,Q4,South,USB-C Hub,34.5,7,241.5,110.6,130.9
2025-12-17,2025,Q4,South,Webcam HD,59.99,4,239.96,109.2,130.76
2025-12-17,2025,Q4,East,Wireless Mouse,24.99,7,174.93,78.4,96.53
2025-12-17,2025,Q4,East,Mechanical Keyboard,89.99,8,719.92,340.0,379.92
2025-12-17,2025,Q4,West,Noise Cancelling Headphones,149.99,1,149.99,68.0,81.99
2025-12-17,2025,Q4,West,Bluetooth Speaker,74.99,1,74.99,33.1,41.89
2025-12-17,2025,Q4,South,Desk Lamp,29.95,4,119.8,53.6,66.2
2025-12-17,2025,Q4,West,Ergonomic Chair Cushion,39.99,1,39.99,17.2,22.79
2025-12-18,2025,Q4,East,Mechanical Keyboard,89.99,5,449.95,212.5,237.45
2025-12-18,2025,Q4,East,Ergonomic Chair Cushion,39.99,5,199.95,86.0,113.95
2025-12-18,2025,Q4,North,Monitor Stand,45.0,8,360.0,159.2,200.8
2025-12-18,2025,Q4,North,Desk Lamp,29.95,5,149.75,67.0,82.75
2025-12-18,2025,Q4,South,Laptop Sleeve,19.99,5,99.95,38.0,61.95
2025-12-18,2025,Q4,North,Ergonomic Chair Cushion,39.99,7,279.93,120.4,159.53
2025-12-18,2025,Q4,South,Bluetooth Speaker,74.99,7,524.93,231.7,293.23
2025-12-18,2025,Q4,North,Ergonomic Chair Cushion,39.99,7,279.93,120.4,159.53
2025-12-18,2025,Q4,West,Mechanical Keyboard,89.99,6,539.94,255.0,284.94
2025-12-18,2025,Q4,South,Noise Cancelling Headphones,149.99,7,1049.93,476.0,573.93
2025-12-19,2025,Q4,North,Bluetooth Speaker,74.99,8,599.92,264.8,335.12
2025-12-19,2025,Q4,West,Webcam HD,59.99,5,299.95,136.5,163.45
2025-12-19,2025,Q4,South,Monitor Stand,45.0,2,90.0,39.8,50.2
2025-12-19,2025,Q4,East,Noise Cancelling Headphones,149.99,6,899.94,408.0,491.94
2025-12-19,2025,Q4,West,Wireless Mouse,24.99,6,149.94,67.2,82.74
2025-12-19,2025,Q4,North,Monitor Stand,45.0,4,180.0,79.6,100.4
2025-12-20,2025,Q4,North,Noise Cancelling Headphones,149.99,3,449.97,204.0,245.97
2025-12-20,2025,Q4,East,Bluetooth Speaker,74.99,1,74.99,33.1,41.89
2025-12-20,2025,Q4,West,Bluetooth Speaker,74.99,5,374.95,165.5,209.45
2025-12-20,2025,Q4,North,Mechanical Keyboard,89.99,7,629.93,297.5,332.43
2025-12-20,2025,Q4,East,Monitor Stand,45.0,4,180.0,79.6,100.4
2025-12-20,2025,Q4,South,Bluetooth Speaker,74.99,3,224.97,99.3,125.67
2025-12-20,2025,Q4,East,Bluetooth Speaker,74.99,6,449.94,198.6,251.34
2025-12-20,2025,Q4,South,Desk Lamp,29.95,5,149.75,67.0,82.75
2025-12-20,2025,Q4,South,Laptop Sleeve,19.99,3,59.97,22.8,37.17
2025-12-20,2025,Q4,East,Monitor Stand,45.0,2,90.0,39.8,50.2
2025-12-21,2025,Q4,East,Mechanical Keyboard,89.99,6,539.94,255.0,284.94
2025-12-21,2025,Q4,South,Webcam HD,59.99,8,479.92,218.4,261.52
2025-12-21,2025,Q4,West,Bluetooth Speaker,74.99,1,74.99,33.1,41.89
2025-12-21,2025,Q4,South,Noise Cancelling Headphones,149.99,4,599.96,272.0,327.96
2025-12-21,2025,Q4,South,Desk Lamp,29.95,3,89.85,40.2,49.65
2025-12-21,2025,Q4,South,Desk Lamp,29.95,6,179.7,80.4,99.3
2025-12-21,2025,Q4,East,Monitor Stand,45.0,2,90.0,39.8,50.2
2025-12-21,2025,Q4,North,Webcam HD,59.99,1,59.99,27.3,32.69
2025-12-22,2025,Q4,North,Monitor Stand,45.0,3,135.0,59.7,75.3
2025-12-22,2025,Q4,East,Monitor Stand,45.0,8,360.0,159.2,200.8
2025-12-22,2025,Q4,North,USB-C Hub,34.5,4,138.0,63.2,74.8
2025-12-22,2025,Q4,East,Mechanical Keyboard,89.99,3,269.97,127.5,142.47
2025-12-22,2025,Q4,South,Monitor Stand,45.0,3,135.0,59.7,75.3
2025-12-22,2025,Q4,East,Noise Cancelling Headphones,149.99,6,899.94,408.0,491.94
2025-12-22,2025,Q4,West,Noise Cancelling Headphones,149.99,2,299.98,136.0,163.98
2025-12-22,2025,Q4,North,Bluetooth Speaker,74.99,2,149.98,66.2,83.78
2025-12-23,2025,Q4,East,Bluetooth Speaker,74.99,3,224.97,99.3,125.67
2025-12-23,2025,Q4,South,Bluetooth Speaker,74.99,7,524.93,231.7,293.23
2025-12-23,2025,Q4,West,Laptop Sleeve,19.99,8,159.92,60.8,99.12
2025-12-23,2025,Q4,South,Ergonomic Chair Cushion,39.99,6,239.94,103.2,136.74
2025-12-23,2025,Q4,East,Desk Lamp,29.95,5,149.75,67.0,82.75
2025-12-23,2025,Q4,North,Mechanical Keyboard,89.99,4,359.96,170.0,189.96
2025-12-24,2025,Q4,North,Wireless Mouse,24.99,4,99.96,44.8,55.16
2025-12-24,2025,Q4,South,Desk Lamp,29.95,3,89.85,40.2,49.65
2025-12-24,2025,Q4,South,Wireless Mouse,24.99,8,199.92,89.6,110.32
2025-12-24,2025,Q4,North,Monitor Stand,45.0,2,90.0,39.8,50.2
2025-12-24,2025,Q4,South,Ergonomic Chair Cushion,39.99,2,79.98,34.4,45.58
2025-12-24,2025,Q4,South,Webcam HD,59.99,3,179.97,81.9,98.07
2025-12-24,2025,Q4,East,Noise Cancelling Headphones,149.99,1,149.99,68.0,81.99
2025-12-24,2025,Q4,East,Mechanical Keyboard,89.99,7,629.93,297.5,332.43
2025-12-25,2025,Q4,North,Monitor Stand,45.0,5,225.0,99.5,125.5
2025-12-25,2025,Q4,South,Desk Lamp,29.95,6,179.7,80.4,99.3
2025-12-25,2025,Q4,East,Noise Cancelling Headphones,149.99,8,1199.92,544.0,655.92
2025-12-25,2025,Q4,North,Noise Cancelling Headphones,149.99,7,1049.93,476.0,573.93
2025-12-26,2025,Q4,East,Laptop Sleeve,19.99,2,39.98,15.2,24.78
2025-12-26,2025,Q4,East,Monitor Stand,45.0,8,360.0,159.2,200.8
2025-12-26,2025,Q4,North,Noise Cancelling Headphones,149.99,7,1049.93,476.0,573.93
2025-12-26,2025,Q4,East,Noise Cancelling Headphones,149.99,1,149.99,68.0,81.99
2025-12-26,2025,Q4,West,Bluetooth Speaker,74.99,2,149.98,66.2,83.78
2025-12-26,2025,Q4,East,Laptop Sleeve,19.99,6,119.94,45.6,74.34
2025-12-26,2025,Q4,West,Webcam HD,59.99,1,59.99,27.3,32.69
2025-12-26,2025,Q4,North,USB-C Hub,34.5,6,207.0,94.8,112.2
2025-12-27,2025,Q4,South,Wireless Mouse,24.99,3,74.97,33.6,41.37
2025-12-27,2025,Q4,South,Monitor Stand,45.0,6,270.0,119.4,150.6
2025-12-27,2025,Q4,West,Wireless Mouse,24.99,6,149.94,67.2,82.74
2025-12-27,2025,Q4,South,Mechanical Keyboard,89.99,5,449.95,212.5,237.45
2025-12-27,2025,Q4,North,Webcam HD,59.99,8,479.92,218.4,261.52
2025-12-28,2025,Q4,North,Laptop Sleeve,19.99,8,159.92,60.8,99.12
2025-12-28,2025,Q4,East,Laptop Sleeve,19.99,2,39.98,15.2,24.78
2025-12-28,2025,Q4,North,Wireless Mouse,24.99,4,99.96,44.8,55.16
2025-12-28,2025,Q4,South,Monitor Stand,45.0,4,180.0,79.6,100.4
2025-12-28,2025,Q4,West,Wireless Mouse,24.99,7,174.93,78.4,96.53
2025-12-28,2025,Q4,South,Ergonomic Chair Cushion,39.99,7,279.93,120.4,159.53
2025-12-28,2025,Q4,East,Mechanical Keyboard,89.99,6,539.94,255.0,284.94
2025-12-28,2025,Q4,East,Noise Cancelling Headphones,149.99,7,1049.93,476.0,573.93
2025-12-28,2025,Q4,South,USB-C Hub,34.5,2,69.0,31.6,37.4
2025-12-28,2025,Q4,West,Monitor Stand,45.0,2,90.0,39.8,50.2
2025-12-29,2025,Q4,North,Webcam HD,59.99,7,419.93,191.1,228.83
2025-12-29,2025,Q4,North,Laptop Sleeve,19.99,4,79.96,30.4,49.56
2025-12-29,2025,Q4,West,USB-C Hub,34.5,1,34.5,15.8,18.7
2025-12-29,2025,Q4,West,USB-C Hub,34.5,7,241.5,110.6,130.9
2025-12-29,2025,Q4,West,Noise Cancelling Headphones,149.99,1,149.99,68.0,81.99
2025-12-29,2025,Q4,South,Wireless Mouse,24.99,2,49.98,22.4,27.58
2025-12-29,2025,Q4,South,Bluetooth Speaker,74.99,7,524.93,231.7,293.23
2025-12-29,2025,Q4,South,Mechanical Keyboard,89.99,5,449.95,212.5,237.45
2025-12-29,2025,Q4,South,Wireless Mouse,24.99,8,199.92,89.6,110.32
2025-12-29,2025,Q4,South,USB-C Hub,34.5,3,103.5,47.4,56.1
2025-12-30,2025,Q4,South,Wireless Mouse,24.99,8,199.92,89.6,110.32
2025-12-30,2025,Q4,North,Desk Lamp,29.95,4,119.8,53.6,66.2
2025-12-30,2025,Q4,West,Ergonomic Chair Cushion,39.99,5,199.95,86.0,113.95
2025-12-30,2025,Q4,West,Webcam HD,59.99,1,59.99,27.3,32.69
2025-12-30,2025,Q4,West,Bluetooth Speaker,74.99,4,299.96,132.4,167.56
2025-12-30,2025,Q4,East,Bluetooth Speaker,74.99,6,449.94,198.6,251.34
2025-12-30,2025,Q4,East,USB-C Hub,34.5,2,69.0,31.6,37.4
2025-12-30,2025,Q4,South,Mechanical Keyboard,89.99,4,359.96,170.0,189.96
2025-12-31,2025,Q4,North,Mechanical Keyboard,89.99,2,179.98,85.0,94.98
2025-12-31,2025,Q4,East,Monitor Stand,45.0,6,270.0,119.4,150.6
2025-12-31,2025,Q4,East,Laptop Sleeve,19.99,6,119.94,45.6,74.34
2025-12-31,2025,Q4,South,USB-C Hub,34.5,8,276.0,126.4,149.6
2025-12-31,2025,Q4,South,USB-C Hub,34.5,8,276.0,126.4,149.6
2025-12-31,2025,Q4,East,Ergonomic Chair Cushion,39.99,3,119.97,51.6,68.37
2025-12-31,2025,Q4,East,Ergonomic Chair Cushion,39.99,6,239.94,103.2,136.74
2025-12-31,2025,Q4,East,Laptop Sleeve,19.99,3,59.97,22.8,37.17
2025-12-31,2025,Q4,South,Desk Lamp,29.95,2,59.9,26.8,33.1
