timestamp,machine_id,temperature_c,vibration_mm_s,voltage_v,status
2025-04-01T00:00:00,M-101,53.53,2.26,231.49,normal
2025-04-01T01:00:00,M-101,54.38,2.0,229.9,normal
2025-04-01T02:00:00,M-101,55.57,2.36,228.18,normal
2025-04-01T03:00:00,M-101,53.45,2.31,230.71,normal
2025-04-01T04:00:00,M-101,56.84,2.35,229.85,normal
2025-04-01T05:00:00,M-101,54.67,2.59,229.57,normal
2025-04-01T06:00:00,M-101,54.06,2.03,230.14,normal
2025-04-01T07:00:00,M-101,55.17,2.15,229.91,normal
2025-04-01T08:00:00,M-101,55.33,2.3,231.65,normal
2025-04-01T09:00:00,M-101,55.25,1.93,231.05,normal
2025-04-01T10:00:00,M-101,53.3,2.17,227.79,normal
2025-04-01T11:00:00,M-101,55.0,2.08,230.32,normal
2025-04-01T12:00:00,M-101,58.96,2.19,231.26,normal
2025-04-01T13:00:00,M-101,53.41,2.16,230.99,normal
2025-04-01T14:00:00,M-101,54.89,2.26,230.15,normal
2025-04-01T15:00:00,M-101,53.79,2.28,228.78,normal
2025-04-01T16:00:00,M-101,57.25,2.12,231.03,normal
2025-04-01T17:00:00,M-101,55.0,2.34,229.1,normal
2025-04-01T18:00:00,M-101,56.2,2.18,231.89,normal
2025-04-01T19:00:00,M-101,55.75,2.22,228.83,normal
2025-04-01T20:00:00,M-101,55.92,2.27,232.46,normal
2025-04-01T21:00:00,M-101,54.55,2.28,230.76,normal
2025-04-01T22:00:00,M-101,55.34,2.23,230.27,normal
2025-04-01T23:00:00,M-101,54.28,2.05,229.41,normal
2025-04-02T00:00:00,M-101,55.71,2.43,231.47,normal
2025-04-02T01:00:00,M-101,56.26,2.32,231.05,normal
2025-04-02T02:00:00,M-101,55.22,2.32,232.66,normal
2025-04-02T03:00:00,M-101,54.61,2.1,232.94,normal
2025-04-02T04:00:00,M-101,55.29,2.35,231.31,normal
2025-04-02T05:00:00,M-101,53.64,2.57,232.66,normal
2025-04-02T06:00:00,M-101,55.21,2.31,230.19,normal
2025-04-02T07:00:00,M-101,53.94,2.18,230.56,normal
2025-04-02T08:00:00,M-101,56.34,2.31,230.09,normal
2025-04-02T09:00:00,M-101,56.63,2.09,231.19,normal
2025-04-02T10:00:00,M-101,56.33,2.16,227.31,normal
2025-04-02T11:00:00,M-101,53.91,2.24,230.79,normal
2025-04-02T12:00:00,M-101,56.86,2.05,230.0,normal
2025-04-02T13:00:00,M-101,55.78,2.18,226.45,normal
2025-04-02T14:00:00,M-101,55.97,2.55,231.51,normal
2025-04-02T15:00:00,M-101,53.9,2.14,230.33,normal
2025-04-02T16:00:00,M-101,57.99,2.29,230.17,normal
2025-04-02T17:00:00,M-101,56.87,2.19,232.79,normal
2025-04-02T18:00:00,M-101,54.18,2.13,231.08,normal
2025-04-02T19:00:00,M-101,56.71,2.3,230.45,normal
2025-04-02T20:00:00,M-101,52.81,2.09,229.08,normal
2025-04-02T21:00:00,M-101,54.36,2.29,229.5,normal
2025-04-02T22:00:00,M-101,55.95,2.21,229.5,normal
2025-04-02T23:00:00,M-101,55.14,2.26,231.29,normal
2025-04-03T00:00:00,M-101,54.43,2.17,227.95,normal
2025-04-03T01:00:00,M-101,56.92,2.42,229.73,normal
2025-04-03T02:00:00,M-101,54.43,2.01,230.25,normal
2025-04-03T03:00:00,M-101,55.25,2.53,230.37,normal
2025-04-03T04:00:00,M-101,54.07,1.83,232.11,normal
2025-04-03T05:00:00,M-101,55.23,1.96,230.27,normal
2025-04-03T06:00:00,M-101,53.07,2.72,231.68,normal
2025-04-03T07:00:00,M-101,55.69,2.17,226.79,normal
2025-04-03T08:00:00,M-101,54.85,1.97,230.89,normal
2025-04-03T09:00:00,M-101,52.43,2.06,231.83,normal
2025-04-03T10:00:00,M-101,56.97,2.02,227.7,normal
2025-04-03T11:00:00,M-101,56.06,2.33,228.52,normal
2025-04-03T12:00:00,M-101,54.17,2.1,228.22,normal
2025-04-03T13:00:00,M-101,54.18,2.39,231.03,normal
2025-04-03T14:00:00,M-101,57.47,2.19,229.8,normal
2025-04-03T15:00:00,M-101,53.82,2.18,228.03,normal
2025-04-03T16:00:00,M-101,52.87,2.3,232.16,normal
2025-04-03T17:00:00,M-101,56.0,2.4,230.38,normal
2025-04-03T18:00:00,M-101,54.14,2.21,229.44,normal
2025-04-03T19:00:00,M-101,53.67,1.95,227.78,normal
2025-04-03T20:00:00,M-101,54.99,2.22,229.29,normal
2025-04-03T21:00:00,M-101,56.71,2.23,230.87,normal
2025-04-03T22:00:00,M-101,56.46,2.08,227.05,normal
2025-04-03T23:00:00,M-101,55.9,2.1,231.97,normal
2025-04-04T00:00:00,M-101,55.41,2.35,231.15,normal
2025-04-04T01:00:00,M-101,52.5,2.31,228.99,normal
2025-04-04T02:00:00,M-101,54.09,2.13,231.15,normal
2025-04-04T03:00:00,M-101,56.06,2.35,227.51,normal
2025-04-04T04:00:00,M-101,54.29,1.84,229.85,normal
2025-04-04T05:00:00,M-101,55.72,2.09,230.37,normal
2025-04-04T06:00:00,M-101,55.28,2.35,228.77,normal
2025-04-04T07:00:00,M-101,54.01,2.09,232.63,normal
2025-04-04T08:00:00,M-101,56.31,2.18,230.34,normal
2025-04-04T09:00:00,M-101,55.14,2.23,229.69,normal
2025-04-04T10:00:00,M-101,54.6,2.01,229.04,normal
2025-04-04T11:00:00,M-101,56.98,2.28,230.1,normal
2025-04-04T12:00:00,M-101,54.74,2.21,230.53,normal
2025-04-04T13:00:00,M-101,54.22,2.23,230.36,normal
2025-04-04T14:00:00,M-101,54.1,2.08,228.5,normal
2025-04-04T15:00:00,M-101,53.72,2.33,226.46,normal
2025-04-04T16:00:00,M-101,54.68,2.11,229.07,normal
2025-04-04T17:00:00,M-101,55.12,2.37,230.11,normal
2025-04-04T18:00:00,M-101,54.83,2.11,229.81,normal
2025-04-04T19:00:00,M-101,56.09,2.14,228.28,normal
2025-04-04T20:00:00,M-101,53.48,2.03,227.92,normal
2025-04-04T21:00:00,M-101,56.32,2.25,229.64,normal
2025-04-04T22:00:00,M-101,56.75,2.1,231.13,normal
2025-04-04T23:00:00,M-101,55.96,1.97,227.66,normal
2025-04-05T00:00:00,M-101,53.89,2.34,231.94,normal
2025-04-05T01:00:00,M-101,53.53,2.36,229.43,normal
2025-04-05T02:00:00,M-101,54.53,2.12,229.51,normal
2025-04-05T03:00:00,M-101,52.82,2.05,228.15,normal
2025-04-05T04:00:00,M-101,55.59,2.51,234.1,normal
2025-04-05T05:00:00,M-101,54.6,1.94,229.39,normal
2025-04-05T06:00:00,M-101,53.87,2.5,230.86,normal
2025-04-05T07:00:00,M-101,54.13,2.34,230.8,normal
2025-04-05T08:00:00,M-101,53.05,2.12,229.64,normal
2025-04-05T09:00:00,M-101,55.02,2.22,229.49,normal
2025-04-05T10:00:00,M-101,55.23,2.11,228.66,normal
2025-04-05T11:00:00,M-101,56.82,2.25,230.66,normal
2025-04-05T12:00:00,M-101,53.09,2.18,231.23,normal
2025-04-05T13:00:00,M-101,53.45,2.36,229.42,normal
2025-04-05T14:00:00,M-101,55.48,2.18,230.33,normal
2025-04-05T15:00:00,M-101,56.44,2.14,232.35,normal
2025-04-05T16:00:00,M-101,54.06,2.06,231.07,normal
2025-04-05T17:00:00,M-101,53.72,2.14,231.36,normal
2025-04-05T18:00:00,M-101,56.45,1.93,230.76,normal
2025-04-05T19:00:00,M-101,57.26,2.38,229.64,normal
2025-04-05T20:00:00,M-101,54.28,2.16,228.27,normal
2025-04-05T21:00:00,M-101,54.68,2.17,229.78,normal
2025-04-05T22:00:00,M-101,56.42,2.17,227.81,normal
2025-04-05T23:00:00,M-101,56.26,2.04,229.33,normal
2025-04-06T00:00:00,M-101,54.84,2.15,228.5,normal
2025-04-06T01:00:00,M-101,54.7,2.53,229.09,normal
2025-04-06T02:00:00,M-101,54.84,2.37,231.12,normal
2025-04-06T03:00:00,M-101,55.92,2.33,227.05,normal
2025-04-06T04:00:00,M-101,53.96,2.22,230.75,normal
2025-04-06T05:00:00,M-101,56.55,2.27,229.64,normal
2025-04-06T06:00:00,M-101,55.05,2.17,230.37,normal
2025-04-06T07:00:00,M-101,55.81,2.15,228.78,normal
2025-04-06T08:00:00,M-101,53.97,2.36,231.92,normal
2025-04-06T09:00:00,M-101,56.19,2.33,231.25,normal
2025-04-06T10:00:00,M-101,55.0,2.3,228.42,normal
2025-04-06T11:00:00,M-101,54.76,2.09,231.09,normal
2025-04-06T12:00:00,M-101,54.3,2.18,230.6,normal
2025-04-06T13:00:00,M-101,56.63,2.08,228.59,normal
2025-04-06T14:00:00,M-101,55.98,2.03,230.68,normal
2025-04-06T15:00:00,M-101,54.32,2.18,227.27,normal
2025-04-06T16:00:00,M-101,55.86,2.12,228.65,normal
2025-04-06T17:00:00,M-101,57.49,2.31,235.26,normal
2025-04-06T18:00:00,M-101,55.49,2.15,230.16,normal
2025-04-06T19:00:00,M-101,56.93,2.2,230.68,normal
2025-04-06T20:00:00,M-101,55.62,2.06,230.19,normal
2025-04-06T21:00:00,M-101,54.4,2.01,231.31,normal
2025-04-06T22:00:00,M-101,55.8,2.21,228.64,normal
2025-04-06T23:00:00,M-101,52.59,2.27,229.85,normal
2025-04-07T00:00:00,M-101,52.98,2.19,227.72,normal
2025-04-07T01:00:00,M-101,54.97,2.22,230.53,normal
2025-04-07T02:00:00,M-101,55.26,2.23,228.29,normal
2025-04-07T03:00:00,M-101,54.54,2.12,229.65,normal
2025-04-07T04:00:00,M-101,55.32,2.29,232.45,normal
2025-04-07T05:00:00,M-101,51.92,2.26,229.7,normal
2025-04-07T06:00:00,M-101,57.73,2.34,227.52,normal
2025-04-07T07:00:00,M-101,55.48,2.12,231.49,normal
2025-04-07T08:00:00,M-101,53.73,2.18,229.8,normal
2025-04-07T09:00:00,M-101,54.88,2.11,227.24,normal
2025-04-07T10:00:00,M-101,55.55,2.35,229.9,normal
2025-04-07T11:00:00,M-101,53.78,2.23,230.85,normal
2025-04-07T12:00:00,M-101,54.79,2.2,232.11,normal
2025-04-07T13:00:00,M-101,53.66,2.12,227.14,normal
2025-04-07T14:00:00,M-101,54.16,2.09,228.56,normal
2025-04-07T15:00:00,M-101,54.17,2.47,229.71,normal
2025-04-07T16:00:00,M-101,54.86,2.53,229.91,normal
2025-04-07T17:00:00,M-101,52.92,2.26,228.59,normal
2025-04-07T18:00:00,M-101,56.97,2.01,229.13,normal
2025-04-07T19:00:00,M-101,53.07,2.21,228.48,normal
2025-04-07T20:00:00,M-101,54.92,2.14,229.08,normal
2025-04-07T21:00:00,M-101,56.13,2.34,230.09,normal
2025-04-07T22:00:00,M-101,53.92,2.04,230.4,normal
2025-04-07T23:00:00,M-101,57.87,2.13,228.82,normal
2025-04-08T00:00:00,M-101,54.16,2.04,228.54,normal
2025-04-08T01:00:00,M-101,54.75,2.42,230.0,normal
2025-04-08T02:00:00,M-101,54.39,1.96,230.32,normal
2025-04-08T03:00:00,M-101,54.97,2.02,228.37,normal
2025-04-08T04:00:00,M-101,54.95,2.35,230.94,normal
2025-04-08T05:00:00,M-101,55.25,2.15,230.48,normal
2025-04-08T06:00:00,M-101,54.99,2.53,228.3,normal
2025-04-08T07:00:00,M-101,54.56,2.39,229.6,normal
2025-04-08T08:00:00,M-101,56.71,2.19,230.22,normal
2025-04-08T09:00:00,M-101,54.56,1.99,228.54,normal
2025-04-08T10:00:00,M-101,57.66,2.3,230.91,normal
2025-04-08T11:00:00,M-101,56.14,2.29,231.53,normal
2025-04-08T12:00:00,M-101,54.68,2.17,231.48,normal
2025-04-08T13:00:00,M-101,54.58,2.0,229.66,normal
2025-04-08T14:00:00,M-101,54.35,2.29,228.92,normal
2025-04-08T15:00:00,M-101,53.73,2.15,232.33,normal
2025-04-08T16:00:00,M-101,54.94,2.22,230.01,normal
2025-04-08T17:00:00,M-101,55.35,2.34,232.09,normal
2025-04-08T18:00:00,M-101,53.03,2.4,230.0,normal
2025-04-08T19:00:00,M-101,54.62,2.56,229.75,normal
2025-04-08T20:00:00,M-101,57.33,2.35,228.46,normal
2025-04-08T21:00:00,M-101,55.59,2.31,229.81,normal
2025-04-08T22:00:00,M-101,52.21,2.15,229.71,normal
2025-04-08T23:00:00,M-101,53.67,2.47,229.63,normal
2025-04-09T00:00:00,M-101,54.53,2.16,228.82,normal
2025-04-09T01:00:00,M-101,54.07,2.21,230.47,normal
2025-04-09T02:00:00,M-101,54.39,2.19,227.91,normal
2025-04-09T03:00:00,M-101,55.63,2.09,230.32,normal
2025-04-09T04:00:00,M-101,53.91,2.12,230.32,normal
2025-04-09T05:00:00,M-101,53.55,2.57,229.94,normal
2025-04-09T06:00:00,M-101,54.91,2.09,232.39,normal
2025-04-09T07:00:00,M-101,56.66,2.24,227.95,normal
2025-04-09T08:00:00,M-101,54.39,2.29,229.23,normal
2025-04-09T09:00:00,M-101,53.58,2.02,228.84,normal
2025-04-09T10:00:00,M-101,55.02,2.1,230.03,normal
2025-04-09T11:00:00,M-101,58.35,2.47,228.44,normal
2025-04-09T12:00:00,M-101,55.41,2.21,229.79,normal
2025-04-09T13:00:00,M-101,56.25,2.15,229.51,normal
2025-04-09T14:00:00,M-101,54.55,2.18,231.93,normal
2025-04-09T15:00:00,M-101,55.93,2.0,229.34,normal
2025-04-09T16:00:00,M-101,54.04,2.32,230.34,normal
2025-04-09T17:00:00,M-101,56.07,2.19,227.14,normal
2025-04-09T18:00:00,M-101,55.54,2.23,230.76,normal
2025-04-09T19:00:00,M-101,53.44,2.21,228.97,normal
2025-04-09T20:00:00,M-101,54.18,2.25,230.53,normal
2025-04-09T21:00:00,M-101,53.93,1.94,226.29,normal
2025-04-09T22:00:00,M-101,54.31,2.37,229.92,normal
2025-04-09T23:00:00,M-101,52.3,2.07,230.63,normal
2025-04-10T00:00:00,M-101,57.01,2.38,230.55,normal
2025-04-10T01:00:00,M-101,55.24,2.04,229.32,normal
2025-04-10T02:00:00,M-101,54.6,2.08,230.1,normal
2025-04-10T03:00:00,M-101,54.53,2.25,232.15,normal
2025-04-10T04:00:00,M-101,55.89,2.26,229.64,normal
2025-04-10T05:00:00,M-101,53.18,2.18,230.82,normal
2025-04-10T06:00:00,M-101,53.79,2.39,229.5,normal
2025-04-10T07:00:00,M-101,55.45,2.15,228.12,normal
2025-04-10T08:00:00,M-101,57.48,2.03,231.38,normal
2025-04-10T09:00:00,M-101,54.33,2.24,228.79,normal
2025-04-10T10:00:00,M-101,54.5,2.34,232.92,normal
2025-04-10T11:00:00,M-101,53.98,2.2,231.42,normal
2025-04-10T12:00:00,M-101,54.24,2.31,228.82,normal
2025-04-10T13:00:00,M-101,55.72,2.27,231.82,normal
2025-04-10T14:00:00,M-101,55.44,2.02,231.0,normal
2025-04-10T15:00:00,M-101,53.68,2.31,232.27,normal
2025-04-10T16:00:00,M-101,55.71,2.12,231.79,normal
2025-04-10T17:00:00,M-101,55.2,2.01,229.47,normal
2025-04-10T18:00:00,M-101,56.7,2.15,230.18,normal
2025-04-10T19:00:00,M-101,54.59,1.95,229.23,normal
2025-04-10T20:00:00,M-101,55.43,2.23,229.74,normal
2025-04-10T21:00:00,M-101,52.44,2.38,231.08,normal
2025-04-10T22:00:00,M-101,56.23,2.4,229.33,normal
2025-04-10T23:00:00,M-101,54.27,2.25,232.51,normal
2025-04-11T00:00:00,M-101,52.98,2.17,228.93,normal
2025-04-11T01:00:00,M-101,55.67,2.42,229.56,normal
2025-04-11T02:00:00,M-101,53.51,2.21,229.57,normal
2025-04-11T03:00:00,M-101,53.15,2.33,229.21,normal
2025-04-11T04:00:00,M-101,55.82,2.0,231.64,normal
2025-04-11T05:00:00,M-101,53.27,2.36,227.28,normal
2025-04-11T06:00:00,M-101,56.66,2.14,227.67,normal
2025-04-11T07:00:00,M-101,54.72,2.25,228.51,normal
2025-04-11T08:00:00,M-101,54.41,2.24,229.75,normal
2025-04-11T09:00:00,M-101,51.32,2.14,230.64,normal
2025-04-11T10:00:00,M-101,55.36,2.35,228.96,normal
2025-04-11T11:00:00,M-101,58.06,2.32,230.47,normal
2025-04-11T12:00:00,M-101,56.3,2.34,230.15,normal
2025-04-11T13:00:00,M-101,54.26,2.35,230.63,normal
2025-04-11T14:00:00,M-101,52.73,2.03,230.7,normal
2025-04-11T15:00:00,M-101,55.13,2.24,230.96,normal
2025-04-11T16:00:00,M-101,55.17,2.44,229.12,normal
2025-04-11T17:00:00,M-101,54.52,2.25,231.12,normal
2025-04-11T18:00:00,M-101,55.95,2.42,229.28,normal
2025-04-11T19:00:00,M-101,56.4,2.27,228.44,normal
2025-04-11T20:00:00,M-101,54.84,2.51,231.18,normal
2025-04-11T21:00:00,M-101,54.44,1.84,228.9,normal
2025-04-11T22:00:00,M-101,54.16,2.21,233.47,normal
2025-04-11T23:00:00,M-101,55.9,2.25,228.6,normal
2025-04-12T00:00:00,M-101,53.58,2.17,229.3,normal
2025-04-12T01:00:00,M-101,58.61,2.14,229.08,normal
2025-04-12T02:00:00,M-101,56.35,2.21,228.15,normal
2025-04-12T03:00:00,M-101,56.55,2.15,228.01,normal
2025-04-12T04:00:00,M-101,55.39,2.27,229.49,normal
2025-04-12T05:00:00,M-101,55.84,2.32,228.68,normal
2025-04-12T06:00:00,M-101,52.53,1.84,229.81,normal
2025-04-12T07:00:00,M-101,56.48,2.35,232.09,normal
2025-04-12T08:00:00,M-101,57.23,2.2,231.58,normal
2025-04-12T09:00:00,M-101,53.17,2.3,230.59,normal
2025-04-12T10:00:00,M-101,54.89,2.13,228.33,normal
2025-04-12T11:00:00,M-101,55.17,2.39,229.45,normal
2025-04-12T12:00:00,M-101,55.64,2.1,230.38,normal
2025-04-12T13:00:00,M-101,53.79,2.26,229.67,normal
2025-04-12T14:00:00,M-101,55.38,2.11,228.24,normal
2025-04-12T15:00:00,M-101,54.61,2.36,232.37,normal
2025-04-12T16:00:00,M-101,54.61,2.32,231.14,normal
2025-04-12T17:00:00,M-101,55.47,1.97,230.49,normal
2025-04-12T18:00:00,M-101,53.84,2.38,231.18,normal
2025-04-12T19:00:00,M-101,55.74,1.82,230.93,normal
2025-04-12T20:00:00,M-101,55.84,2.01,231.46,normal
2025-04-12T21:00:00,M-101,55.09,2.17,228.93,normal
2025-04-12T22:00:00,M-101,53.78,2.13,234.63,normal
2025-04-12T23:00:00,M-101,55.24,2.23,229.03,normal
2025-04-13T00:00:00,M-101,54.26,2.12,228.67,normal
2025-04-13T01:00:00,M-101,56.05,2.16,231.3,normal
2025-04-13T02:00:00,M-101,53.61,2.34,229.96,normal
2025-04-13T03:00:00,M-101,55.8,2.18,228.67,normal
2025-04-13T04:00:00,M-101,56.45,2.13,229.78,normal
2025-04-13T05:00:00,M-101,53.94,2.23,229.42,normal
2025-04-13T06:00:00,M-101,55.34,2.25,228.97,normal
2025-04-13T07:00:00,M-101,53.31,2.26,231.38,normal
2025-04-13T08:00:00,M-101,55.84,2.03,230.91,normal
2025-04-13T09:00:00,M-101,55.46,2.24,230.64,normal
2025-04-13T10:00:00,M-101,54.61,2.23,231.39,normal
2025-04-13T11:00:00,M-101,54.39,1.98,229.84,normal
2025-04-13T12:00:00,M-101,55.24,1.92,228.99,normal
2025-04-13T13:00:00,M-101,55.71,2.18,230.14,normal
2025-04-13T14:00:00,M-101,53.49,2.34,232.63,normal
2025-04-13T15:00:00,M-101,54.76,2.09,228.26,normal
2025-04-13T16:00:00,M-101,56.07,2.22,228.81,normal
2025-04-13T17:00:00,M-101,56.46,2.31,230.9,normal
2025-04-13T18:00:00,M-101,52.89,2.18,230.94,normal
2025-04-13T19:00:00,M-101,53.53,2.34,232.15,normal
2025-04-13T20:00:00,M-101,56.24,2.09,228.94,normal
2025-04-13T21:00:00,M-101,56.13,2.35,231.84,normal
2025-04-13T22:00:00,M-101,56.44,2.19,229.39,normal
2025-04-13T23:00:00,M-101,52.77,2.32,233.41,normal
2025-04-14T00:00:00,M-101,54.44,2.13,230.97,normal
2025-04-14T01:00:00,M-101,55.45,1.99,228.93,normal
2025-04-14T02:00:00,M-101,53.68,2.5,228.92,normal
2025-04-14T03:00:00,M-101,56.02,2.49,232.84,normal
2025-04-14T04:00:00,M-101,56.71,2.44,228.15,normal
2025-04-14T05:00:00,M-101,54.59,2.09,229.56,normal
2025-04-14T06:00:00,M-101,58.15,1.95,230.84,normal
2025-04-14T07:00:00,M-101,53.52,2.4,231.95,normal
2025-04-14T08:00:00,M-101,54.39,2.51,230.11,normal
2025-04-14T09:00:00,M-101,56.56,2.25,229.16,normal
2025-04-14T10:00:00,M-101,54.54,2.18,230.93,normal
2025-04-14T11:00:00,M-101,55.15,2.55,229.71,normal
2025-04-14T12:00:00,M-101,54.44,2.09,228.83,normal
2025-04-14T13:00:00,M-101,53.27,2.05,231.36,normal
2025-04-14T14:00:00,M-101,55.07,2.17,230.53,normal
2025-04-14T15:00:00,M-101,56.28,2.29,231.16,normal
2025-04-14T16:00:00,M-101,54.33,2.16,228.84,normal
2025-04-14T17:00:00,M-101,54.88,2.08,229.44,normal
2025-04-14T18:00:00,M-101,54.79,2.17,229.6,normal
2025-04-14T19:00:00,M-101,54.41,2.4,229.49,normal
2025-04-14T20:00:00,M-101,53.79,2.23,228.37,normal
2025-04-14T21:00:00,M-101,53.71,2.21,227.5,normal
2025-04-14T22:00:00,M-101,51.14,2.24,231.55,normal
2025-04-14T23:00:00,M-101,52.99,2.07,230.87,normal
2025-04-15T00:00:00,M-101,52.62,2.07,228.19,normal
2025-04-15T01:00:00,M-101,54.76,1.9,231.34,normal
2025-04-15T02:00:00,M-101,54.83,2.25,229.51,normal
2025-04-15T03:00:00,M-101,52.45,2.18,227.99,normal
2025-04-15T04:00:00,M-101,55.01,2.07,229.52,normal
2025-04-15T05:00:00,M-101,54.75,2.32,231.15,normal
2025-04-15T06:00:00,M-101,53.79,2.2,232.19,normal
2025-04-15T07:00:00,M-101,55.59,2.09,229.82,normal
2025-04-15T08:00:00,M-101,54.58,2.34,230.05,normal
2025-04-15T09:00:00,M-101,55.45,2.53,227.93,normal
2025-04-15T10:00:00,M-101,53.78,1.94,227.61,normal
2025-04-15T11:00:00,M-101,56.03,2.24,232.45,normal
2025-04-15T12:00:00,M-101,52.63,2.07,232.17,normal
2025-04-15T13:00:00,M-101,56.24,2.33,231.31,normal
2025-04-15T14:00:00,M-101,55.04,2.2,230.05,normal
2025-04-15T15:00:00,M-101,56.01,2.18,230.48,normal
2025-04-15T16:00:00,M-101,56.74,2.03,228.87,normal
2025-04-15T17:00:00,M-101,55.68,2.16,229.76,normal
2025-04-15T18:00:00,M-101,57.52,2.26,229.37,normal
2025-04-15T19:00:00,M-101,56.32,2.58,228.34,normal
2025-04-15T20:00:00,M-101,54.2,2.22,229.05,normal
2025-04-15T21:00:00,M-101,57.61,2.28,229.4,normal
2025-04-15T22:00:00,M-101,55.59,2.08,229.09,normal
2025-04-15T23:00:00,M-101,55.13,2.56,226.62,normal
2025-04-16T00:00:00,M-101,55.5,2.4,231.11,normal
2025-04-16T01:00:00,M-101,57.31,2.27,230.22,normal
2025-04-16T02:00:00,M-101,54.84,2.07,232.45,normal
2025-04-16T03:00:00,M-101,53.58,2.18,229.21,normal
2025-04-16T04:00:00,M-101,54.06,1.87,229.43,normal
2025-04-16T05:00:00,M-101,55.16,2.22,231.27,normal
2025-04-16T06:00:00,M-101,54.81,2.1,230.46,normal
2025-04-16T07:00:00,M-101,55.8,2.06,227.72,normal
2025-04-16T08:00:00,M-101,53.77,2.36,231.5,normal
2025-04-16T09:00:00,M-101,53.94,2.22,231.26,normal
2025-04-16T10:00:00,M-101,56.59,2.1,229.64,normal
2025-04-16T11:00:00,M-101,56.69,2.56,232.29,normal
2025-04-16T12:00:00,M-101,53.63,2.27,229.55,normal
2025-04-16T13:00:00,M-101,54.93,2.1,229.28,normal
2025-04-16T14:00:00,M-101,54.99,2.47,231.05,normal
2025-04-16T15:00:00,M-101,55.51,2.2,228.87,normal
2025-04-16T16:00:00,M-101,54.72,2.39,231.25,normal
2025-04-16T17:00:00,M-101,57.36,2.24,229.97,normal
2025-04-16T18:00:00,M-101,53.06,2.26,227.41,normal
2025-04-16T19:00:00,M-101,56.83,2.11,230.0,normal
2025-04-16T20:00:00,M-101,53.38,2.13,228.6,normal
2025-04-16T21:00:00,M-101,56.36,2.24,228.23,normal
2025-04-16T22:00:00,M-101,52.68,2.19,229.27,normal
2025-04-16T23:00:00,M-101,53.67,2.29,229.72,normal
2025-04-17T00:00:00,M-101,55.13,2.11,229.14,normal
2025-04-17T01:00:00,M-101,54.45,1.96,230.94,normal
2025-04-17T02:00:00,M-101,55.48,1.94,230.15,normal
2025-04-17T03:00:00,M-101,56.39,2.24,231.94,normal
2025-04-17T04:00:00,M-101,54.68,2.2,228.05,normal
2025-04-17T05:00:00,M-101,53.91,1.93,228.66,normal
2025-04-17T06:00:00,M-101,55.29,2.28,231.75,normal
2025-04-17T07:00:00,M-101,55.16,2.05,230.65,normal
2025-04-17T08:00:00,M-101,54.83,2.47,232.94,normal
2025-04-17T09:00:00,M-101,56.15,2.03,229.21,normal
2025-04-17T10:00:00,M-101,55.23,2.09,230.79,normal
2025-04-17T11:00:00,M-101,55.82,2.33,230.34,normal
2025-04-17T12:00:00,M-101,53.94,2.07,229.82,normal
2025-04-17T13:00:00,M-101,56.59,2.44,231.47,normal
2025-04-17T14:00:00,M-101,55.44,2.3,231.23,normal
2025-04-17T15:00:00,M-101,56.55,2.33,227.7,normal
2025-04-17T16:00:00,M-101,56.14,2.26,229.31,normal
2025-04-17T17:00:00,M-101,55.63,2.24,229.92,normal
2025-04-17T18:00:00,M-101,52.97,2.22,230.84,normal
2025-04-17T19:00:00,M-101,54.94,1.96,230.69,normal
2025-04-17T20:00:00,M-101,55.86,2.23,230.64,normal
2025-04-17T21:00:00,M-101,54.58,2.1,230.79,normal
2025-04-17T22:00:00,M-101,54.57,2.23,234.88,normal
2025-04-17T23:00:00,M-101,55.85,2.22,227.57,normal
2025-04-18T00:00:00,M-101,55.12,2.31,228.94,normal
2025-04-18T01:00:00,M-101,54.71,1.86,230.83,normal
2025-04-18T02:00:00,M-101,54.29,2.3,232.05,normal
2025-04-18T03:00:00,M-101,54.81,2.35,230.38,normal
2025-04-18T04:00:00,M-101,54.75,2.16,228.72,normal
2025-04-18T05:00:00,M-101,56.54,2.33,228.49,normal
2025-04-18T06:00:00,M-101,56.01,2.09,227.74,normal
2025-04-18T07:00:00,M-101,56.44,2.01,231.78,normal
2025-04-18T08:00:00,M-101,55.24,2.34,230.77,normal
2025-04-18T09:00:00,M-101,56.39,2.25,230.87,normal
2025-04-18T10:00:00,M-101,55.3,2.36,229.41,normal
2025-04-18T11:00:00,M-101,56.22,2.43,229.91,normal
2025-04-18T12:00:00,M-101,55.53,2.12,229.57,normal
2025-04-18T13:00:00,M-101,55.31,2.15,228.67,normal
2025-04-18T14:00:00,M-101,54.96,2.23,230.48,normal
2025-04-18T15:00:00,M-101,55.85,1.93,232.12,normal
2025-04-18T16:00:00,M-101,54.79,2.08,229.44,normal
2025-04-18T17:00:00,M-101,55.53,2.33,229.45,normal
2025-04-18T18:00:00,M-101,55.19,1.96,230.25,normal
2025-04-18T19:00:00,M-101,54.87,2.14,231.33,normal
2025-04-18T20:00:00,M-101,57.15,2.35,228.83,normal
2025-04-18T21:00:00,M-101,56.83,2.15,229.94,normal
2025-04-18T22:00:00,M-101,54.3,2.27,230.83,normal
2025-04-18T23:00:00,M-101,55.17,2.17,229.78,normal
2025-04-19T00:00:00,M-101,54.52,2.35,229.22,normal
2025-04-19T01:00:00,M-101,54.82,2.17,228.88,normal
2025-04-19T02:00:00,M-101,54.73,1.98,230.61,normal
2025-04-19T03:00:00,M-101,55.65,2.16,232.33,normal
2025-04-19T04:00:00,M-101,54.02,2.28,230.72,normal
2025-04-19T05:00:00,M-101,54.36,2.16,231.33,normal
2025-04-19T06:00:00,M-101,55.07,2.24,232.09,normal
2025-04-19T07:00:00,M-101,55.26,1.95,228.9,normal
2025-04-19T08:00:00,M-101,56.0,2.18,228.39,normal
2025-04-19T09:00:00,M-101,52.64,2.25,232.24,normal
2025-04-19T10:00:00,M-101,53.5,1.88,230.74,normal
2025-04-19T11:00:00,M-101,54.35,2.16,229.52,normal
2025-04-19T12:00:00,M-101,53.92,2.27,231.37,normal
2025-04-19T13:00:00,M-101,55.44,2.12,231.55,normal
2025-04-19T14:00:00,M-101,54.87,2.29,228.61,normal
2025-04-19T15:00:00,M-101,55.78,2.31,231.92,normal
2025-04-19T16:00:00,M-101,55.03,2.27,229.14,normal
2025-04-19T17:00:00,M-101,56.05,2.32,231.61,normal
2025-04-19T18:00:00,M-101,54.54,2.02,229.9,normal
2025-04-19T19:00:00,M-101,54.75,2.09,230.9,normal
2025-04-19T20:00:00,M-101,56.13,2.26,231.65,normal
2025-04-19T21:00:00,M-101,55.47,2.06,229.13,normal
2025-04-19T22:00:00,M-101,54.58,2.3,231.37,normal
2025-04-19T23:00:00,M-101,55.16,2.35,228.78,normal
2025-04-20T00:00:00,M-101,54.87,2.42,230.66,normal
2025-04-20T01:00:00,M-101,56.24,1.92,227.53,normal
2025-04-20T02:00:00,M-101,53.98,2.35,232.41,normal
2025-04-20T03:00:00,M-101,54.27,2.05,228.5,normal
2025-04-20T04:00:00,M-101,53.95,2.28,229.54,normal
2025-04-20T05:00:00,M-101,57.23,2.31,228.99,normal
2025-04-20T06:00:00,M-101,55.28,2.18,231.17,normal
2025-04-20T07:00:00,M-101,56.08,2.15,231.32,normal
2025-04-20T08:00:00,M-101,55.68,2.19,230.38,normal
2025-04-20T09:00:00,M-101,55.81,2.15,229.01,normal
2025-04-20T10:00:00,M-101,56.5,2.2,229.13,normal
2025-04-20T11:00:00,M-101,55.55,1.98,230.09,normal
2025-04-20T12:00:00,M-101,53.4,2.14,227.37,normal
2025-04-20T13:00:00,M-101,54.16,2.33,229.74,normal
2025-04-20T14:00:00,M-101,53.57,2.46,229.08,normal
2025-04-20T15:00:00,M-101,56.75,2.12,227.85,normal
2025-04-20T16:00:00,M-101,57.18,2.14,231.13,normal
2025-04-20T17:00:00,M-101,56.41,2.01,230.11,normal
2025-04-20T18:00:00,M-101,54.33,2.29,229.99,normal
2025-04-20T19:00:00,M-101,53.52,2.21,231.13,normal
2025-04-20T20:00:00,M-101,54.66,2.28,229.22,normal
2025-04-20T21:00:00,M-101,54.95,2.25,230.22,normal
2025-04-20T22:00:00,M-101,56.5,2.34,231.25,normal
2025-04-20T23:00:00,M-101,55.86,2.22,228.3,normal
2025-04-21T00:00:00,M-101,56.26,2.46,230.34,normal
2025-04-21T01:00:00,M-101,54.71,2.2,231.78,normal
2025-04-21T02:00:00,M-101,55.34,2.06,229.76,normal
2025-04-21T03:00:00,M-101,54.11,2.17,228.7,normal
2025-04-21T04:00:00,M-101,53.98,2.42,231.55,normal
2025-04-21T05:00:00,M-101,53.12,2.06,229.36,normal
2025-04-21T06:00:00,M-101,54.55,2.0,231.31,normal
2025-04-21T07:00:00,M-101,53.12,2.3,231.03,normal
2025-04-21T08:00:00,M-101,54.58,2.1,230.1,normal
2025-04-21T09:00:00,M-101,55.18,1.89,228.17,normal
2025-04-21T10:00:00,M-101,55.63,2.19,229.4,normal
2025-04-21T11:00:00,M-101,53.84,2.1,228.89,normal
2025-04-21T12:00:00,M-101,58.29,2.02,232.26,normal
2025-04-21T13:00:00,M-101,55.57,2.23,230.3,normal
2025-04-21T14:00:00,M-101,54.56,2.44,230.76,normal
2025-04-21T15:00:00,M-101,54.98,2.18,230.3,normal
2025-04-21T16:00:00,M-101,53.67,2.15,229.1,normal
2025-04-21T17:00:00,M-101,55.74,2.29,227.28,normal
2025-04-21T18:00:00,M-101,54.75,2.35,228.11,normal
2025-04-21T19:00:00,M-101,53.62,2.35,229.82,normal
2025-04-21T20:00:00,M-101,54.48,2.02,230.26,normal
2025-04-21T21:00:00,M-101,54.36,2.23,230.64,normal
2025-04-21T22:00:00,M-101,55.83,2.15,229.24,normal
2025-04-21T23:00:00,M-101,55.04,2.19,230.26,normal
2025-04-22T00:00:00,M-101,54.39,2.17,229.15,normal
2025-04-22T01:00:00,M-101,54.32,2.22,231.7,normal
2025-04-22T02:00:00,M-101,54.38,2.29,230.52,normal
2025-04-22T03:00:00,M-101,55.14,2.3,229.19,normal
2025-04-22T04:00:00,M-101,55.67,2.25,224.89,normal
2025-04-22T05:00:00,M-101,55.43,2.29,232.88,normal
2025-04-22T06:00:00,M-101,53.76,2.22,230.53,normal
2025-04-22T07:00:00,M-101,53.87,2.38,230.67,normal
2025-04-22T08:00:00,M-101,54.07,2.03,229.4,normal
2025-04-22T09:00:00,M-101,57.8,2.52,226.38,normal
2025-04-22T10:00:00,M-101,52.87,2.3,229.85,normal
2025-04-22T11:00:00,M-101,54.26,2.29,230.15,normal
2025-04-22T12:00:00,M-101,55.35,2.24,228.41,normal
2025-04-22T13:00:00,M-101,56.56,2.13,231.68,normal
2025-04-22T14:00:00,M-101,55.82,2.21,230.22,normal
2025-04-22T15:00:00,M-101,54.95,1.93,229.53,normal
2025-04-22T16:00:00,M-101,55.51,1.96,227.82,normal
2025-04-22T17:00:00,M-101,56.28,2.32,227.74,normal
2025-04-22T18:00:00,M-101,55.55,2.19,231.45,normal
2025-04-22T19:00:00,M-101,54.63,2.17,228.91,normal
2025-04-22T20:00:00,M-101,55.22,2.18,229.05,normal
2025-04-22T21:00:00,M-101,54.6,2.09,230.93,normal
2025-04-22T22:00:00,M-101,53.79,1.97,228.59,normal
2025-04-22T23:00:00,M-101,56.29,2.13,230.96,normal
2025-04-23T00:00:00,M-101,55.87,2.13,231.12,normal
2025-04-23T01:00:00,M-101,55.6,2.19,228.97,normal
2025-04-23T02:00:00,M-101,54.94,2.01,229.6,normal
2025-04-23T03:00:00,M-101,54.32,2.27,230.51,normal
2025-04-23T04:00:00,M-101,54.25,2.33,231.77,normal
2025-04-23T05:00:00,M-101,55.08,2.09,230.75,normal
2025-04-23T06:00:00,M-101,52.12,2.11,230.87,normal
2025-04-23T07:00:00,M-101,57.37,2.09,232.27,normal
2025-04-23T08:00:00,M-101,57.76,2.48,226.52,normal
2025-04-23T09:00:00,M-101,56.31,2.23,231.51,normal
2025-04-23T10:00:00,M-101,54.8,2.11,229.67,normal
2025-04-23T11:00:00,M-101,56.79,2.33,229.57,normal
2025-04-23T12:00:00,M-101,55.46,2.33,230.85,normal
2025-04-23T13:00:00,M-101,54.96,2.1,228.9,normal
2025-04-23T14:00:00,M-101,54.49,2.12,227.66,normal
2025-04-23T15:00:00,M-101,53.33,2.33,228.34,normal
2025-04-23T16:00:00,M-101,53.45,2.19,232.16,normal
2025-04-23T17:00:00,M-101,56.5,2.14,228.47,normal
2025-04-23T18:00:00,M-101,54.37,2.07,229.19,normal
2025-04-23T19:00:00,M-101,55.58,2.04,228.84,normal
2025-04-23T20:00:00,M-101,54.69,2.2,228.86,normal
2025-04-23T21:00:00,M-101,54.06,2.03,228.88,normal
2025-04-23T22:00:00,M-101,55.63,2.16,225.37,normal
2025-04-23T23:00:00,M-101,55.74,2.19,228.7,normal
2025-04-24T00:00:00,M-101,54.7,1.75,227.54,normal
2025-04-24T01:00:00,M-101,56.39,2.52,233.26,normal
2025-04-24T02:00:00,M-101,54.12,2.21,231.17,normal
2025-04-24T03:00:00,M-101,53.53,2.46,228.92,normal
2025-04-24T04:00:00,M-101,55.42,2.03,230.55,normal
2025-04-24T05:00:00,M-101,54.98,2.36,228.28,normal
2025-04-24T06:00:00,M-101,54.99,2.47,228.22,normal
2025-04-24T07:00:00,M-101,55.42,2.27,229.26,normal
2025-04-24T08:00:00,M-101,54.68,2.41,231.71,normal
2025-04-24T09:00:00,M-101,55.68,2.24,228.3,normal
2025-04-24T10:00:00,M-101,55.11,2.47,231.58,normal
2025-04-24T11:00:00,M-101,53.37,1.89,229.01,normal
2025-04-24T12:00:00,M-101,55.2,2.12,229.54,normal
2025-04-24T13:00:00,M-101,55.41,2.33,230.32,normal
2025-04-24T14:00:00,M-101,56.5,1.99,230.7,normal
2025-04-24T15:00:00,M-101,55.51,1.98,231.88,normal
2025-04-24T16:00:00,M-101,53.08,1.98,234.01,normal
2025-04-24T17:00:00,M-101,56.56,2.26,232.04,normal
2025-04-24T18:00:00,M-101,56.38,2.03,230.73,normal
2025-04-24T19:00:00,M-101,56.69,2.18,230.11,normal
2025-04-24T20:00:00,M-101,54.44,2.31,229.17,normal
2025-04-24T21:00:00,M-101,54.29,2.02,228.61,normal
2025-04-24T22:00:00,M-101,55.27,2.27,229.42,normal
2025-04-24T23:00:00,M-101,53.74,2.25,230.54,normal
2025-04-25T00:00:00,M-101,56.54,2.13,229.38,normal
2025-04-25T01:00:00,M-101,55.62,2.43,229.93,normal
2025-04-25T02:00:00,M-101,54.9,2.06,229.43,normal
2025-04-25T03:00:00,M-101,56.14,2.33,231.68,normal
2025-04-25T04:00:00,M-101,53.02,2.33,228.61,normal
2025-04-25T05:00:00,M-101,55.72,1.84,229.85,normal
2025-04-25T06:00:00,M-101,53.93,2.39,230.19,normal
2025-04-25T07:00:00,M-101,56.57,2.13,232.97,normal
2025-04-25T08:00:00,M-101,54.46,2.49,229.27,normal
2025-04-25T09:00:00,M-101,53.82,2.34,229.4,normal
2025-04-25T10:00:00,M-101,54.93,2.0,229.48,normal
2025-04-25T11:00:00,M-101,55.14,2.09,230.59,normal
2025-04-25T12:00:00,M-101,52.22,2.34,229.38,normal
2025-04-25T13:00:00,M-101,56.78,2.15,229.01,normal
2025-04-25T14:00:00,M-101,54.46,2.24,230.9,normal
2025-04-25T15:00:00,M-101,54.44,2.08,230.66,normal
2025-04-25T16:00:00,M-101,56.0,1.94,228.41,normal
2025-04-25T17:00:00,M-101,54.19,2.46,231.87,normal
2025-04-25T18:00:00,M-101,55.97,2.28,228.31,normal
2025-04-25T19:00:00,M-101,56.36,2.13,228.8,normal
2025-04-25T20:00:00,M-101,57.35,1.98,232.1,normal
2025-04-25T21:00:00,M-101,55.25,2.06,230.27,normal
2025-04-25T22:00:00,M-101,53.98,2.23,229.02,normal
2025-04-25T23:00:00,M-101,53.56,2.6,229.24,normal
2025-04-26T00:00:00,M-101,56.2,2.19,231.03,normal
2025-04-26T01:00:00,M-101,53.47,2.04,225.03,normal
2025-04-26T02:00:00,M-101,56.22,2.27,228.22,normal
2025-04-26T03:00:00,M-101,56.02,2.29,234.45,normal
2025-04-26T04:00:00,M-101,55.29,2.34,230.94,normal
2025-04-26T05:00:00,M-101,55.94,2.2,229.37,normal
2025-04-26T06:00:00,M-101,55.87,2.39,228.23,normal
2025-04-26T07:00:00,M-101,53.62,2.19,232.74,normal
2025-04-26T08:00:00,M-101,54.75,1.94,231.23,normal
2025-04-26T09:00:00,M-101,55.92,2.5,230.29,normal
2025-04-26T10:00:00,M-101,57.4,2.09,231.38,normal
2025-04-26T11:00:00,M-101,55.17,2.02,229.59,normal
2025-04-26T12:00:00,M-101,56.62,2.37,229.43,normal
2025-04-26T13:00:00,M-101,56.35,2.34,231.37,normal
2025-04-26T14:00:00,M-101,55.35,2.25,228.75,normal
2025-04-26T15:00:00,M-101,54.92,2.22,228.89,normal
2025-04-26T16:00:00,M-101,54.66,2.23,230.33,normal
2025-04-26T17:00:00,M-101,56.29,2.04,229.41,normal
2025-04-26T18:00:00,M-101,55.33,2.14,230.51,normal
2025-04-26T19:00:00,M-101,54.44,2.38,229.66,normal
2025-04-26T20:00:00,M-101,53.63,2.31,232.53,normal
2025-04-26T21:00:00,M-101,52.67,2.18,230.11,normal
2025-04-26T22:00:00,M-101,56.26,2.43,229.77,normal
2025-04-26T23:00:00,M-101,53.11,2.3,231.54,normal
2025-04-27T00:00:00,M-101,55.57,2.21,228.78,normal
2025-04-27T01:00:00,M-101,57.97,2.02,227.72,normal
2025-04-27T02:00:00,M-101,56.19,2.24,231.03,normal
2025-04-27T03:00:00,M-101,55.44,2.46,232.17,normal
2025-04-27T04:00:00,M-101,54.34,2.35,228.22,normal
2025-04-27T05:00:00,M-101,52.94,2.38,229.36,normal
2025-04-27T06:00:00,M-101,52.4,2.2,229.0,normal
2025-04-27T07:00:00,M-101,55.62,2.19,228.84,normal
2025-04-27T08:00:00,M-101,54.14,2.32,228.6,normal
2025-04-27T09:00:00,M-101,55.16,2.05,230.69,normal
2025-04-27T10:00:00,M-101,57.17,2.29,231.7,normal
2025-04-27T11:00:00,M-101,55.56,2.06,229.55,normal
2025-04-27T12:00:00,M-101,55.09,2.27,229.1,normal
2025-04-27T13:00:00,M-101,55.75,2.09,230.11,normal
2025-04-27T14:00:00,M-101,55.0,2.03,231.53,normal
2025-04-27T15:00:00,M-101,55.07,2.22,229.96,normal
2025-04-27T16:00:00,M-101,52.46,1.99,228.65,normal
2025-04-27T17:00:00,M-101,56.21,2.11,230.93,normal
2025-04-27T18:00:00,M-101,53.76,2.07,229.3,normal
2025-04-27T19:00:00,M-101,56.29,1.95,229.74,normal
2025-04-27T20:00:00,M-101,55.5,2.22,229.99,normal
2025-04-27T21:00:00,M-101,55.95,2.24,228.49,normal
2025-04-27T22:00:00,M-101,55.78,2.08,229.5,normal
2025-04-27T23:00:00,M-101,56.77,2.57,232.21,normal
2025-04-28T00:00:00,M-101,55.52,2.08,228.86,normal
2025-04-28T01:00:00,M-101,57.02,2.25,227.91,normal
2025-04-28T02:00:00,M-101,56.91,2.29,232.01,normal
2025-04-28T03:00:00,M-101,55.5,1.87,228.9,normal
2025-04-28T04:00:00,M-101,54.84,2.18,232.3,normal
2025-04-28T05:00:00,M-101,54.2,2.19,229.92,normal
2025-04-28T06:00:00,M-101,54.9,2.04,228.16,normal
2025-04-28T07:00:00,M-101,51.89,2.25,229.7,normal
2025-04-28T08:00:00,M-101,55.25,2.04,230.01,normal
2025-04-28T09:00:00,M-101,53.83,2.05,230.52,normal
2025-04-28T10:00:00,M-101,55.78,2.29,229.94,normal
2025-04-28T11:00:00,M-101,54.54,2.41,231.89,normal
2025-04-28T12:00:00,M-101,54.24,2.04,230.57,normal
2025-04-28T13:00:00,M-101,55.39,2.06,233.46,normal
2025-04-28T14:00:00,M-101,52.48,2.07,230.38,normal
2025-04-28T15:00:00,M-101,56.21,1.92,229.35,normal
2025-04-28T16:00:00,M-101,56.74,2.41,229.63,normal
2025-04-28T17:00:00,M-101,55.05,2.07,230.61,normal
2025-04-28T18:00:00,M-101,53.74,1.89,227.71,normal
2025-04-28T19:00:00,M-101,55.07,2.0,231.69,normal
2025-04-28T20:00:00,M-101,56.56,2.35,231.0,normal
2025-04-28T21:00:00,M-101,56.38,2.24,231.32,normal
2025-04-28T22:00:00,M-101,55.57,2.32,228.47,normal
2025-04-28T23:00:00,M-101,54.21,2.05,231.26,normal
2025-04-29T00:00:00,M-101,55.62,2.08,228.52,normal
2025-04-29T01:00:00,M-101,54.31,2.33,229.84,normal
2025-04-29T02:00:00,M-101,54.72,2.1,229.83,normal
2025-04-29T03:00:00,M-101,56.94,2.1,229.48,normal
2025-04-29T04:00:00,M-101,57.06,2.31,228.29,normal
2025-04-29T05:00:00,M-101,56.33,2.01,230.85,normal
2025-04-29T06:00:00,M-101,51.95,2.05,231.4,normal
2025-04-29T07:00:00,M-101,54.29,2.09,230.09,normal
2025-04-29T08:00:00,M-101,55.01,2.13,228.99,normal
2025-04-29T09:00:00,M-101,57.18,2.43,230.51,normal
2025-04-29T10:00:00,M-101,53.62,2.12,229.57,normal
2025-04-29T11:00:00,M-101,55.6,2.44,229.22,normal
2025-04-29T12:00:00,M-101,55.19,2.14,230.22,normal
2025-04-29T13:00:00,M-101,54.18,2.26,231.76,normal
2025-04-29T14:00:00,M-101,54.53,2.15,230.19,normal
2025-04-29T15:00:00,M-101,53.42,2.47,227.99,normal
2025-04-29T16:00:00,M-101,54.57,2.07,232.28,normal
2025-04-29T17:00:00,M-101,54.42,2.12,232.86,normal
2025-04-29T18:00:00,M-101,54.86,2.08,230.0,normal
2025-04-29T19:00:00,M-101,55.24,2.09,229.73,normal
2025-04-29T20:00:00,M-101,54.76,2.31,231.17,normal
2025-04-29T21:00:00,M-101,56.02,2.18,231.22,normal
2025-04-29T22:00:00,M-101,54.75,2.38,230.62,normal
2025-04-29T23:00:00,M-101,54.5,2.39,227.73,normal
2025-04-30T00:00:00,M-101,53.84,2.08,229.81,normal
2025-04-30T01:00:00,M-101,53.52,2.02,227.16,normal
2025-04-30T02:00:00,M-101,55.15,2.09,233.32,normal
2025-04-30T03:00:00,M-101,55.94,2.03,232.0,normal
2025-04-30T04:00:00,M-101,55.14,2.36,228.33,normal
2025-04-30T05:00:00,M-101,56.41,2.37,229.38,normal
2025-04-30T06:00:00,M-101,53.98,2.14,230.41,normal
2025-04-30T07:00:00,M-101,57.92,2.47,232.28,normal
2025-04-30T08:00:00,M-101,54.74,2.15,230.57,normal
2025-04-30T09:00:00,M-101,54.68,2.13,229.7,normal
2025-04-30T10:00:00,M-101,56.03,2.19,230.37,normal
2025-04-30T11:00:00,M-101,54.69,2.17,229.51,normal
2025-04-30T12:00:00,M-101,56.53,2.24,232.27,normal
2025-04-30T13:00:00,M-101,54.8,2.36,227.93,normal
2025-04-30T14:00:00,M-101,54.52,2.19,229.06,normal
2025-04-30T15:00:00,M-101,54.87,2.06,229.77,normal
2025-04-30T16:00:00,M-101,54.2,2.2,229.57,normal
2025-04-30T17:00:00,M-101,53.8,2.14,230.05,normal
2025-04-30T18:00:00,M-101,53.47,2.22,231.9,normal
2025-04-30T19:00:00,M-101,54.74,2.28,230.95,normal
2025-04-30T20:00:00,M-101,54.04,2.4,233.8,normal
2025-04-30T21:00:00,M-101,53.77,2.52,228.94,normal
2025-04-30T22:00:00,M-101,56.77,1.93,231.73,normal
2025-04-30T23:00:00,M-101,55.18,2.01,228.77,normal
2025-05-01T00:00:00,M-101,53.74,2.07,230.58,normal
2025-05-01T01:00:00,M-101,54.79,1.82,229.54,normal
2025-05-01T02:00:00,M-101,55.57,2.21,232.56,normal
2025-05-01T03:00:00,M-101,52.79,2.24,230.06,normal
2025-05-01T04:00:00,M-101,55.88,2.0,228.04,normal
2025-05-01T05:00:00,M-101,54.8,2.21,227.28,normal
2025-05-01T06:00:00,M-101,55.45,2.2,231.12,normal
2025-05-01T07:00:00,M-101,51.86,2.28,228.67,normal
2025-05-01T08:00:00,M-101,54.43,2.32,232.56,normal
2025-05-01T09:00:00,M-101,55.19,2.18,231.99,normal
2025-05-01T10:00:00,M-101,53.93,2.18,229.25,normal
2025-05-01T11:00:00,M-101,53.82,2.23,233.09,normal
2025-05-01T12:00:00,M-101,55.31,2.28,229.96,normal
2025-05-01T13:00:00,M-101,56.37,2.23,228.68,normal
2025-05-01T14:00:00,M-101,55.13,2.42,229.88,normal
2025-05-01T15:00:00,M-101,56.46,2.19,233.07,normal
2025-05-01T16:00:00,M-101,55.35,2.3,229.57,normal
2025-05-01T17:00:00,M-101,56.02,2.17,227.78,normal
2025-05-01T18:00:00,M-101,55.37,2.02,232.24,normal
2025-05-01T19:00:00,M-101,55.97,2.2,231.05,normal
2025-05-01T20:00:00,M-101,51.88,2.43,229.03,normal
2025-05-01T21:00:00,M-101,55.82,2.59,227.57,normal
2025-05-01T22:00:00,M-101,54.51,2.25,230.65,normal
2025-05-01T23:00:00,M-101,52.97,2.06,232.26,normal
2025-05-02T00:00:00,M-101,54.28,2.28,227.94,normal
2025-05-02T01:00:00,M-101,53.91,1.93,230.42,normal
2025-05-02T02:00:00,M-101,56.41,2.22,229.6,normal
2025-05-02T03:00:00,M-101,55.3,2.27,229.57,normal
2025-05-02T04:00:00,M-101,55.68,2.5,233.37,normal
2025-05-02T05:00:00,M-101,54.32,2.01,232.9,normal
2025-05-02T06:00:00,M-101,56.19,2.38,230.92,normal
2025-05-02T07:00:00,M-101,54.74,2.35,231.7,normal
2025-05-02T08:00:00,M-101,56.43,2.04,231.57,normal
2025-05-02T09:00:00,M-101,54.59,2.15,230.55,normal
2025-05-02T10:00:00,M-101,54.59,2.55,230.86,normal
2025-05-02T11:00:00,M-101,55.33,2.17,230.39,normal
2025-05-02T12:00:00,M-101,54.73,2.29,231.32,normal
2025-05-02T13:00:00,M-101,56.02,2.01,229.51,normal
2025-05-02T14:00:00,M-101,55.11,2.02,230.58,normal
2025-05-02T15:00:00,M-101,54.84,2.21,230.59,normal
2025-05-02T16:00:00,M-101,54.26,2.44,231.58,normal
2025-05-02T17:00:00,M-101,54.35,2.27,231.14,normal
2025-05-02T18:00:00,M-101,54.09,2.15,231.07,normal
2025-05-02T19:00:00,M-101,51.9,2.0,230.51,normal
2025-05-02T20:00:00,M-101,55.76,2.06,231.31,normal
2025-05-02T21:00:00,M-101,57.68,2.23,229.95,normal
2025-05-02T22:00:00,M-101,55.1,2.05,230.85,normal
2025-05-02T23:00:00,M-101,55.23,2.31,232.17,normal
2025-05-03T00:00:00,M-101,55.06,2.23,230.51,normal
2025-05-03T01:00:00,M-101,57.11,1.98,230.01,normal
2025-05-03T02:00:00,M-101,54.26,2.22,231.27,normal
2025-05-03T03:00:00,M-101,55.1,2.31,230.3,normal
2025-05-03T04:00:00,M-101,54.15,2.1,227.93,normal
2025-05-03T05:00:00,M-101,55.28,2.14,231.29,normal
2025-05-03T06:00:00,M-101,56.18,2.07,228.38,normal
2025-05-03T07:00:00,M-101,55.75,2.07,230.33,normal
2025-05-03T08:00:00,M-101,55.75,2.14,232.7,normal
2025-05-03T09:00:00,M-101,54.08,2.27,229.4,normal
2025-05-03T10:00:00,M-101,51.54,2.18,229.78,normal
2025-05-03T11:00:00,M-101,55.71,2.18,228.92,normal
2025-05-03T12:00:00,M-101,54.39,2.16,231.16,normal
2025-05-03T13:00:00,M-101,54.68,2.39,231.31,normal
2025-05-03T14:00:00,M-101,54.12,2.36,226.61,normal
2025-05-03T15:00:00,M-101,55.05,2.05,229.87,normal
2025-05-03T16:00:00,M-101,56.41,2.2,229.77,normal
2025-05-03T17:00:00,M-101,56.56,2.09,228.77,normal
2025-05-03T18:00:00,M-101,56.19,2.29,227.87,normal
2025-05-03T19:00:00,M-101,55.2,2.32,229.77,normal
2025-05-03T20:00:00,M-101,54.53,2.22,230.34,normal
2025-05-03T21:00:00,M-101,54.17,2.33,227.64,normal
2025-05-03T22:00:00,M-101,54.92,2.52,228.42,normal
2025-05-03T23:00:00,M-101,54.97,1.86,228.77,normal
2025-05-04T00:00:00,M-101,53.63,2.21,229.27,normal
2025-05-04T01:00:00,M-101,57.23,2.06,229.97,normal
2025-05-04T02:00:00,M-101,55.28,2.3,231.36,normal
2025-05-04T03:00:00,M-101,53.13,2.53,229.55,normal
2025-05-04T04:00:00,M-101,54.15,1.95,229.35,normal
2025-05-04T05:00:00,M-101,52.88,2.23,229.11,normal
2025-05-04T06:00:00,M-101,55.4,2.08,230.13,normal
2025-05-04T07:00:00,M-101,57.69,2.38,230.26,normal
2025-05-04T08:00:00,M-101,53.83,2.42,227.46,normal
2025-05-04T09:00:00,M-101,53.31,2.4,229.11,normal
2025-05-04T10:00:00,M-101,56.64,2.29,233.29,normal
2025-05-04T11:00:00,M-101,57.16,2.29,229.06,normal
2025-05-04T12:00:00,M-101,55.72,2.41,230.22,normal
2025-05-04T13:00:00,M-101,51.53,2.14,229.46,normal
2025-05-04T14:00:00,M-101,54.94,2.15,231.73,normal
2025-05-04T15:00:00,M-101,53.48,2.27,227.02,normal
2025-05-04T16:00:00,M-101,52.39,2.05,228.88,normal
2025-05-04T17:00:00,M-101,53.93,2.1,230.93,normal
2025-05-04T18:00:00,M-101,55.7,2.21,230.31,normal
2025-05-04T19:00:00,M-101,54.17,2.05,227.87,normal
2025-05-04T20:00:00,M-101,54.51,2.03,229.52,normal
2025-05-04T21:00:00,M-101,55.88,2.28,232.0,normal
2025-05-04T22:00:00,M-101,53.88,1.87,228.34,normal
2025-05-04T23:00:00,M-101,57.4,2.31,229.34,normal
2025-05-05T00:00:00,M-101,56.59,2.14,232.52,normal
2025-05-05T01:00:00,M-101,54.52,2.14,231.05,normal
2025-05-05T02:00:00,M-101,53.63,2.18,232.91,normal
2025-05-05T03:00:00,M-101,55.53,2.03,229.62,normal
2025-05-05T04:00:00,M-101,54.97,2.09,230.62,normal
2025-05-05T05:00:00,M-101,56.5,2.21,231.33,normal
2025-05-05T06:00:00,M-101,55.36,2.22,228.87,normal
2025-05-05T07:00:00,M-101,56.16,2.4,229.32,normal
2025-05-05T08:00:00,M-101,53.95,2.28,230.16,normal
2025-05-05T09:00:00,M-101,56.35,2.27,229.81,normal
2025-05-05T10:00:00,M-101,53.33,2.29,230.15,normal
2025-05-05T11:00:00,M-101,53.48,1.98,227.26,normal
2025-05-05T12:00:00,M-101,55.75,2.13,225.01,normal
2025-05-05T13:00:00,M-101,53.94,2.1,229.83,normal
2025-05-05T14:00:00,M-101,55.04,2.15,231.11,normal
2025-05-05T15:00:00,M-101,56.23,2.17,232.37,normal
2025-05-05T16:00:00,M-101,54.85,2.07,230.23,normal
2025-05-05T17:00:00,M-101,53.28,2.15,228.41,normal
2025-05-05T18:00:00,M-101,54.48,2.23,226.32,normal
2025-05-05T19:00:00,M-101,55.47,2.24,229.67,normal
2025-05-05T20:00:00,M-101,55.86,2.25,229.45,normal
2025-05-05T21:00:00,M-101,53.79,2.31,231.14,normal
2025-05-05T22:00:00,M-101,53.22,2.09,228.22,normal
2025-05-05T23:00:00,M-101,55.99,2.11,228.12,normal
2025-05-06T00:00:00,M-101,56.81,2.27,230.35,normal
2025-05-06T01:00:00,M-101,55.29,2.17,230.05,normal
2025-05-06T02:00:00,M-101,56.07,2.27,229.31,normal
2025-05-06T03:00:00,M-101,55.11,2.48,229.16,normal
2025-05-06T04:00:00,M-101,53.41,2.22,228.28,normal
2025-05-06T05:00:00,M-101,58.15,2.29,230.87,normal
2025-05-06T06:00:00,M-101,55.44,2.5,228.46,normal
2025-05-06T07:00:00,M-101,54.93,1.95,231.86,normal
2025-05-06T08:00:00,M-101,54.9,2.47,229.57,normal
2025-05-06T09:00:00,M-101,53.74,2.09,231.2,normal
2025-05-06T10:00:00,M-101,54.0,2.24,228.9,normal
2025-05-06T11:00:00,M-101,54.13,2.11,232.44,normal
2025-05-06T12:00:00,M-101,53.69,2.25,231.2,normal
2025-05-06T13:00:00,M-101,54.09,1.97,232.25,normal
2025-05-06T14:00:00,M-101,57.08,2.16,228.18,normal
2025-05-06T15:00:00,M-101,56.04,2.19,228.74,normal
2025-05-06T16:00:00,M-101,54.52,1.84,228.76,normal
2025-05-06T17:00:00,M-101,53.52,2.0,230.87,normal
2025-05-06T18:00:00,M-101,55.31,2.45,225.93,normal
2025-05-06T19:00:00,M-101,54.18,2.07,231.98,normal
2025-05-06T20:00:00,M-101,56.24,2.22,230.12,normal
2025-05-06T21:00:00,M-101,54.07,2.12,229.31,normal
2025-05-06T22:00:00,M-101,51.93,2.48,231.09,normal
2025-05-06T23:00:00,M-101,57.5,2.38,230.73,normal
2025-05-07T00:00:00,M-101,55.99,1.94,228.45,normal
2025-05-07T01:00:00,M-101,56.01,2.14,227.53,normal
2025-05-07T02:00:00,M-101,54.97,2.0,229.98,normal
2025-05-07T03:00:00,M-101,56.88,2.03,229.29,normal
2025-05-07T04:00:00,M-101,55.65,2.19,230.25,normal
2025-05-07T05:00:00,M-101,53.96,2.15,226.36,normal
2025-05-07T06:00:00,M-101,54.76,2.39,228.27,normal
2025-05-07T07:00:00,M-101,54.75,2.3,231.82,normal
2025-05-07T08:00:00,M-101,56.39,2.06,229.34,normal
2025-05-07T09:00:00,M-101,57.11,2.13,230.4,normal
2025-05-07T10:00:00,M-101,53.95,2.1,225.47,normal
2025-05-07T11:00:00,M-101,54.31,1.86,228.43,normal
2025-05-07T12:00:00,M-101,53.78,2.4,231.13,normal
2025-05-07T13:00:00,M-101,55.46,2.12,227.85,normal
2025-05-07T14:00:00,M-101,55.56,2.07,229.79,normal
2025-05-07T15:00:00,M-101,56.12,2.17,229.92,normal
2025-05-07T16:00:00,M-101,53.76,2.36,230.77,normal
2025-05-07T17:00:00,M-101,55.83,2.44,227.49,normal
2025-05-07T18:00:00,M-101,55.0,2.29,230.47,normal
2025-05-07T19:00:00,M-101,55.34,2.27,227.64,normal
2025-05-07T20:00:00,M-101,54.87,2.37,229.88,normal
2025-05-07T21:00:00,M-101,54.73,2.32,227.3,normal
2025-05-07T22:00:00,M-101,55.45,2.43,229.57,normal
2025-05-07T23:00:00,M-101,53.97,2.28,229.27,normal
2025-05-08T00:00:00,M-101,53.97,2.22,227.44,normal
2025-05-08T01:00:00,M-101,55.78,2.01,229.12,normal
2025-05-08T02:00:00,M-101,55.85,2.19,230.36,normal
2025-05-08T03:00:00,M-101,56.64,2.43,233.14,normal
2025-05-08T04:00:00,M-101,54.3,2.34,227.45,normal
2025-05-08T05:00:00,M-101,55.94,2.39,228.86,normal
2025-05-08T06:00:00,M-101,55.53,2.32,229.72,normal
2025-05-08T07:00:00,M-101,54.19,2.43,227.95,normal
2025-05-08T08:00:00,M-101,55.17,2.34,230.32,normal
2025-05-08T09:00:00,M-101,56.89,2.42,230.67,normal
2025-05-08T10:00:00,M-101,57.13,2.31,228.09,normal
2025-05-08T11:00:00,M-101,54.57,2.24,230.25,normal
2025-05-08T12:00:00,M-101,52.91,2.55,227.58,normal
2025-05-08T13:00:00,M-101,53.59,2.26,230.27,normal
2025-05-08T14:00:00,M-101,56.84,2.23,230.53,normal
2025-05-08T15:00:00,M-101,55.86,2.08,227.99,normal
2025-05-08T16:00:00,M-101,54.41,2.35,229.53,normal
2025-05-08T17:00:00,M-101,56.49,2.11,231.11,normal
2025-05-08T18:00:00,M-101,55.01,2.32,229.98,normal
2025-05-08T19:00:00,M-101,55.22,2.13,231.87,normal
2025-05-08T20:00:00,M-101,54.93,2.27,230.96,normal
2025-05-08T21:00:00,M-101,53.89,2.07,229.9,normal
2025-05-08T22:00:00,M-101,56.52,2.04,228.42,normal
2025-05-08T23:00:00,M-101,53.77,2.14,228.35,normal
2025-05-09T00:00:00,M-101,53.98,2.28,228.31,normal
2025-05-09T01:00:00,M-101,54.96,2.02,229.67,normal
2025-05-09T02:00:00,M-101,55.61,1.89,230.05,normal
2025-05-09T03:00:00,M-101,55.25,2.19,230.36,normal
2025-05-09T04:00:00,M-101,55.48,2.0,229.78,normal
2025-05-09T05:00:00,M-101,55.76,2.39,227.9,normal
2025-05-09T06:00:00,M-101,54.25,1.99,229.94,normal
2025-05-09T07:00:00,M-101,53.68,2.05,231.14,normal
2025-05-09T08:00:00,M-101,57.7,1.88,232.47,normal
2025-05-09T09:00:00,M-101,53.86,2.3,230.51,normal
2025-05-09T10:00:00,M-101,56.48,2.17,228.71,normal
2025-05-09T11:00:00,M-101,54.9,2.32,228.62,normal
2025-05-09T12:00:00,M-101,55.47,2.2,230.25,normal
2025-05-09T13:00:00,M-101,54.99,2.29,231.2,normal
2025-05-09T14:00:00,M-101,54.63,2.14,226.72,normal
2025-05-09T15:00:00,M-101,53.91,1.97,231.0,normal
2025-05-09T16:00:00,M-101,53.67,2.09,230.78,normal
2025-05-09T17:00:00,M-101,56.19,2.38,228.68,normal
2025-05-09T18:00:00,M-101,55.27,2.36,228.69,normal
2025-05-09T19:00:00,M-101,54.71,2.01,229.01,normal
2025-05-09T20:00:00,M-101,55.84,2.21,229.42,normal
2025-05-09T21:00:00,M-101,54.31,2.43,231.12,normal
2025-05-09T22:00:00,M-101,53.48,2.53,229.35,normal
2025-05-09T23:00:00,M-101,54.8,2.12,229.11,normal
2025-05-10T00:00:00,M-101,55.76,1.98,230.03,normal
2025-05-10T01:00:00,M-101,54.59,2.46,230.57,normal
2025-05-10T02:00:00,M-101,55.51,2.28,230.88,normal
2025-05-10T03:00:00,M-101,55.13,1.83,230.62,normal
2025-05-10T04:00:00,M-101,54.6,2.3,230.45,normal
2025-05-10T05:00:00,M-101,54.32,2.06,228.44,normal
2025-05-10T06:00:00,M-101,55.33,2.18,228.64,normal
2025-05-10T07:00:00,M-101,54.54,2.25,228.98,normal
2025-05-10T08:00:00,M-101,54.83,2.11,226.06,normal
2025-05-10T09:00:00,M-101,55.1,2.21,231.21,normal
2025-05-10T10:00:00,M-101,56.56,2.09,230.88,normal
2025-05-10T11:00:00,M-101,55.31,2.21,231.24,normal
2025-05-10T12:00:00,M-101,56.04,2.01,232.21,normal
2025-05-10T13:00:00,M-101,54.77,2.1,228.94,normal
2025-05-10T14:00:00,M-101,54.72,2.03,231.63,normal
2025-05-10T15:00:00,M-101,55.51,2.06,231.23,normal
2025-05-10T16:00:00,M-101,55.27,2.21,231.44,normal
2025-05-10T17:00:00,M-101,54.88,2.16,230.74,normal
2025-05-10T18:00:00,M-101,52.77,2.02,230.75,normal
2025-05-10T19:00:00,M-101,56.28,1.94,230.0,normal
2025-05-10T20:00:00,M-101,54.19,2.16,230.89,normal
2025-05-10T21:00:00,M-101,56.79,2.46,231.41,normal
2025-05-10T22:00:00,M-101,55.76,2.22,227.17,normal
2025-05-10T23:00:00,M-101,55.46,2.02,228.3,normal
2025-05-11T00:00:00,M-101,55.13,1.96,232.66,normal
2025-05-11T01:00:00,M-101,55.71,2.25,230.71,normal
2025-05-11T02:00:00,M-101,55.28,2.21,231.05,normal
2025-05-11T03:00:00,M-101,54.18,2.24,230.24,normal
2025-05-11T04:00:00,M-101,55.93,2.03,230.36,normal
2025-05-11T05:00:00,M-101,54.83,2.29,230.8,normal
2025-05-11T06:00:00,M-101,55.21,2.27,230.66,normal
2025-05-11T07:00:00,M-101,56.63,2.24,230.79,normal
2025-05-11T08:00:00,M-101,53.86,2.17,231.15,normal
2025-05-11T09:00:00,M-101,56.26,2.05,229.93,normal
2025-05-11T10:00:00,M-101,54.66,2.21,229.26,normal
2025-05-11T11:00:00,M-101,54.48,2.19,230.18,normal
2025-05-11T12:00:00,M-101,56.22,2.07,228.54,normal
2025-05-11T13:00:00,M-101,55.94,2.27,229.71,normal
2025-05-11T14:00:00,M-101,53.6,2.36,228.37,normal
2025-05-11T15:00:00,M-101,56.35,2.24,229.76,normal
2025-05-11T16:00:00,M-101,54.79,2.32,230.0,normal
2025-05-11T17:00:00,M-101,52.9,2.09,226.76,normal
2025-05-11T18:00:00,M-101,55.47,2.34,231.54,normal
2025-05-11T19:00:00,M-101,53.37,2.52,232.72,normal
2025-05-11T20:00:00,M-101,54.86,1.9,228.68,normal
2025-05-11T21:00:00,M-101,56.25,2.51,229.18,normal
2025-05-11T22:00:00,M-101,52.77,2.05,232.87,normal
2025-05-11T23:00:00,M-101,54.99,1.99,226.84,normal
2025-05-12T00:00:00,M-101,55.76,2.32,229.27,normal
2025-05-12T01:00:00,M-101,54.75,2.21,229.47,normal
2025-05-12T02:00:00,M-101,54.33,2.11,229.09,normal
2025-05-12T03:00:00,M-101,56.47,2.26,231.52,normal
2025-05-12T04:00:00,M-101,57.2,1.85,229.89,normal
2025-05-12T05:00:00,M-101,56.14,2.17,229.09,normal
2025-05-12T06:00:00,M-101,55.47,2.12,228.72,normal
2025-05-12T07:00:00,M-101,54.62,2.21,230.0,normal
2025-05-12T08:00:00,M-101,56.07,2.2,229.27,normal
2025-05-12T09:00:00,M-101,58.65,2.16,229.58,normal
2025-05-12T10:00:00,M-101,54.82,2.09,227.61,normal
2025-05-12T11:00:00,M-101,55.22,2.42,227.25,normal
2025-05-12T12:00:00,M-101,54.08,2.26,228.96,normal
2025-05-12T13:00:00,M-101,55.62,2.19,228.33,normal
2025-05-12T14:00:00,M-101,54.73,2.12,230.8,normal
2025-05-12T15:00:00,M-101,51.94,2.26,231.99,normal
2025-05-12T16:00:00,M-101,55.17,2.23,229.18,normal
2025-05-12T17:00:00,M-101,55.39,2.18,228.06,normal
2025-05-12T18:00:00,M-101,53.56,1.85,230.64,normal
2025-05-12T19:00:00,M-101,55.2,2.36,230.37,normal
2025-05-12T20:00:00,M-101,55.82,2.0,227.18,normal
2025-05-12T21:00:00,M-101,54.3,2.15,230.53,normal
2025-05-12T22:00:00,M-101,54.83,2.17,230.05,normal
2025-05-12T23:00:00,M-101,55.29,2.23,230.46,normal
2025-05-13T00:00:00,M-101,54.38,2.18,227.77,normal
2025-05-13T01:00:00,M-101,53.65,2.16,230.63,normal
2025-05-13T02:00:00,M-101,54.08,1.99,231.42,normal
2025-05-13T03:00:00,M-101,53.98,1.94,228.53,normal
2025-05-13T04:00:00,M-101,53.56,1.83,229.4,normal
2025-05-13T05:00:00,M-101,57.02,2.09,228.75,normal
2025-05-13T06:00:00,M-101,56.36,2.21,229.83,normal
2025-05-13T07:00:00,M-101,56.62,2.02,229.89,normal
2025-05-13T08:00:00,M-101,55.59,2.23,228.22,normal
2025-05-13T09:00:00,M-101,53.87,2.47,229.84,normal
2025-05-13T10:00:00,M-101,54.67,2.36,227.29,normal
2025-05-13T11:00:00,M-101,54.92,1.93,232.08,normal
2025-05-13T12:00:00,M-101,53.8,2.22,228.6,normal
2025-05-13T13:00:00,M-101,55.14,2.25,230.0,normal
2025-05-13T14:00:00,M-101,54.61,2.24,229.62,normal
2025-05-13T15:00:00,M-101,54.38,2.29,231.27,normal
2025-05-13T16:00:00,M-101,53.37,2.05,228.82,normal
2025-05-13T17:00:00,M-101,55.34,1.99,232.32,normal
2025-05-13T18:00:00,M-101,55.04,2.22,231.3,normal
2025-05-13T19:00:00,M-101,54.09,2.25,230.6,normal
2025-05-13T20:00:00,M-101,56.54,2.04,232.07,normal
2025-05-13T21:00:00,M-101,55.71,2.24,231.59,normal
2025-05-13T22:00:00,M-101,54.69,2.17,231.25,normal
2025-05-13T23:00:00,M-101,54.57,2.36,232.05,normal
2025-05-14T00:00:00,M-101,55.26,2.23,229.02,normal
2025-05-14T01:00:00,M-101,53.9,2.42,228.45,normal
2025-05-14T02:00:00,M-101,55.1,2.24,228.65,normal
2025-05-14T03:00:00,M-101,54.18,2.09,233.17,normal
2025-05-14T04:00:00,M-101,55.44,2.41,233.05,normal
2025-05-14T05:00:00,M-101,56.21,2.4,229.34,normal
2025-05-14T06:00:00,M-101,54.18,2.42,232.19,normal
2025-05-14T07:00:00,M-101,53.78,2.37,230.45,normal
2025-05-14T08:00:00,M-101,55.96,2.35,232.85,normal
2025-05-14T09:00:00,M-101,54.26,2.2,231.9,normal
2025-05-14T10:00:00,M-101,54.7,2.28,229.9,normal
2025-05-14T11:00:00,M-101,52.98,2.12,231.34,normal
2025-05-14T12:00:00,M-101,54.36,1.97,229.27,normal
2025-05-14T13:00:00,M-101,55.14,2.28,230.52,normal
2025-05-14T14:00:00,M-101,55.65,2.04,229.12,normal
2025-05-14T15:00:00,M-101,54.1,2.14,230.68,normal
2025-05-14T16:00:00,M-101,56.62,2.17,231.61,normal
2025-05-14T17:00:00,M-101,56.35,2.03,228.81,normal
2025-05-14T18:00:00,M-101,55.2,2.0,232.83,normal
2025-05-14T19:00:00,M-101,52.78,2.02,231.2,normal
2025-05-14T20:00:00,M-101,54.13,2.31,228.56,normal
2025-05-14T21:00:00,M-101,56.29,2.12,231.12,normal
2025-05-14T22:00:00,M-101,56.23,1.98,228.71,normal
2025-05-14T23:00:00,M-101,52.93,2.04,231.41,normal
2025-05-15T00:00:00,M-101,54.99,2.33,232.17,normal
2025-05-15T01:00:00,M-101,56.27,2.31,229.4,normal
2025-05-15T02:00:00,M-101,54.57,2.25,231.34,normal
2025-05-15T03:00:00,M-101,56.33,2.25,229.61,normal
2025-05-15T04:00:00,M-101,54.94,2.45,230.46,normal
2025-05-15T05:00:00,M-101,57.43,2.1,231.36,normal
2025-05-15T06:00:00,M-101,55.3,2.32,228.92,normal
2025-05-15T07:00:00,M-101,55.44,2.2,229.63,normal
2025-05-15T08:00:00,M-101,53.61,1.99,229.55,normal
2025-05-15T09:00:00,M-101,55.69,2.24,230.41,normal
2025-05-15T10:00:00,M-101,55.43,2.0,231.64,normal
2025-05-15T11:00:00,M-101,55.13,2.09,229.24,normal
2025-05-15T12:00:00,M-101,56.22,2.23,227.57,normal
2025-05-15T13:00:00,M-101,57.56,1.98,232.62,normal
2025-05-15T14:00:00,M-101,56.06,2.06,231.91,normal
2025-05-15T15:00:00,M-101,56.55,2.36,231.03,normal
2025-05-15T16:00:00,M-101,55.43,2.24,229.26,normal
2025-05-15T17:00:00,M-101,55.37,2.4,229.9,normal
2025-05-15T18:00:00,M-101,57.4,1.97,230.11,normal
2025-05-15T19:00:00,M-101,53.27,1.94,230.44,normal
2025-05-15T20:00:00,M-101,54.66,2.12,228.48,normal
2025-05-15T21:00:00,M-101,54.77,1.96,229.77,normal
2025-05-15T22:00:00,M-101,54.42,2.02,230.68,normal
2025-05-15T23:00:00,M-101,52.83,2.27,230.46,normal
2025-05-16T00:00:00,M-101,55.68,2.23,231.25,normal
2025-05-16T01:00:00,M-101,54.74,2.04,230.63,normal
2025-05-16T02:00:00,M-101,54.11,2.15,230.24,normal
2025-05-16T03:00:00,M-101,53.94,2.35,227.77,normal
2025-05-16T04:00:00,M-101,56.51,2.2,232.6,normal
2025-05-16T05:00:00,M-101,56.38,2.31,230.5,normal
2025-05-16T06:00:00,M-101,55.19,2.0,229.23,normal
2025-05-16T07:00:00,M-101,53.93,2.1,229.87,normal
2025-05-16T08:00:00,M-101,54.1,2.23,229.68,normal
2025-05-16T09:00:00,M-101,54.49,2.26,230.76,normal
2025-05-16T10:00:00,M-101,53.45,2.16,234.43,normal
2025-05-16T11:00:00,M-101,55.07,2.27,228.74,normal
2025-05-16T12:00:00,M-101,56.22,2.44,230.93,normal
2025-05-16T13:00:00,M-101,54.89,2.21,227.23,normal
2025-05-16T14:00:00,M-101,55.76,2.16,230.65,normal
2025-05-16T15:00:00,M-101,55.49,2.24,233.2,normal
2025-05-16T16:00:00,M-101,56.15,2.11,230.97,normal
2025-05-16T17:00:00,M-101,55.8,2.21,232.17,normal
2025-05-16T18:00:00,M-101,54.61,1.95,228.47,normal
2025-05-16T19:00:00,M-101,55.51,2.06,230.29,normal
2025-05-16T20:00:00,M-101,53.25,2.26,229.68,normal
2025-05-16T21:00:00,M-101,53.96,2.12,229.66,normal
2025-05-16T22:00:00,M-101,56.14,2.24,229.76,normal
2025-05-16T23:00:00,M-101,55.24,2.34,230.76,normal
2025-05-17T00:00:00,M-101,57.14,2.1,231.29,normal
2025-05-17T01:00:00,M-101,55.2,2.11,230.95,normal
2025-05-17T02:00:00,M-101,56.04,2.35,230.78,normal
2025-05-17T03:00:00,M-101,54.0,2.23,230.63,normal
2025-05-17T04:00:00,M-101,57.03,2.22,230.29,normal
2025-05-17T05:00:00,M-101,56.91,2.22,229.39,normal
2025-05-17T06:00:00,M-101,55.39,2.32,230.29,normal
2025-05-17T07:00:00,M-101,53.05,2.15,231.56,normal
2025-05-17T08:00:00,M-101,54.17,2.33,230.32,normal
2025-05-17T09:00:00,M-101,54.1,2.33,226.87,normal
2025-05-17T10:00:00,M-101,52.56,1.98,230.85,normal
2025-05-17T11:00:00,M-101,54.72,2.3,229.95,normal
2025-05-17T12:00:00,M-101,55.21,2.13,229.47,normal
2025-05-17T13:00:00,M-101,56.23,2.32,228.08,normal
2025-05-17T14:00:00,M-101,55.73,2.51,231.19,normal
2025-05-17T15:00:00,M-101,53.93,2.32,230.38,normal
2025-05-17T16:00:00,M-101,54.67,2.35,231.89,normal
2025-05-17T17:00:00,M-101,54.43,2.22,229.48,normal
2025-05-17T18:00:00,M-101,55.06,2.44,229.42,normal
2025-05-17T19:00:00,M-101,55.73,2.24,230.19,normal
2025-05-17T20:00:00,M-101,53.71,2.3,228.43,normal
2025-05-17T21:00:00,M-101,55.91,2.19,230.27,normal
2025-05-17T22:00:00,M-101,54.5,2.08,228.54,normal
2025-05-17T23:00:00,M-101,55.06,2.19,230.49,normal
2025-05-18T00:00:00,M-101,54.71,2.32,230.28,normal
2025-05-18T01:00:00,M-101,55.19,2.17,230.04,normal
2025-05-18T02:00:00,M-101,55.82,2.1,228.28,normal
2025-05-18T03:00:00,M-101,55.51,2.27,230.1,normal
2025-05-18T04:00:00,M-101,55.34,2.01,228.62,normal
2025-05-18T05:00:00,M-101,55.05,2.2,228.23,normal
2025-05-18T06:00:00,M-101,55.6,1.92,231.9,normal
2025-05-18T07:00:00,M-101,53.81,2.12,228.52,normal
2025-05-18T08:00:00,M-101,53.46,2.16,227.26,normal
2025-05-18T09:00:00,M-101,54.65,2.23,229.62,normal
2025-05-18T10:00:00,M-101,55.02,1.99,227.33,normal
2025-05-18T11:00:00,M-101,53.48,2.36,230.52,normal
2025-05-18T12:00:00,M-101,52.93,2.46,230.99,normal
2025-05-18T13:00:00,M-101,56.33,2.35,231.98,normal
2025-05-18T14:00:00,M-101,53.05,2.22,228.91,normal
2025-05-18T15:00:00,M-101,57.33,2.31,230.05,normal
2025-05-18T16:00:00,M-101,54.74,1.89,230.21,normal
2025-05-18T17:00:00,M-101,54.05,2.41,231.15,normal
2025-05-18T18:00:00,M-101,54.95,2.15,231.69,normal
2025-05-18T19:00:00,M-101,54.41,2.37,230.36,normal
2025-05-18T20:00:00,M-101,54.7,2.26,232.63,normal
2025-05-18T21:00:00,M-101,53.15,2.32,231.15,normal
2025-05-18T22:00:00,M-101,54.74,2.42,231.04,normal
2025-05-18T23:00:00,M-101,55.69,2.06,230.91,normal
2025-05-19T00:00:00,M-101,53.52,2.28,233.23,normal
2025-05-19T01:00:00,M-101,53.98,2.44,228.45,normal
2025-05-19T02:00:00,M-101,55.12,2.31,227.91,normal
2025-05-19T03:00:00,M-101,55.43,2.09,229.14,normal
2025-05-19T04:00:00,M-101,56.04,2.19,230.65,normal
2025-05-19T05:00:00,M-101,55.06,2.26,232.35,normal
2025-05-19T06:00:00,M-101,55.19,2.16,230.09,normal
2025-05-19T07:00:00,M-101,55.89,2.27,226.88,normal
2025-05-19T08:00:00,M-101,54.95,2.27,233.91,normal
2025-05-19T09:00:00,M-101,54.34,2.16,228.34,normal
2025-05-19T10:00:00,M-101,54.96,1.94,228.81,normal
2025-05-19T11:00:00,M-101,54.94,1.98,229.65,normal
2025-05-19T12:00:00,M-101,54.23,2.39,232.41,normal
2025-05-19T13:00:00,M-101,57.54,2.23,231.04,normal
2025-05-19T14:00:00,M-101,57.85,2.11,232.57,normal
2025-05-19T15:00:00,M-101,53.96,2.36,227.73,normal
2025-05-19T16:00:00,M-101,54.57,2.18,229.67,normal
2025-05-19T17:00:00,M-101,52.73,2.22,229.62,normal
2025-05-19T18:00:00,M-101,56.8,2.29,226.83,normal
2025-05-19T19:00:00,M-101,55.19,2.36,229.9,normal
2025-05-19T20:00:00,M-101,54.2,2.0,229.5,normal
2025-05-19T21:00:00,M-101,53.92,2.16,229.57,normal
2025-05-19T22:00:00,M-101,56.56,2.06,230.54,normal
2025-05-19T23:00:00,M-101,53.74,2.25,231.58,normal
2025-05-20T00:00:00,M-101,54.36,2.03,230.1,normal
2025-05-20T01:00:00,M-101,55.07,2.11,230.67,normal
2025-05-20T02:00:00,M-101,55.12,2.31,228.0,normal
2025-05-20T03:00:00,M-101,55.93,2.39,228.83,normal
2025-05-20T04:00:00,M-101,57.39,2.24,228.11,normal
2025-05-20T05:00:00,M-101,53.77,2.09,229.08,normal
2025-05-20T06:00:00,M-101,54.75,2.25,229.74,normal
2025-05-20T07:00:00,M-101,54.66,2.06,227.0,normal
2025-05-20T08:00:00,M-101,54.19,2.02,231.36,normal
2025-05-20T09:00:00,M-101,52.16,2.37,225.79,normal
2025-05-20T10:00:00,M-101,54.8,2.21,228.39,normal
2025-05-20T11:00:00,M-101,53.87,2.33,228.43,normal
2025-05-20T12:00:00,M-101,54.92,2.21,231.02,normal
2025-05-20T13:00:00,M-101,53.53,2.4,229.81,normal
2025-05-20T14:00:00,M-101,56.24,1.99,231.67,normal
2025-05-20T15:00:00,M-101,54.92,2.32,229.09,normal
2025-05-20T16:00:00,M-101,56.06,2.21,227.22,normal
2025-05-20T17:00:00,M-101,58.01,2.11,230.74,normal
2025-05-20T18:00:00,M-101,54.8,2.14,229.49,normal
2025-05-20T19:00:00,M-101,56.13,2.34,231.43,normal
2025-05-20T20:00:00,M-101,53.09,2.33,227.8,normal
2025-05-20T21:00:00,M-101,57.79,2.26,231.74,normal
2025-05-20T22:00:00,M-101,55.03,2.23,228.98,normal
2025-05-20T23:00:00,M-101,57.42,2.16,231.68,normal
2025-05-21T00:00:00,M-101,54.07,2.18,229.46,normal
2025-05-21T01:00:00,M-101,54.9,2.13,231.0,normal
2025-05-21T02:00:00,M-101,55.82,1.96,229.39,normal
2025-05-21T03:00:00,M-101,53.46,2.36,228.17,normal
2025-05-21T04:00:00,M-101,55.6,2.23,229.96,normal
2025-05-21T05:00:00,M-101,52.7,2.46,229.83,normal
2025-05-21T06:00:00,M-101,55.85,2.36,228.55,normal
2025-05-21T07:00:00,M-101,53.85,2.46,232.95,normal
2025-05-21T08:00:00,M-101,54.05,2.19,231.47,normal
2025-05-21T09:00:00,M-101,54.86,2.4,230.95,normal
2025-05-21T10:00:00,M-101,54.95,2.31,229.34,normal
2025-05-21T11:00:00,M-101,56.55,2.11,232.01,normal
2025-05-21T12:00:00,M-101,58.04,1.94,232.59,normal
2025-05-21T13:00:00,M-101,53.26,2.19,232.8,normal
2025-05-21T14:00:00,M-101,56.34,2.31,230.61,normal
2025-05-21T15:00:00,M-101,55.25,2.27,229.75,normal
2025-05-21T16:00:00,M-101,54.7,2.02,232.66,normal
2025-05-21T17:00:00,M-101,55.02,2.49,231.17,normal
2025-05-21T18:00:00,M-101,55.59,2.04,229.66,normal
2025-05-21T19:00:00,M-101,55.09,2.19,229.6,normal
2025-05-21T20:00:00,M-101,52.3,2.14,229.67,normal
2025-05-21T21:00:00,M-101,54.46,2.16,227.71,normal
2025-05-21T22:00:00,M-101,54.01,2.43,228.64,normal
2025-05-21T23:00:00,M-101,54.41,2.08,229.81,normal
2025-05-22T00:00:00,M-101,54.42,2.51,228.49,normal
2025-05-22T01:00:00,M-101,56.67,2.13,230.72,normal
2025-05-22T02:00:00,M-101,58.09,2.2,230.04,normal
2025-05-22T03:00:00,M-101,51.6,2.15,229.71,normal
2025-05-22T04:00:00,M-101,55.2,2.24,228.41,normal
2025-05-22T05:00:00,M-101,53.91,2.32,229.65,normal
2025-05-22T06:00:00,M-101,55.09,2.31,230.22,normal
2025-05-22T07:00:00,M-101,55.23,2.04,230.06,normal
2025-05-22T08:00:00,M-101,53.01,2.47,228.9,normal
2025-05-22T09:00:00,M-101,57.07,2.13,229.86,normal
2025-05-22T10:00:00,M-101,56.62,2.24,230.34,normal
2025-05-22T11:00:00,M-101,54.73,2.17,228.96,normal
2025-05-22T12:00:00,M-101,54.13,1.94,229.84,normal
2025-05-22T13:00:00,M-101,54.11,2.42,233.26,normal
2025-05-22T14:00:00,M-101,57.35,2.03,229.53,normal
2025-05-22T15:00:00,M-101,54.9,1.98,232.42,normal
2025-05-22T16:00:00,M-101,55.92,2.25,232.98,normal
2025-05-22T17:00:00,M-101,55.65,2.16,230.49,normal
2025-05-22T18:00:00,M-101,54.5,2.28,228.1,normal
2025-05-22T19:00:00,M-101,55.68,2.16,229.43,normal
2025-05-22T20:00:00,M-101,54.6,2.19,227.46,normal
2025-05-22T21:00:00,M-101,55.78,2.18,232.78,normal
2025-05-22T22:00:00,M-101,55.04,2.35,230.03,normal
2025-05-22T23:00:00,M-101,54.9,2.02,229.38,normal
2025-05-23T00:00:00,M-101,54.36,1.84,229.64,normal
2025-05-23T01:00:00,M-101,54.2,2.25,231.63,normal
2025-05-23T02:00:00,M-101,54.7,2.39,231.95,normal
2025-05-23T03:00:00,M-101,55.99,2.16,230.24,normal
2025-05-23T04:00:00,M-101,57.04,2.44,231.81,normal
2025-05-23T05:00:00,M-101,52.99,1.87,232.76,normal
2025-05-23T06:00:00,M-101,55.93,2.41,230.96,normal
2025-05-23T07:00:00,M-101,54.71,2.28,230.02,normal
2025-05-23T08:00:00,M-101,56.87,2.34,228.66,normal
2025-05-23T09:00:00,M-101,54.16,2.36,231.42,normal
2025-05-23T10:00:00,M-101,55.42,2.26,228.21,normal
2025-05-23T11:00:00,M-101,54.04,2.29,227.33,normal
2025-05-23T12:00:00,M-101,55.67,2.3,231.08,normal
2025-05-23T13:00:00,M-101,56.1,2.5,230.53,normal
2025-05-23T14:00:00,M-101,54.09,1.95,226.7,normal
2025-05-23T15:00:00,M-101,55.19,2.34,227.57,normal
2025-05-23T16:00:00,M-101,55.29,2.1,229.71,normal
2025-05-23T17:00:00,M-101,55.34,2.22,228.31,normal
2025-05-23T18:00:00,M-101,55.99,2.19,227.27,normal
2025-05-23T19:00:00,M-101,56.01,2.45,229.51,normal
2025-05-23T20:00:00,M-101,57.01,1.97,229.72,normal
2025-05-23T21:00:00,M-101,56.65,2.41,230.88,normal
2025-05-23T22:00:00,M-101,56.36,2.15,231.19,normal
2025-05-23T23:00:00,M-101,56.24,2.35,230.67,normal
2025-05-24T00:00:00,M-101,56.09,2.28,231.02,normal
2025-05-24T01:00:00,M-101,53.21,2.3,228.68,normal
2025-05-24T02:00:00,M-101,54.62,2.22,230.47,normal
2025-05-24T03:00:00,M-101,53.49,2.13,230.46,normal
2025-05-24T04:00:00,M-101,54.58,2.21,230.44,normal
2025-05-24T05:00:00,M-101,55.33,2.13,230.37,normal
2025-05-24T06:00:00,M-101,55.77,2.02,231.28,normal
2025-05-24T07:00:00,M-101,53.87,2.26,231.02,normal
2025-05-24T08:00:00,M-101,55.85,2.03,228.71,normal
2025-05-24T09:00:00,M-101,53.65,2.3,230.3,normal
2025-05-24T10:00:00,M-101,52.9,2.32,231.88,normal
2025-05-24T11:00:00,M-101,54.44,2.2,230.46,normal
2025-05-24T12:00:00,M-101,53.85,2.14,230.93,normal
2025-05-24T13:00:00,M-101,54.66,2.21,230.26,normal
2025-05-24T14:00:00,M-101,57.14,2.25,230.6,normal
2025-05-24T15:00:00,M-101,54.5,2.4,230.19,normal
2025-05-24T16:00:00,M-101,55.04,2.41,232.12,normal
2025-05-24T17:00:00,M-101,53.95,2.16,232.01,normal
2025-05-24T18:00:00,M-101,54.5,2.45,229.85,normal
2025-05-24T19:00:00,M-101,57.42,2.06,227.15,normal
2025-05-24T20:00:00,M-101,53.31,2.51,228.99,normal
2025-05-24T21:00:00,M-101,54.54,2.12,228.97,normal
2025-05-24T22:00:00,M-101,55.26,2.23,229.14,normal
2025-05-24T23:00:00,M-101,54.43,2.41,231.53,normal
2025-05-25T00:00:00,M-101,56.26,2.4,229.79,normal
2025-05-25T01:00:00,M-101,56.13,2.46,228.84,normal
2025-05-25T02:00:00,M-101,56.7,1.84,227.21,normal
2025-05-25T03:00:00,M-101,53.3,2.06,228.62,normal
2025-05-25T04:00:00,M-101,54.48,2.33,228.98,normal
2025-05-25T05:00:00,M-101,54.62,2.01,227.67,normal
2025-05-25T06:00:00,M-101,54.84,2.09,231.41,normal
2025-05-25T07:00:00,M-101,55.2,1.93,231.17,normal
2025-05-25T08:00:00,M-101,53.61,2.15,228.5,normal
2025-05-25T09:00:00,M-101,54.06,2.12,228.28,normal
2025-05-25T10:00:00,M-101,54.17,2.16,231.15,normal
2025-05-25T11:00:00,M-101,55.9,2.47,227.62,normal
2025-05-25T12:00:00,M-101,54.58,2.39,228.36,normal
2025-05-25T13:00:00,M-101,54.85,2.32,232.38,normal
2025-05-25T14:00:00,M-101,55.74,2.26,229.82,normal
2025-05-25T15:00:00,M-101,55.8,2.22,230.57,normal
2025-05-25T16:00:00,M-101,54.27,2.19,228.73,normal
2025-05-25T17:00:00,M-101,53.73,2.08,228.79,normal
2025-05-25T18:00:00,M-101,54.24,2.12,227.77,normal
2025-05-25T19:00:00,M-101,55.41,2.25,232.38,normal
2025-05-25T20:00:00,M-101,52.2,1.99,228.59,normal
2025-05-25T21:00:00,M-101,53.99,2.21,228.77,normal
2025-05-25T22:00:00,M-101,54.11,2.31,229.77,normal
2025-05-25T23:00:00,M-101,53.1,2.35,233.42,normal
2025-05-26T00:00:00,M-101,56.39,2.18,232.09,normal
2025-05-26T01:00:00,M-101,54.95,2.15,230.42,normal
2025-05-26T02:00:00,M-101,56.6,2.22,229.59,normal
2025-05-26T03:00:00,M-101,53.37,2.23,228.43,normal
2025-05-26T04:00:00,M-101,54.92,2.0,228.74,normal
2025-05-26T05:00:00,M-101,53.87,2.1,228.33,normal
2025-05-26T06:00:00,M-101,56.52,2.32,229.54,normal
2025-05-26T07:00:00,M-101,53.79,2.37,229.68,normal
2025-05-26T08:00:00,M-101,55.72,2.36,229.43,normal
2025-05-26T09:00:00,M-101,55.56,2.27,229.4,normal
2025-05-26T10:00:00,M-101,54.83,2.11,224.95,normal
2025-05-26T11:00:00,M-101,54.57,2.45,231.57,normal
2025-05-26T12:00:00,M-101,58.3,2.22,231.37,normal
2025-05-26T13:00:00,M-101,54.29,2.09,228.73,normal
2025-05-26T14:00:00,M-101,55.58,2.32,227.18,normal
2025-05-26T15:00:00,M-101,55.88,2.34,231.23,normal
2025-05-26T16:00:00,M-101,53.5,2.23,230.53,normal
2025-05-26T17:00:00,M-101,53.43,2.03,233.34,normal
2025-05-26T18:00:00,M-101,54.22,2.13,227.12,normal
2025-05-26T19:00:00,M-101,54.29,2.41,230.62,normal
2025-05-26T20:00:00,M-101,54.01,2.21,230.59,normal
2025-05-26T21:00:00,M-101,55.73,2.05,230.6,normal
2025-05-26T22:00:00,M-101,54.23,2.13,228.76,normal
2025-05-26T23:00:00,M-101,54.07,2.28,227.4,normal
2025-05-27T00:00:00,M-101,55.27,2.61,228.7,normal
2025-05-27T01:00:00,M-101,54.69,2.19,232.37,normal
2025-05-27T02:00:00,M-101,53.32,2.29,229.89,normal
2025-05-27T03:00:00,M-101,57.38,2.17,233.02,normal
2025-05-27T04:00:00,M-101,53.87,2.26,228.39,normal
2025-05-27T05:00:00,M-101,54.32,2.02,229.43,normal
2025-05-27T06:00:00,M-101,56.88,2.12,233.73,normal
2025-05-27T07:00:00,M-101,56.95,2.25,230.05,normal
2025-05-27T08:00:00,M-101,55.4,2.09,230.92,normal
2025-05-27T09:00:00,M-101,55.14,1.91,230.09,normal
2025-05-27T10:00:00,M-101,55.72,2.21,230.5,normal
2025-05-27T11:00:00,M-101,55.03,2.13,231.6,normal
2025-05-27T12:00:00,M-101,56.7,2.16,231.23,normal
2025-05-27T13:00:00,M-101,53.73,2.39,228.8,normal
2025-05-27T14:00:00,M-101,55.07,2.34,229.28,normal
2025-05-27T15:00:00,M-101,55.07,2.35,229.21,normal
2025-05-27T16:00:00,M-101,55.43,2.37,230.41,normal
2025-05-27T17:00:00,M-101,54.1,2.14,229.66,normal
2025-05-27T18:00:00,M-101,55.04,2.3,227.71,normal
2025-05-27T19:00:00,M-101,54.94,2.23,232.27,normal
2025-05-27T20:00:00,M-101,53.28,2.07,231.35,normal
2025-05-27T21:00:00,M-101,54.97,2.37,229.96,normal
2025-05-27T22:00:00,M-101,54.25,2.19,231.86,normal
2025-05-27T23:00:00,M-101,55.88,2.23,230.24,normal
2025-05-28T00:00:00,M-101,56.3,2.29,230.39,normal
2025-05-28T01:00:00,M-101,55.88,2.22,228.38,normal
2025-05-28T02:00:00,M-101,56.09,2.38,232.09,normal
2025-05-28T03:00:00,M-101,54.95,2.02,230.63,normal
2025-05-28T04:00:00,M-101,54.33,1.93,230.25,normal
2025-05-28T05:00:00,M-101,54.12,2.21,229.31,normal
2025-05-28T06:00:00,M-101,55.99,2.33,230.77,normal
2025-05-28T07:00:00,M-101,56.41,2.12,233.51,normal
2025-05-28T08:00:00,M-101,52.98,2.31,231.55,normal
2025-05-28T09:00:00,M-101,54.55,2.22,228.27,normal
2025-05-28T10:00:00,M-101,54.5,2.25,228.16,normal
2025-05-28T11:00:00,M-101,52.73,2.15,228.79,normal
2025-05-28T12:00:00,M-101,53.89,2.18,228.0,normal
2025-05-28T13:00:00,M-101,56.3,2.37,230.07,normal
2025-05-28T14:00:00,M-101,54.33,2.19,229.87,normal
2025-05-28T15:00:00,M-101,54.09,2.11,230.65,normal
2025-05-28T16:00:00,M-101,53.96,2.11,229.36,normal
2025-05-28T17:00:00,M-101,53.84,2.24,228.14,normal
2025-05-28T18:00:00,M-101,56.1,2.31,229.98,normal
2025-05-28T19:00:00,M-101,56.01,2.36,229.45,normal
2025-05-28T20:00:00,M-101,54.95,2.11,229.48,normal
2025-05-28T21:00:00,M-101,54.56,2.21,230.77,normal
2025-05-28T22:00:00,M-101,57.59,2.25,231.4,normal
2025-05-28T23:00:00,M-101,54.75,2.44,230.19,normal
2025-05-29T00:00:00,M-101,54.81,2.16,230.06,normal
2025-05-29T01:00:00,M-101,54.55,2.23,232.59,normal
2025-05-29T02:00:00,M-101,55.09,2.09,227.31,normal
2025-05-29T03:00:00,M-101,54.89,2.05,228.89,normal
2025-05-29T04:00:00,M-101,55.18,2.25,230.7,normal
2025-05-29T05:00:00,M-101,56.35,2.06,229.05,normal
2025-05-29T06:00:00,M-101,53.99,2.05,229.06,normal
2025-05-29T07:00:00,M-101,54.02,2.3,228.45,normal
2025-05-29T08:00:00,M-101,57.56,1.9,231.21,normal
2025-05-29T09:00:00,M-101,53.18,2.13,228.23,normal
2025-05-29T10:00:00,M-101,55.01,2.27,229.4,normal
2025-05-29T11:00:00,M-101,54.23,2.06,228.77,normal
2025-05-29T12:00:00,M-101,54.01,2.1,230.08,normal
2025-05-29T13:00:00,M-101,56.02,2.1,227.05,normal
2025-05-29T14:00:00,M-101,54.56,2.32,228.5,normal
2025-05-29T15:00:00,M-101,55.41,2.03,228.14,normal
2025-05-29T16:00:00,M-101,55.24,1.93,229.38,normal
2025-05-29T17:00:00,M-101,51.83,2.05,230.52,normal
2025-05-29T18:00:00,M-101,54.4,2.09,230.75,normal
2025-05-29T19:00:00,M-101,53.9,2.03,229.36,normal
2025-05-29T20:00:00,M-101,54.89,2.22,229.7,normal
2025-05-29T21:00:00,M-101,56.34,2.28,229.75,normal
2025-05-29T22:00:00,M-101,57.64,1.97,230.31,normal
2025-05-29T23:00:00,M-101,54.06,2.51,230.37,normal
2025-05-30T00:00:00,M-101,55.92,2.25,232.08,normal
2025-05-30T01:00:00,M-101,54.33,2.33,227.46,normal
2025-05-30T02:00:00,M-101,55.62,2.36,231.21,normal
2025-05-30T03:00:00,M-101,55.66,1.92,230.07,normal
2025-05-30T04:00:00,M-101,54.57,2.42,230.73,normal
2025-05-30T05:00:00,M-101,55.72,2.38,230.71,normal
2025-05-30T06:00:00,M-101,53.38,2.08,226.91,normal
2025-05-30T07:00:00,M-101,56.36,2.17,228.08,normal
2025-05-30T08:00:00,M-101,55.53,2.13,229.5,normal
2025-05-30T09:00:00,M-101,56.47,1.9,227.81,normal
2025-05-30T10:00:00,M-101,54.84,2.16,231.58,normal
2025-05-30T11:00:00,M-101,54.54,2.27,232.44,normal
2025-05-30T12:00:00,M-101,53.37,1.99,228.91,normal
2025-05-30T13:00:00,M-101,54.71,2.03,230.31,normal
2025-05-30T14:00:00,M-101,54.05,2.36,230.68,normal
2025-05-30T15:00:00,M-101,55.74,2.23,230.24,normal
2025-05-30T16:00:00,M-101,53.06,2.16,227.35,normal
2025-05-30T17:00:00,M-101,56.49,2.03,228.62,normal
2025-05-30T18:00:00,M-101,54.42,2.51,228.33,normal
2025-05-30T19:00:00,M-101,56.89,2.21,233.69,normal
2025-05-30T20:00:00,M-101,54.69,2.11,229.9,normal
2025-05-30T21:00:00,M-101,54.31,2.09,230.96,normal
2025-05-30T22:00:00,M-101,54.42,2.32,230.81,normal
2025-05-30T23:00:00,M-101,56.03,2.42,231.48,normal
2025-05-31T00:00:00,M-101,53.85,2.39,226.34,normal
2025-05-31T01:00:00,M-101,56.42,2.37,228.39,normal
2025-05-31T02:00:00,M-101,56.44,1.92,231.4,normal
2025-05-31T03:00:00,M-101,54.47,2.15,229.69,normal
2025-05-31T04:00:00,M-101,54.3,2.3,229.87,normal
2025-05-31T05:00:00,M-101,54.9,2.2,229.41,normal
2025-05-31T06:00:00,M-101,53.78,2.28,231.16,normal
2025-05-31T07:00:00,M-101,53.58,2.33,231.78,normal
2025-05-31T08:00:00,M-101,55.16,2.41,226.79,normal
2025-05-31T09:00:00,M-101,56.55,2.09,230.38,normal
2025-05-31T10:00:00,M-101,53.89,2.55,229.35,normal
2025-05-31T11:00:00,M-101,55.73,1.98,229.51,normal
2025-05-31T12:00:00,M-101,55.46,2.18,228.85,normal
2025-05-31T13:00:00,M-101,56.69,1.97,230.07,normal
2025-05-31T14:00:00,M-101,54.76,2.14,230.89,normal
2025-05-31T15:00:00,M-101,55.23,2.17,230.9,normal
2025-05-31T16:00:00,M-101,54.86,2.27,231.8,normal
2025-05-31T17:00:00,M-101,55.24,2.2,229.12,normal
2025-05-31T18:00:00,M-101,56.61,2.34,230.72,normal
2025-05-31T19:00:00,M-101,55.32,2.07,230.07,normal
2025-05-31T20:00:00,M-101,55.31,2.03,228.56,normal
2025-05-31T21:00:00,M-101,54.83,2.47,230.48,normal
2025-05-31T22:00:00,M-101,53.27,2.38,231.26,normal
2025-05-31T23:00:00,M-101,55.79,2.12,229.79,normal
2025-06-01T00:00:00,M-101,57.51,2.36,236.63,normal
2025-06-01T01:00:00,M-101,52.84,1.97,229.33,normal
2025-06-01T02:00:00,M-101,53.9,2.1,231.01,normal
2025-06-01T03:00:00,M-101,56.52,1.99,230.79,normal
2025-06-01T04:00:00,M-101,55.97,2.23,231.93,normal
2025-06-01T05:00:00,M-101,56.33,2.08,230.16,normal
2025-06-01T06:00:00,M-101,55.29,2.02,229.62,normal
2025-06-01T07:00:00,M-101,56.16,2.25,230.01,normal
2025-06-01T08:00:00,M-101,57.98,2.29,231.36,normal
2025-06-01T09:00:00,M-101,53.96,2.37,229.32,normal
2025-06-01T10:00:00,M-101,54.76,2.14,228.1,normal
2025-06-01T11:00:00,M-101,55.64,2.02,231.18,normal
2025-06-01T12:00:00,M-101,54.03,2.38,230.45,normal
2025-06-01T13:00:00,M-101,56.34,2.04,230.8,normal
2025-06-01T14:00:00,M-101,55.84,2.24,229.81,normal
2025-06-01T15:00:00,M-101,54.29,1.72,230.71,normal
2025-06-01T16:00:00,M-101,53.49,2.04,230.51,normal
2025-06-01T17:00:00,M-101,51.87,2.09,230.98,normal
2025-06-01T18:00:00,M-101,55.01,2.17,228.83,normal
2025-06-01T19:00:00,M-101,55.19,1.97,229.15,normal
2025-06-01T20:00:00,M-101,55.92,2.06,229.78,normal
2025-06-01T21:00:00,M-101,54.54,2.01,227.09,normal
2025-06-01T22:00:00,M-101,53.96,2.08,228.46,normal
2025-06-01T23:00:00,M-101,54.92,2.24,230.9,normal
2025-06-02T00:00:00,M-101,55.4,2.03,232.01,normal
2025-06-02T01:00:00,M-101,55.4,2.31,228.1,normal
2025-06-02T02:00:00,M-101,56.25,2.53,230.74,normal
2025-06-02T03:00:00,M-101,56.3,2.11,230.22,normal
2025-06-02T04:00:00,M-101,54.92,2.3,230.22,normal
2025-06-02T05:00:00,M-101,55.3,2.06,228.24,normal
2025-06-02T06:00:00,M-101,54.97,2.57,228.53,normal
2025-06-02T07:00:00,M-101,55.61,2.39,229.04,normal
2025-06-02T08:00:00,M-101,53.06,2.25,229.92,normal
2025-06-02T09:00:00,M-101,53.97,2.42,231.03,normal
2025-06-02T10:00:00,M-101,54.98,2.0,231.84,normal
2025-06-02T11:00:00,M-101,56.33,2.32,232.39,normal
2025-06-02T12:00:00,M-101,53.77,2.05,231.27,normal
2025-06-02T13:00:00,M-101,55.52,2.19,229.28,normal
2025-06-02T14:00:00,M-101,56.2,2.24,231.27,normal
2025-06-02T15:00:00,M-101,53.65,2.21,230.61,normal
2025-06-02T16:00:00,M-101,56.2,1.95,229.69,normal
2025-06-02T17:00:00,M-101,54.22,2.2,229.79,normal
2025-06-02T18:00:00,M-101,55.49,2.32,230.39,normal
2025-06-02T19:00:00,M-101,54.91,2.33,232.07,normal
2025-06-02T20:00:00,M-101,55.07,2.08,232.61,normal
2025-06-02T21:00:00,M-101,56.09,2.52,229.39,normal
2025-06-02T22:00:00,M-101,54.54,2.17,229.87,normal
2025-06-02T23:00:00,M-101,53.27,2.32,227.79,normal
2025-06-03T00:00:00,M-101,51.71,2.19,228.42,normal
2025-06-03T01:00:00,M-101,55.31,2.03,227.99,normal
2025-06-03T02:00:00,M-101,52.57,2.01,229.57,normal
2025-06-03T03:00:00,M-101,57.53,2.3,229.04,normal
2025-06-03T04:00:00,M-101,56.6,2.24,227.22,normal
2025-06-03T05:00:00,M-101,52.92,1.98,229.14,normal
2025-06-03T06:00:00,M-101,55.04,2.11,229.2,normal
2025-06-03T07:00:00,M-101,53.88,2.23,231.18,normal
2025-06-03T08:00:00,M-101,53.73,2.39,228.75,normal
2025-06-03T09:00:00,M-101,54.66,2.45,230.9,normal
2025-06-03T10:00:00,M-101,55.06,1.91,230.12,normal
2025-06-03T11:00:00,M-101,54.58,2.17,231.64,normal
2025-06-03T12:00:00,M-101,54.35,2.47,230.07,normal
2025-06-03T13:00:00,M-101,55.2,2.15,230.15,normal
2025-06-03T14:00:00,M-101,56.61,2.24,228.51,normal
2025-06-03T15:00:00,M-101,54.09,2.37,230.82,normal
2025-06-03T16:00:00,M-101,53.99,2.18,230.15,normal
2025-06-03T17:00:00,M-101,55.69,2.06,230.15,normal
2025-06-03T18:00:00,M-101,53.46,2.09,229.66,normal
2025-06-03T19:00:00,M-101,56.62,2.19,232.48,normal
2025-06-03T20:00:00,M-101,55.46,2.39,229.77,normal
2025-06-03T21:00:00,M-101,52.86,1.88,229.36,normal
2025-06-03T22:00:00,M-101,57.12,2.18,229.25,normal
2025-06-03T23:00:00,M-101,55.73,2.14,229.44,normal
2025-06-04T00:00:00,M-101,55.24,2.26,229.13,normal
2025-06-04T01:00:00,M-101,54.04,2.44,228.71,normal
2025-06-04T02:00:00,M-101,53.93,2.17,229.79,normal
2025-06-04T03:00:00,M-101,55.36,2.43,231.95,normal
2025-06-04T04:00:00,M-101,54.95,2.22,231.46,normal
2025-06-04T05:00:00,M-101,54.85,2.23,228.37,normal
2025-06-04T06:00:00,M-101,55.48,2.19,227.86,normal
2025-06-04T07:00:00,M-101,55.29,2.53,230.51,normal
2025-06-04T08:00:00,M-101,54.05,2.39,230.53,normal
2025-06-04T09:00:00,M-101,55.23,2.43,231.37,normal
2025-06-04T10:00:00,M-101,57.5,2.08,229.36,normal
2025-06-04T11:00:00,M-101,54.9,2.23,228.24,normal
2025-06-04T12:00:00,M-101,55.34,1.99,229.16,normal
2025-06-04T13:00:00,M-101,54.7,2.24,230.48,normal
2025-06-04T14:00:00,M-101,54.1,2.25,230.46,normal
2025-06-04T15:00:00,M-101,54.89,2.2,229.24,normal
2025-06-04T16:00:00,M-101,57.16,2.41,230.38,normal
2025-06-04T17:00:00,M-101,56.58,2.07,229.23,normal
2025-06-04T18:00:00,M-101,54.61,2.27,229.52,normal
2025-06-04T19:00:00,M-101,53.91,1.98,228.36,normal
2025-06-04T20:00:00,M-101,56.12,2.27,227.9,normal
2025-06-04T21:00:00,M-101,57.22,2.13,229.32,normal
2025-06-04T22:00:00,M-101,54.8,2.21,229.43,normal
2025-06-04T23:00:00,M-101,54.96,2.32,231.36,normal
2025-06-05T00:00:00,M-101,54.19,2.18,228.88,normal
2025-06-05T01:00:00,M-101,54.48,2.19,229.53,normal
2025-06-05T02:00:00,M-101,55.71,2.06,230.58,normal
2025-06-05T03:00:00,M-101,55.88,2.15,229.52,normal
2025-06-05T04:00:00,M-101,55.72,2.14,229.51,normal
2025-06-05T05:00:00,M-101,55.25,1.83,231.04,normal
2025-06-05T06:00:00,M-101,55.29,2.29,227.95,normal
2025-06-05T07:00:00,M-101,54.5,2.27,230.83,normal
2025-06-05T08:00:00,M-101,54.3,2.13,232.28,normal
2025-06-05T09:00:00,M-101,55.32,2.38,228.0,normal
2025-06-05T10:00:00,M-101,55.51,2.12,229.25,normal
2025-06-05T11:00:00,M-101,56.51,2.04,228.6,normal
2025-06-05T12:00:00,M-101,54.17,2.16,230.05,normal
2025-06-05T13:00:00,M-101,55.5,2.39,230.7,normal
2025-06-05T14:00:00,M-101,57.1,2.36,230.82,normal
2025-06-05T15:00:00,M-101,54.83,2.41,229.55,normal
2025-06-05T16:00:00,M-101,56.18,2.21,229.17,normal
2025-06-05T17:00:00,M-101,55.79,2.3,230.46,normal
2025-06-05T18:00:00,M-101,56.3,2.22,228.92,normal
2025-06-05T19:00:00,M-101,55.1,2.48,228.57,normal
2025-06-05T20:00:00,M-101,52.84,2.2,228.48,normal
2025-06-05T21:00:00,M-101,56.6,2.22,228.62,normal
2025-06-05T22:00:00,M-101,54.93,2.06,230.73,normal
2025-06-05T23:00:00,M-101,56.11,2.38,231.56,normal
2025-06-06T00:00:00,M-101,54.98,2.38,230.73,normal
2025-06-06T01:00:00,M-101,53.49,2.4,228.69,normal
2025-06-06T02:00:00,M-101,54.3,1.97,228.77,normal
2025-06-06T03:00:00,M-101,52.5,2.02,228.77,normal
2025-06-06T04:00:00,M-101,53.59,2.14,231.18,normal
2025-06-06T05:00:00,M-101,54.63,2.27,231.65,normal
2025-06-06T06:00:00,M-101,54.28,2.42,229.94,normal
2025-06-06T07:00:00,M-101,54.94,2.25,232.02,normal
2025-06-06T08:00:00,M-101,53.56,2.34,229.28,normal
2025-06-06T09:00:00,M-101,55.11,2.05,226.25,normal
2025-06-06T10:00:00,M-101,56.39,2.31,228.44,normal
2025-06-06T11:00:00,M-101,53.92,2.02,229.94,normal
2025-06-06T12:00:00,M-101,57.43,2.18,227.48,normal
2025-06-06T13:00:00,M-101,55.88,2.07,227.64,normal
2025-06-06T14:00:00,M-101,55.46,2.2,230.26,normal
2025-06-06T15:00:00,M-101,55.85,2.34,226.91,normal
2025-06-06T16:00:00,M-101,55.2,2.37,231.85,normal
2025-06-06T17:00:00,M-101,53.77,1.93,228.35,normal
2025-06-06T18:00:00,M-101,55.47,2.17,231.22,normal
2025-06-06T19:00:00,M-101,54.79,2.01,228.35,normal
2025-06-06T20:00:00,M-101,54.72,2.32,232.2,normal
2025-06-06T21:00:00,M-101,53.81,2.27,229.9,normal
2025-06-06T22:00:00,M-101,53.62,2.02,232.32,normal
2025-06-06T23:00:00,M-101,54.48,2.19,230.68,normal
2025-06-07T00:00:00,M-101,55.43,2.3,228.8,normal
2025-06-07T01:00:00,M-101,54.55,2.24,230.51,normal
2025-06-07T02:00:00,M-101,54.13,1.95,231.29,normal
2025-06-07T03:00:00,M-101,56.01,2.34,229.82,normal
2025-06-07T04:00:00,M-101,52.86,2.14,233.01,normal
2025-06-07T05:00:00,M-101,55.36,2.24,227.58,normal
2025-06-07T06:00:00,M-101,54.23,2.35,230.5,normal
2025-06-07T07:00:00,M-101,54.84,2.39,231.06,normal
2025-06-07T08:00:00,M-101,55.65,2.17,230.63,normal
2025-06-07T09:00:00,M-101,56.23,2.25,228.13,normal
2025-06-07T10:00:00,M-101,54.79,2.16,230.62,normal
2025-06-07T11:00:00,M-101,56.51,2.19,229.35,normal
2025-06-07T12:00:00,M-101,55.88,2.27,228.84,normal
2025-06-07T13:00:00,M-101,55.55,2.23,230.52,normal
2025-06-07T14:00:00,M-101,53.18,1.91,227.76,normal
2025-06-07T15:00:00,M-101,52.99,2.34,231.48,normal
2025-06-07T16:00:00,M-101,53.46,2.42,228.31,normal
2025-06-07T17:00:00,M-101,54.04,2.52,228.08,normal
2025-06-07T18:00:00,M-101,55.84,2.32,231.65,normal
2025-06-07T19:00:00,M-101,55.79,2.24,232.29,normal
2025-06-07T20:00:00,M-101,54.91,2.21,230.6,normal
2025-06-07T21:00:00,M-101,54.6,2.18,231.81,normal
2025-06-07T22:00:00,M-101,56.93,2.29,229.84,normal
2025-06-07T23:00:00,M-101,54.41,2.14,229.46,normal
2025-06-08T00:00:00,M-101,54.48,2.19,229.67,normal
2025-06-08T01:00:00,M-101,56.29,1.99,229.4,normal
2025-06-08T02:00:00,M-101,55.97,2.14,229.4,normal
2025-06-08T03:00:00,M-101,55.66,2.19,228.57,normal
2025-06-08T04:00:00,M-101,55.19,2.3,227.49,normal
2025-06-08T05:00:00,M-101,56.09,1.95,231.04,normal
2025-06-08T06:00:00,M-101,53.44,2.24,229.95,normal
2025-06-08T07:00:00,M-101,56.23,2.19,229.38,normal
2025-06-08T08:00:00,M-101,54.12,2.23,229.65,normal
2025-06-08T09:00:00,M-101,56.05,2.26,231.86,normal
2025-06-08T10:00:00,M-101,55.86,2.23,229.92,normal
2025-06-08T11:00:00,M-101,55.76,2.32,228.03,normal
2025-06-08T12:00:00,M-101,55.49,2.15,230.5,normal
2025-06-08T13:00:00,M-101,55.96,1.92,229.85,normal
2025-06-08T14:00:00,M-101,56.21,1.94,230.35,normal
2025-06-08T15:00:00,M-101,55.03,2.12,231.36,normal
2025-06-08T16:00:00,M-101,56.11,2.21,232.12,normal
2025-06-08T17:00:00,M-101,56.76,2.23,231.27,normal
2025-06-08T18:00:00,M-101,56.06,2.46,231.23,normal
2025-06-08T19:00:00,M-101,55.84,2.22,231.11,normal
2025-06-08T20:00:00,M-101,56.9,2.19,229.88,normal
2025-06-08T21:00:00,M-101,53.88,2.58,229.45,normal
2025-06-08T22:00:00,M-101,54.43,2.12,231.79,normal
2025-06-08T23:00:00,M-101,55.45,1.9,230.25,normal
2025-06-09T00:00:00,M-101,57.21,2.2,230.21,normal
2025-06-09T01:00:00,M-101,58.46,2.17,229.73,normal
2025-06-09T02:00:00,M-101,55.79,2.57,230.7,normal
2025-06-09T03:00:00,M-101,53.11,2.18,229.72,normal
2025-06-09T04:00:00,M-101,55.93,2.15,230.25,normal
2025-06-09T05:00:00,M-101,53.52,2.02,230.14,normal
2025-06-09T06:00:00,M-101,56.99,2.06,227.69,normal
2025-06-09T07:00:00,M-101,56.45,2.26,231.24,normal
2025-06-09T08:00:00,M-101,54.84,2.24,229.92,normal
2025-06-09T09:00:00,M-101,55.05,2.47,229.46,normal
2025-06-09T10:00:00,M-101,54.58,2.21,229.79,normal
2025-06-09T11:00:00,M-101,57.06,2.18,230.64,normal
2025-06-09T12:00:00,M-101,53.59,2.29,231.02,normal
2025-06-09T13:00:00,M-101,55.83,1.97,229.14,normal
2025-06-09T14:00:00,M-101,51.91,2.45,229.91,normal
2025-06-09T15:00:00,M-101,57.0,2.49,231.59,normal
2025-06-09T16:00:00,M-101,54.29,2.17,231.23,normal
2025-06-09T17:00:00,M-101,52.72,2.41,232.26,normal
2025-06-09T18:00:00,M-101,56.09,2.16,230.6,normal
2025-06-09T19:00:00,M-101,53.15,2.06,229.39,normal
2025-06-09T20:00:00,M-101,54.15,2.45,230.74,normal
2025-06-09T21:00:00,M-101,52.17,2.38,230.81,normal
2025-06-09T22:00:00,M-101,54.77,2.1,233.15,normal
2025-06-09T23:00:00,M-101,55.33,2.25,227.67,normal
2025-06-10T00:00:00,M-101,54.36,2.34,230.25,normal
2025-06-10T01:00:00,M-101,54.51,2.16,227.68,normal
2025-06-10T02:00:00,M-101,52.11,2.29,227.89,normal
2025-06-10T03:00:00,M-101,53.17,2.25,231.44,normal
2025-06-10T04:00:00,M-101,54.63,2.37,230.12,normal
2025-06-10T05:00:00,M-101,51.3,2.45,228.43,normal
2025-06-10T06:00:00,M-101,56.93,2.16,229.95,normal
2025-06-10T07:00:00,M-101,54.48,2.05,230.95,normal
2025-06-10T08:00:00,M-101,57.04,2.4,229.22,normal
2025-06-10T09:00:00,M-101,55.64,2.36,230.92,normal
2025-06-10T10:00:00,M-101,53.49,2.51,228.94,normal
2025-06-10T11:00:00,M-101,54.05,2.23,230.4,normal
2025-06-10T12:00:00,M-101,54.37,2.01,228.22,normal
2025-06-10T13:00:00,M-101,55.05,1.92,231.74,normal
2025-06-10T14:00:00,M-101,55.82,2.24,230.36,normal
2025-06-10T15:00:00,M-101,54.0,2.12,231.39,normal
2025-06-10T16:00:00,M-101,54.42,2.44,231.58,normal
2025-06-10T17:00:00,M-101,55.86,2.17,228.66,normal
2025-06-10T18:00:00,M-101,54.86,2.06,229.5,normal
2025-06-10T19:00:00,M-101,54.61,2.12,231.75,normal
2025-06-10T20:00:00,M-101,53.98,2.09,231.82,normal
2025-06-10T21:00:00,M-101,55.35,2.28,229.11,normal
2025-06-10T22:00:00,M-101,55.43,2.4,230.08,normal
2025-06-10T23:00:00,M-101,55.55,2.39,230.94,normal
2025-06-11T00:00:00,M-101,56.52,2.03,227.42,normal
2025-06-11T01:00:00,M-101,53.69,2.27,229.03,normal
2025-06-11T02:00:00,M-101,52.62,2.48,232.01,normal
2025-06-11T03:00:00,M-101,54.39,2.11,229.0,normal
2025-06-11T04:00:00,M-101,55.9,2.27,230.25,normal
2025-06-11T05:00:00,M-101,56.68,2.08,228.25,normal
2025-06-11T06:00:00,M-101,55.04,2.2,230.19,normal
2025-06-11T07:00:00,M-101,55.53,1.97,232.42,normal
2025-06-11T08:00:00,M-101,52.89,2.25,230.57,normal
2025-06-11T09:00:00,M-101,56.02,2.24,228.81,normal
2025-06-11T10:00:00,M-101,54.8,2.0,229.8,normal
2025-06-11T11:00:00,M-101,54.76,1.92,233.34,normal
2025-06-11T12:00:00,M-101,54.31,2.29,232.0,normal
2025-06-11T13:00:00,M-101,54.99,2.14,228.37,normal
2025-06-11T14:00:00,M-101,54.15,2.1,229.81,normal
2025-06-11T15:00:00,M-101,55.98,2.23,232.29,normal
2025-06-11T16:00:00,M-101,55.51,2.24,225.46,normal
2025-06-11T17:00:00,M-101,54.84,2.24,227.81,normal
2025-06-11T18:00:00,M-101,54.96,2.1,229.72,normal
2025-06-11T19:00:00,M-101,54.99,2.16,229.95,normal
2025-06-11T20:00:00,M-101,55.46,2.25,229.04,normal
2025-06-11T21:00:00,M-101,56.12,2.21,230.59,normal
2025-06-11T22:00:00,M-101,57.12,2.45,233.31,normal
2025-06-11T23:00:00,M-101,54.75,2.27,230.76,normal
2025-06-12T00:00:00,M-101,55.15,2.18,231.29,normal
2025-06-12T01:00:00,M-101,56.4,2.53,229.24,normal
2025-06-12T02:00:00,M-101,55.59,2.09,229.64,normal
2025-06-12T03:00:00,M-101,52.2,2.52,227.65,normal
2025-06-12T04:00:00,M-101,55.16,1.94,229.53,normal
2025-06-12T05:00:00,M-101,53.8,1.89,228.47,normal
2025-06-12T06:00:00,M-101,54.75,2.19,227.13,normal
2025-06-12T07:00:00,M-101,55.79,2.16,228.34,normal
2025-06-12T08:00:00,M-101,56.85,2.1,230.38,normal
2025-06-12T09:00:00,M-101,56.84,2.21,229.87,normal
2025-06-12T10:00:00,M-101,56.18,2.14,230.14,normal
2025-06-12T11:00:00,M-101,54.85,2.15,231.16,normal
2025-06-12T12:00:00,M-101,55.36,2.42,230.62,normal
2025-06-12T13:00:00,M-101,53.33,2.26,229.6,normal
2025-06-12T14:00:00,M-101,54.72,2.35,230.65,normal
2025-06-12T15:00:00,M-101,53.11,2.5,229.82,normal
2025-06-12T16:00:00,M-101,53.07,2.15,230.76,normal
2025-06-12T17:00:00,M-101,53.68,2.07,227.35,normal
2025-06-12T18:00:00,M-101,55.35,2.12,232.31,normal
2025-06-12T19:00:00,M-101,55.35,2.24,229.11,normal
2025-06-12T20:00:00,M-101,56.2,2.0,230.45,normal
2025-06-12T21:00:00,M-101,55.6,2.09,228.25,normal
2025-06-12T22:00:00,M-101,56.41,2.48,230.61,normal
2025-06-12T23:00:00,M-101,57.22,2.27,229.75,normal
2025-06-13T00:00:00,M-101,54.54,2.02,231.4,normal
2025-06-13T01:00:00,M-101,54.34,2.11,230.57,normal
2025-06-13T02:00:00,M-101,55.6,2.09,230.34,normal
2025-06-13T03:00:00,M-101,54.83,2.22,229.81,normal
2025-06-13T04:00:00,M-101,54.51,1.84,229.13,normal
2025-06-13T05:00:00,M-101,56.45,2.15,230.28,normal
2025-06-13T06:00:00,M-101,55.74,2.05,230.13,normal
2025-06-13T07:00:00,M-101,54.69,2.26,230.93,normal
2025-06-13T08:00:00,M-101,55.11,2.17,231.45,normal
2025-06-13T09:00:00,M-101,55.16,1.98,231.9,normal
2025-06-13T10:00:00,M-101,55.56,2.11,229.93,normal
2025-06-13T11:00:00,M-101,53.87,2.22,227.81,normal
2025-06-13T12:00:00,M-101,56.22,2.27,228.53,normal
2025-06-13T13:00:00,M-101,55.62,1.98,229.22,normal
2025-06-13T14:00:00,M-101,53.81,2.3,231.06,normal
2025-06-13T15:00:00,M-101,53.4,2.23,230.77,normal
2025-06-13T16:00:00,M-101,54.6,2.57,227.66,normal
2025-06-13T17:00:00,M-101,56.61,2.43,229.49,normal
2025-06-13T18:00:00,M-101,53.65,2.38,226.3,normal
2025-06-13T19:00:00,M-101,54.96,1.99,229.98,normal
2025-06-13T20:00:00,M-101,54.32,2.01,230.85,normal
2025-06-13T21:00:00,M-101,56.4,2.0,230.99,normal
2025-06-13T22:00:00,M-101,55.12,2.1,229.21,normal
2025-06-13T23:00:00,M-101,55.67,2.37,229.58,normal
2025-06-14T00:00:00,M-101,52.05,2.32,230.6,normal
2025-06-14T01:00:00,M-101,52.67,2.12,229.98,normal
2025-06-14T02:00:00,M-101,54.65,2.25,228.67,normal
2025-06-14T03:00:00,M-101,55.77,1.79,230.53,normal
2025-06-14T04:00:00,M-101,54.29,2.18,230.98,normal
2025-06-14T05:00:00,M-101,56.63,2.05,229.85,normal
2025-06-14T06:00:00,M-101,53.77,2.21,229.12,normal
2025-06-14T07:00:00,M-101,53.55,2.37,230.53,normal
2025-06-14T08:00:00,M-101,55.0,2.4,227.53,normal
2025-06-14T09:00:00,M-101,55.47,2.44,229.45,normal
2025-06-14T10:00:00,M-101,53.95,2.08,231.84,normal
2025-06-14T11:00:00,M-101,56.27,2.25,231.38,normal
2025-06-14T12:00:00,M-101,54.19,2.14,231.23,normal
2025-06-14T13:00:00,M-101,53.86,2.23,229.95,normal
2025-06-14T14:00:00,M-101,53.97,2.23,228.07,normal
2025-06-14T15:00:00,M-101,54.21,1.9,228.08,normal
2025-06-14T16:00:00,M-101,53.92,2.25,230.0,normal
2025-06-14T17:00:00,M-101,53.47,2.16,233.36,normal
2025-06-14T18:00:00,M-101,55.07,2.26,226.8,normal
2025-06-14T19:00:00,M-101,54.38,2.37,227.82,normal
2025-06-14T20:00:00,M-101,53.9,2.09,229.77,normal
2025-06-14T21:00:00,M-101,55.7,1.93,231.0,normal
2025-06-14T22:00:00,M-101,51.8,2.06,230.58,normal
2025-06-14T23:00:00,M-101,53.57,2.07,229.15,normal
2025-06-15T00:00:00,M-101,56.89,2.04,231.4,normal
2025-06-15T01:00:00,M-101,57.33,2.14,228.73,normal
2025-06-15T02:00:00,M-101,54.96,2.04,229.38,normal
2025-06-15T03:00:00,M-101,53.67,1.97,227.52,normal
2025-06-15T04:00:00,M-101,56.06,2.09,228.2,normal
2025-06-15T05:00:00,M-101,56.24,2.17,229.42,normal
2025-06-15T06:00:00,M-101,54.03,2.19,229.46,normal
2025-06-15T07:00:00,M-101,54.42,2.17,231.09,normal
2025-06-15T08:00:00,M-101,54.71,2.39,231.4,normal
2025-06-15T09:00:00,M-101,53.7,2.05,227.98,normal
2025-06-15T10:00:00,M-101,54.02,2.3,229.41,normal
2025-06-15T11:00:00,M-101,54.34,2.21,226.62,normal
2025-06-15T12:00:00,M-101,55.32,2.16,230.92,normal
2025-06-15T13:00:00,M-101,54.57,2.34,231.52,normal
2025-06-15T14:00:00,M-101,54.57,2.28,228.55,normal
2025-06-15T15:00:00,M-101,54.07,2.03,229.59,normal
2025-06-15T16:00:00,M-101,53.45,2.03,229.57,normal
2025-06-15T17:00:00,M-101,53.15,2.28,228.51,normal
2025-06-15T18:00:00,M-101,54.62,2.14,231.43,normal
2025-06-15T19:00:00,M-101,55.65,2.15,229.0,normal
2025-06-15T20:00:00,M-101,55.96,2.17,228.32,normal
2025-06-15T21:00:00,M-101,55.07,2.29,229.84,normal
2025-06-15T22:00:00,M-101,54.98,2.41,229.11,normal
2025-06-15T23:00:00,M-101,55.84,2.43,232.46,normal
2025-06-16T00:00:00,M-101,53.53,2.27,230.1,normal
2025-06-16T01:00:00,M-101,57.81,2.38,231.43,normal
2025-06-16T02:00:00,M-101,56.35,2.27,228.33,normal
2025-06-16T03:00:00,M-101,57.62,1.93,231.07,normal
2025-06-16T04:00:00,M-101,55.87,2.22,231.44,normal
2025-06-16T05:00:00,M-101,54.9,2.31,230.28,normal
2025-06-16T06:00:00,M-101,54.04,2.34,229.06,normal
2025-06-16T07:00:00,M-101,55.69,2.03,230.27,normal
2025-06-16T08:00:00,M-101,55.59,2.37,228.27,normal
2025-06-16T09:00:00,M-101,54.27,2.19,228.36,normal
2025-06-16T10:00:00,M-101,55.66,2.55,230.94,normal
2025-06-16T11:00:00,M-101,55.69,2.07,230.77,normal
2025-06-16T12:00:00,M-101,55.58,2.49,229.39,normal
2025-06-16T13:00:00,M-101,56.43,2.14,229.5,normal
2025-06-16T14:00:00,M-101,54.42,2.23,227.66,normal
2025-06-16T15:00:00,M-101,54.49,2.42,227.18,normal
2025-06-16T16:00:00,M-101,56.01,2.31,229.27,normal
2025-06-16T17:00:00,M-101,54.0,2.36,229.4,normal
2025-06-16T18:00:00,M-101,55.31,2.16,228.23,normal
2025-06-16T19:00:00,M-101,56.19,2.29,228.51,normal
2025-06-16T20:00:00,M-101,56.28,2.0,227.99,normal
2025-06-16T21:00:00,M-101,55.98,2.13,229.92,normal
2025-06-16T22:00:00,M-101,56.87,2.03,230.86,normal
2025-06-16T23:00:00,M-101,54.45,2.21,229.59,normal
2025-06-17T00:00:00,M-101,53.98,2.2,228.53,normal
2025-06-17T01:00:00,M-101,54.96,2.05,229.51,normal
2025-06-17T02:00:00,M-101,55.1,1.98,229.83,normal
2025-06-17T03:00:00,M-101,55.79,2.21,231.33,normal
2025-06-17T04:00:00,M-101,53.73,2.28,230.4,normal
2025-06-17T05:00:00,M-101,51.61,2.19,231.25,normal
2025-06-17T06:00:00,M-101,54.86,2.2,229.73,normal
2025-06-17T07:00:00,M-101,54.75,2.03,228.89,normal
2025-06-17T08:00:00,M-101,52.28,2.51,229.89,normal
2025-06-17T09:00:00,M-101,55.21,2.29,230.69,normal
2025-06-17T10:00:00,M-101,54.85,1.95,228.11,normal
2025-06-17T11:00:00,M-101,56.98,2.26,230.92,normal
2025-06-17T12:00:00,M-101,53.66,2.12,230.32,normal
2025-06-17T13:00:00,M-101,54.0,2.37,228.77,normal
2025-06-17T14:00:00,M-101,54.42,2.02,230.46,normal
2025-06-17T15:00:00,M-101,56.5,2.22,229.91,normal
2025-06-17T16:00:00,M-101,54.5,2.31,229.92,normal
2025-06-17T17:00:00,M-101,57.06,2.15,229.35,normal
2025-06-17T18:00:00,M-101,54.31,1.9,230.27,normal
2025-06-17T19:00:00,M-101,55.09,1.95,228.16,normal
2025-06-17T20:00:00,M-101,53.65,2.14,228.38,normal
2025-06-17T21:00:00,M-101,55.86,2.37,228.94,normal
2025-06-17T22:00:00,M-101,54.97,2.03,231.91,normal
2025-06-17T23:00:00,M-101,53.63,2.07,229.93,normal
2025-06-18T00:00:00,M-101,53.96,2.6,229.63,normal
2025-06-18T01:00:00,M-101,54.65,2.04,229.79,normal
2025-06-18T02:00:00,M-101,54.2,2.13,231.42,normal
2025-06-18T03:00:00,M-101,54.22,2.26,228.98,normal
2025-06-18T04:00:00,M-101,56.15,2.08,228.46,normal
2025-06-18T05:00:00,M-101,54.64,2.38,229.31,normal
2025-06-18T06:00:00,M-101,53.89,2.17,228.85,normal
2025-06-18T07:00:00,M-101,55.25,2.09,230.4,normal
2025-06-18T08:00:00,M-101,56.01,2.27,232.18,normal
2025-06-18T09:00:00,M-101,55.3,2.47,231.83,normal
2025-06-18T10:00:00,M-101,54.61,2.31,228.81,normal
2025-06-18T11:00:00,M-101,54.69,2.18,228.74,normal
2025-06-18T12:00:00,M-101,55.31,2.18,232.91,normal
2025-06-18T13:00:00,M-101,55.86,2.16,228.91,normal
2025-06-18T14:00:00,M-101,54.29,2.09,228.8,normal
2025-06-18T15:00:00,M-101,54.95,1.99,229.46,normal
2025-06-18T16:00:00,M-101,55.52,2.11,228.24,normal
2025-06-18T17:00:00,M-101,54.34,2.32,228.78,normal
2025-06-18T18:00:00,M-101,56.8,1.94,228.72,normal
2025-06-18T19:00:00,M-101,55.67,2.39,229.62,normal
2025-06-18T20:00:00,M-101,52.96,2.15,228.56,normal
2025-06-18T21:00:00,M-101,54.12,2.14,229.02,normal
2025-06-18T22:00:00,M-101,54.89,2.21,229.49,normal
2025-06-18T23:00:00,M-101,52.8,2.16,226.01,normal
2025-06-19T00:00:00,M-101,55.02,2.13,228.53,normal
2025-06-19T01:00:00,M-101,57.44,2.44,231.92,normal
2025-06-19T02:00:00,M-101,55.2,2.12,230.61,normal
2025-06-19T03:00:00,M-101,56.88,2.18,229.7,normal
2025-06-19T04:00:00,M-101,54.24,2.18,231.17,normal
2025-06-19T05:00:00,M-101,53.85,2.35,230.13,normal
2025-06-19T06:00:00,M-101,57.6,2.22,231.81,normal
2025-06-19T07:00:00,M-101,53.76,2.55,230.05,normal
2025-06-19T08:00:00,M-101,54.85,2.42,230.16,normal
2025-06-19T09:00:00,M-101,53.47,2.28,230.75,normal
2025-06-19T10:00:00,M-101,54.93,2.12,227.52,normal
2025-06-19T11:00:00,M-101,56.95,2.13,230.47,normal
2025-06-19T12:00:00,M-101,54.35,2.09,230.35,normal
2025-06-19T13:00:00,M-101,53.89,2.33,227.53,normal
2025-06-19T14:00:00,M-101,55.66,2.37,229.28,normal
2025-06-19T15:00:00,M-101,55.21,2.32,229.28,normal
2025-06-19T16:00:00,M-101,54.68,2.17,234.01,normal
2025-06-19T17:00:00,M-101,53.97,2.17,229.27,normal
2025-06-19T18:00:00,M-101,54.3,2.06,228.96,normal
2025-06-19T19:00:00,M-101,55.14,2.37,232.36,normal
2025-06-19T20:00:00,M-101,53.42,2.05,229.9,normal
2025-06-19T21:00:00,M-101,53.79,2.08,229.61,normal
2025-06-19T22:00:00,M-101,54.28,2.07,230.26,normal
2025-06-19T23:00:00,M-101,54.03,2.15,230.42,normal
2025-06-20T00:00:00,M-101,55.81,2.23,231.57,normal
2025-06-20T01:00:00,M-101,55.13,1.97,232.13,normal
2025-06-20T02:00:00,M-101,58.35,2.32,232.34,normal
2025-06-20T03:00:00,M-101,56.27,2.13,230.88,normal
2025-06-20T04:00:00,M-101,54.14,2.11,230.79,normal
2025-06-20T05:00:00,M-101,55.06,2.1,227.84,normal
2025-06-20T06:00:00,M-101,55.92,2.2,230.17,normal
2025-06-20T07:00:00,M-101,53.91,2.08,229.88,normal
2025-06-20T08:00:00,M-101,52.74,2.38,229.98,normal
2025-06-20T09:00:00,M-101,56.26,2.34,229.11,normal
2025-06-20T10:00:00,M-101,55.57,2.03,228.6,normal
2025-06-20T11:00:00,M-101,56.55,2.12,228.8,normal
2025-06-20T12:00:00,M-101,55.53,2.2,231.41,normal
2025-06-20T13:00:00,M-101,53.45,2.16,228.35,normal
2025-06-20T14:00:00,M-101,55.0,2.15,228.56,normal
2025-06-20T15:00:00,M-101,52.89,1.99,231.34,normal
2025-06-20T16:00:00,M-101,54.53,2.03,230.22,normal
2025-06-20T17:00:00,M-101,53.63,2.33,231.25,normal
2025-06-20T18:00:00,M-101,55.01,2.11,227.24,normal
2025-06-20T19:00:00,M-101,55.54,2.5,230.25,normal
2025-06-20T20:00:00,M-101,54.32,2.31,229.38,normal
2025-06-20T21:00:00,M-101,53.51,2.18,230.85,normal
2025-06-20T22:00:00,M-101,52.79,2.35,232.38,normal
2025-06-20T23:00:00,M-101,54.94,2.12,227.84,normal
2025-06-21T00:00:00,M-101,55.61,2.15,231.77,normal
2025-06-21T01:00:00,M-101,56.83,2.38,230.23,normal
2025-06-21T02:00:00,M-101,52.8,2.39,229.24,normal
2025-06-21T03:00:00,M-101,54.39,2.36,230.67,normal
2025-06-21T04:00:00,M-101,53.72,2.15,229.53,normal
2025-06-21T05:00:00,M-101,54.79,2.02,232.18,normal
2025-06-21T06:00:00,M-101,54.81,2.29,231.54,normal
2025-06-21T07:00:00,M-101,57.55,2.3,228.88,normal
2025-06-21T08:00:00,M-101,54.45,2.33,232.43,normal
2025-06-21T09:00:00,M-101,53.23,2.48,229.13,normal
2025-06-21T10:00:00,M-101,54.75,2.13,230.85,normal
2025-06-21T11:00:00,M-101,54.74,2.19,228.59,normal
2025-06-21T12:00:00,M-101,56.71,2.25,229.9,normal
2025-06-21T13:00:00,M-101,57.51,2.29,232.02,normal
2025-06-21T14:00:00,M-101,54.66,2.22,229.74,normal
2025-06-21T15:00:00,M-101,56.01,2.24,227.45,normal
2025-06-21T16:00:00,M-101,55.66,2.16,230.35,normal
2025-06-21T17:00:00,M-101,56.13,2.16,230.92,normal
2025-06-21T18:00:00,M-101,55.0,2.18,229.22,normal
2025-06-21T19:00:00,M-101,54.85,2.15,231.15,normal
2025-06-21T20:00:00,M-101,52.24,2.28,229.86,normal
2025-06-21T21:00:00,M-101,53.73,2.31,229.93,normal
2025-06-21T22:00:00,M-101,55.65,2.4,230.3,normal
2025-06-21T23:00:00,M-101,53.09,1.96,229.89,normal
2025-06-22T00:00:00,M-101,53.55,2.52,229.84,normal
2025-06-22T01:00:00,M-101,52.85,1.87,229.17,normal
2025-06-22T02:00:00,M-101,52.11,2.27,226.55,normal
2025-06-22T03:00:00,M-101,56.03,2.13,231.65,normal
2025-06-22T04:00:00,M-101,53.59,2.13,231.61,normal
2025-06-22T05:00:00,M-101,53.06,2.3,232.13,normal
2025-06-22T06:00:00,M-101,53.79,2.18,232.45,normal
2025-06-22T07:00:00,M-101,56.75,2.44,229.83,normal
2025-06-22T08:00:00,M-101,54.55,2.17,229.42,normal
2025-06-22T09:00:00,M-101,55.97,2.32,230.75,normal
2025-06-22T10:00:00,M-101,54.17,2.32,230.72,normal
2025-06-22T11:00:00,M-101,55.27,2.38,229.43,normal
2025-06-22T12:00:00,M-101,55.14,2.36,228.87,normal
2025-06-22T13:00:00,M-101,56.05,2.31,232.22,normal
2025-06-22T14:00:00,M-101,56.54,2.11,232.67,normal
2025-06-22T15:00:00,M-101,54.45,2.02,229.58,normal
2025-06-22T16:00:00,M-101,54.58,2.07,231.46,normal
2025-06-22T17:00:00,M-101,55.61,2.29,227.95,normal
2025-06-22T18:00:00,M-101,57.18,2.27,231.74,normal
2025-06-22T19:00:00,M-101,55.42,2.26,231.14,normal
2025-06-22T20:00:00,M-101,55.2,2.41,229.24,normal
2025-06-22T21:00:00,M-101,52.58,2.15,229.98,normal
2025-06-22T22:00:00,M-101,55.49,2.21,230.65,normal
2025-06-22T23:00:00,M-101,55.54,2.18,230.82,normal
2025-06-23T00:00:00,M-101,55.67,2.09,227.39,normal
2025-06-23T01:00:00,M-101,55.27,2.27,231.6,normal
2025-06-23T02:00:00,M-101,56.34,2.24,231.75,normal
2025-06-23T03:00:00,M-101,54.32,2.13,232.01,normal
2025-06-23T04:00:00,M-101,53.59,2.2,228.45,normal
2025-06-23T05:00:00,M-101,53.57,2.52,227.39,normal
2025-06-23T06:00:00,M-101,57.12,2.13,228.9,normal
2025-06-23T07:00:00,M-101,53.04,2.23,230.93,normal
2025-06-23T08:00:00,M-101,55.71,2.07,232.46,normal
2025-06-23T09:00:00,M-101,55.26,2.28,230.89,normal
2025-06-23T10:00:00,M-101,55.68,2.15,230.55,normal
2025-06-23T11:00:00,M-101,54.16,2.24,228.59,normal
2025-06-23T12:00:00,M-101,53.32,2.11,229.79,normal
2025-06-23T13:00:00,M-101,54.2,2.16,229.2,normal
2025-06-23T14:00:00,M-101,55.07,2.46,230.89,normal
2025-06-23T15:00:00,M-101,56.02,2.35,231.3,normal
2025-06-23T16:00:00,M-101,55.51,2.33,231.61,normal
2025-06-23T17:00:00,M-101,54.83,2.16,230.0,normal
2025-06-23T18:00:00,M-101,54.95,2.27,229.37,normal
2025-06-23T19:00:00,M-101,54.53,2.24,230.75,normal
2025-06-23T20:00:00,M-101,54.9,1.98,229.66,normal
2025-06-23T21:00:00,M-101,56.01,2.17,231.86,normal
2025-06-23T22:00:00,M-101,54.42,2.17,231.2,normal
2025-06-23T23:00:00,M-101,56.38,2.16,232.18,normal
2025-06-24T00:00:00,M-101,55.25,2.26,232.68,normal
2025-06-24T01:00:00,M-101,56.01,2.17,229.93,normal
2025-06-24T02:00:00,M-101,53.95,2.37,230.55,normal
2025-06-24T03:00:00,M-101,57.22,2.38,230.06,normal
2025-06-24T04:00:00,M-101,54.31,2.16,231.88,normal
2025-06-24T05:00:00,M-101,54.88,2.37,231.84,normal
2025-06-24T06:00:00,M-101,56.79,2.24,231.09,normal
2025-06-24T07:00:00,M-101,53.53,2.25,230.08,normal
2025-06-24T08:00:00,M-101,56.12,1.95,229.58,normal
2025-06-24T09:00:00,M-101,57.73,2.23,229.34,normal
2025-06-24T10:00:00,M-101,55.15,2.18,229.54,normal
2025-06-24T11:00:00,M-101,55.73,2.24,231.71,normal
2025-06-24T12:00:00,M-101,57.99,2.31,230.56,normal
2025-06-24T13:00:00,M-101,56.76,2.0,232.69,normal
2025-06-24T14:00:00,M-101,53.7,2.13,230.13,normal
2025-06-24T15:00:00,M-101,53.46,2.11,230.28,normal
2025-06-24T16:00:00,M-101,55.52,2.0,225.64,normal
2025-06-24T17:00:00,M-101,55.81,1.96,230.55,normal
2025-06-24T18:00:00,M-101,55.59,2.32,229.21,normal
2025-06-24T19:00:00,M-101,54.32,2.66,229.89,normal
2025-06-24T20:00:00,M-101,53.83,2.01,229.66,normal
2025-06-24T21:00:00,M-101,57.05,2.31,228.72,normal
2025-06-24T22:00:00,M-101,53.4,2.11,230.0,normal
2025-06-24T23:00:00,M-101,55.37,2.28,231.67,normal
2025-06-25T00:00:00,M-101,53.46,1.98,229.9,normal
2025-06-25T01:00:00,M-101,55.72,2.12,230.43,normal
2025-06-25T02:00:00,M-101,54.92,2.37,229.72,normal
2025-06-25T03:00:00,M-101,54.48,2.28,231.5,normal
2025-06-25T04:00:00,M-101,54.26,2.19,228.97,normal
2025-06-25T05:00:00,M-101,53.69,2.56,229.14,normal
2025-06-25T06:00:00,M-101,54.64,2.15,228.82,normal
2025-06-25T07:00:00,M-101,54.87,2.19,230.59,normal
2025-06-25T08:00:00,M-101,54.37,2.0,229.83,normal
2025-06-25T09:00:00,M-101,55.86,2.39,229.91,normal
2025-06-25T10:00:00,M-101,54.71,2.09,232.23,normal
2025-06-25T11:00:00,M-101,54.32,2.13,229.96,normal
2025-06-25T12:00:00,M-101,54.75,2.21,230.65,normal
2025-06-25T13:00:00,M-101,57.03,2.28,230.65,normal
2025-06-25T14:00:00,M-101,53.29,2.53,230.8,normal
2025-06-25T15:00:00,M-101,56.07,2.16,229.91,normal
2025-06-25T16:00:00,M-101,54.58,2.18,229.44,normal
2025-06-25T17:00:00,M-101,55.96,2.36,229.97,normal
2025-06-25T18:00:00,M-101,54.67,2.33,229.72,normal
2025-06-25T19:00:00,M-101,55.68,2.11,232.11,normal
2025-06-25T20:00:00,M-101,54.48,2.29,232.56,normal
2025-06-25T21:00:00,M-101,55.5,2.16,231.14,normal
2025-06-25T22:00:00,M-101,56.83,1.88,229.46,normal
2025-06-25T23:00:00,M-101,54.86,2.33,227.82,normal
2025-06-26T00:00:00,M-101,55.98,2.21,230.87,normal
2025-06-26T01:00:00,M-101,53.83,2.39,233.89,normal
2025-06-26T02:00:00,M-101,55.18,2.29,228.49,normal
2025-06-26T03:00:00,M-101,51.68,2.19,229.71,normal
2025-06-26T04:00:00,M-101,55.83,2.21,228.07,normal
2025-06-26T05:00:00,M-101,52.39,2.37,231.48,normal
2025-06-26T06:00:00,M-101,54.87,2.17,231.07,normal
2025-06-26T07:00:00,M-101,54.4,2.01,231.89,normal
2025-06-26T08:00:00,M-101,53.38,2.14,231.96,normal
2025-06-26T09:00:00,M-101,55.59,2.37,232.25,normal
2025-06-26T10:00:00,M-101,55.26,1.99,227.48,normal
2025-06-26T11:00:00,M-101,52.4,2.31,227.91,normal
2025-06-26T12:00:00,M-101,54.88,2.22,230.55,normal
2025-06-26T13:00:00,M-101,55.0,2.39,230.54,normal
2025-06-26T14:00:00,M-101,56.3,2.19,230.07,normal
2025-06-26T15:00:00,M-101,55.23,2.28,231.21,normal
2025-06-26T16:00:00,M-101,54.45,2.3,234.16,normal
2025-06-26T17:00:00,M-101,51.83,2.3,229.87,normal
2025-06-26T18:00:00,M-101,54.77,2.12,228.28,normal
2025-06-26T19:00:00,M-101,55.33,2.1,232.41,normal
2025-06-26T20:00:00,M-101,55.41,2.47,230.21,normal
2025-06-26T21:00:00,M-101,53.32,2.27,230.35,normal
2025-06-26T22:00:00,M-101,56.05,1.84,230.15,normal
2025-06-26T23:00:00,M-101,56.77,2.22,226.98,normal
2025-06-27T00:00:00,M-101,55.53,2.28,232.13,normal
2025-06-27T01:00:00,M-101,55.71,2.05,231.81,normal
2025-06-27T02:00:00,M-101,55.87,2.38,229.77,normal
2025-06-27T03:00:00,M-101,56.28,1.89,228.02,normal
2025-06-27T04:00:00,M-101,55.75,2.44,230.89,normal
2025-06-27T05:00:00,M-101,55.23,2.18,229.41,normal
2025-06-27T06:00:00,M-101,56.36,1.94,230.45,normal
2025-06-27T07:00:00,M-101,56.84,1.95,226.67,normal
2025-06-27T08:00:00,M-101,53.85,2.2,230.85,normal
2025-06-27T09:00:00,M-101,54.35,2.32,229.26,normal
2025-06-27T10:00:00,M-101,53.1,2.36,230.04,normal
2025-06-27T11:00:00,M-101,54.23,1.96,226.23,normal
2025-06-27T12:00:00,M-101,53.76,2.31,228.67,normal
2025-06-27T13:00:00,M-101,53.41,2.09,230.93,normal
2025-06-27T14:00:00,M-101,55.74,2.39,228.73,normal
2025-06-27T15:00:00,M-101,56.85,2.44,230.69,normal
2025-06-27T16:00:00,M-101,56.29,2.46,230.62,normal
2025-06-27T17:00:00,M-101,53.99,2.28,230.6,normal
2025-06-27T18:00:00,M-101,55.87,2.6,230.11,normal
2025-06-27T19:00:00,M-101,54.75,2.39,230.1,normal
2025-06-27T20:00:00,M-101,53.54,2.25,231.55,normal
2025-06-27T21:00:00,M-101,53.08,2.46,232.96,normal
2025-06-27T22:00:00,M-101,53.69,2.24,230.65,normal
2025-06-27T23:00:00,M-101,55.72,2.25,231.12,normal
2025-06-28T00:00:00,M-101,54.11,2.17,229.91,normal
2025-06-28T01:00:00,M-101,55.58,2.5,231.39,normal
2025-06-28T02:00:00,M-101,53.78,2.26,232.93,normal
2025-06-28T03:00:00,M-101,57.52,2.46,230.21,normal
2025-06-28T04:00:00,M-101,55.95,2.23,228.35,normal
2025-06-28T05:00:00,M-101,55.12,2.14,228.13,normal
2025-06-28T06:00:00,M-101,54.87,2.15,229.68,normal
2025-06-28T07:00:00,M-101,55.93,2.04,230.18,normal
2025-06-28T08:00:00,M-101,55.49,2.25,230.47,normal
2025-06-28T09:00:00,M-101,55.15,1.97,226.92,normal
2025-06-28T10:00:00,M-101,54.34,2.14,228.65,normal
2025-06-28T11:00:00,M-101,54.1,2.14,232.65,normal
2025-06-28T12:00:00,M-101,54.92,2.33,231.07,normal
2025-06-28T13:00:00,M-101,55.25,2.35,229.2,normal
2025-06-28T14:00:00,M-101,54.82,2.03,229.86,normal
2025-06-28T15:00:00,M-101,56.12,2.07,229.93,normal
2025-06-28T16:00:00,M-101,54.73,2.2,229.44,normal
2025-06-28T17:00:00,M-101,55.39,2.02,230.25,normal
2025-06-28T18:00:00,M-101,57.06,2.04,231.28,normal
2025-06-28T19:00:00,M-101,54.19,2.12,232.79,normal
2025-06-28T20:00:00,M-101,55.86,2.3,232.54,normal
2025-06-28T21:00:00,M-101,55.83,2.19,226.58,normal
2025-06-28T22:00:00,M-101,55.9,2.46,229.39,normal
2025-06-28T23:00:00,M-101,53.58,1.95,230.94,normal
2025-06-29T00:00:00,M-101,52.14,2.26,231.28,normal
2025-06-29T01:00:00,M-101,54.48,2.05,229.62,normal
2025-06-29T02:00:00,M-101,56.92,2.03,228.83,normal
2025-06-29T03:00:00,M-101,55.67,2.11,232.02,normal
2025-06-29T04:00:00,M-101,54.15,2.02,227.78,normal
2025-06-29T05:00:00,M-101,54.76,2.37,230.07,normal
2025-06-29T06:00:00,M-101,54.33,1.97,230.43,normal
2025-06-29T07:00:00,M-101,54.21,2.55,228.24,normal
2025-06-29T08:00:00,M-101,53.38,2.01,230.32,normal
2025-06-29T09:00:00,M-101,55.73,2.24,231.81,normal
2025-06-29T10:00:00,M-101,55.87,2.11,232.58,normal
2025-06-29T11:00:00,M-101,54.08,2.24,230.1,normal
2025-06-29T12:00:00,M-101,56.41,2.2,230.54,normal
2025-06-29T13:00:00,M-101,52.65,2.19,230.25,normal
2025-06-29T14:00:00,M-101,56.86,1.94,228.22,normal
2025-06-29T15:00:00,M-101,56.04,2.55,230.26,normal
2025-06-29T16:00:00,M-101,52.47,1.93,229.47,normal
2025-06-29T17:00:00,M-101,53.95,2.28,231.63,normal
2025-06-29T18:00:00,M-101,55.98,2.06,228.97,normal
2025-06-29T19:00:00,M-101,54.79,2.27,230.88,normal
2025-06-29T20:00:00,M-101,54.55,2.36,231.12,normal
2025-06-29T21:00:00,M-101,54.66,2.23,232.44,normal
2025-06-29T22:00:00,M-101,55.81,2.16,229.53,normal
2025-06-29T23:00:00,M-101,56.18,2.26,230.25,normal
2025-04-01T00:00:00,M-102,54.15,2.16,230.28,normal
2025-04-01T01:00:00,M-102,57.16,2.01,230.22,normal
2025-04-01T02:00:00,M-102,53.9,1.99,233.5,normal
2025-04-01T03:00:00,M-102,53.49,2.39,231.59,normal
2025-04-01T04:00:00,M-102,55.6,2.21,229.97,normal
2025-04-01T05:00:00,M-102,55.63,2.26,230.89,normal
2025-04-01T06:00:00,M-102,55.81,1.96,228.1,normal
2025-04-01T07:00:00,M-102,54.99,2.2,227.99,normal
2025-04-01T08:00:00,M-102,56.18,2.28,230.5,normal
2025-04-01T09:00:00,M-102,56.29,2.3,229.86,normal
2025-04-01T10:00:00,M-102,54.3,2.38,229.31,normal
2025-04-01T11:00:00,M-102,54.14,2.06,231.08,normal
2025-04-01T12:00:00,M-102,55.35,2.18,231.48,normal
2025-04-01T13:00:00,M-102,54.03,2.33,229.25,normal
2025-04-01T14:00:00,M-102,54.85,2.17,230.37,normal
2025-04-01T15:00:00,M-102,56.71,2.11,231.59,normal
2025-04-01T16:00:00,M-102,56.53,2.18,229.06,normal
2025-04-01T17:00:00,M-102,53.65,2.19,234.38,normal
2025-04-01T18:00:00,M-102,54.81,2.22,228.62,normal
2025-04-01T19:00:00,M-102,55.56,2.24,231.53,normal
2025-04-01T20:00:00,M-102,57.56,2.36,228.78,normal
2025-04-01T21:00:00,M-102,54.87,2.01,229.41,normal
2025-04-01T22:00:00,M-102,53.32,2.38,226.74,normal
2025-04-01T23:00:00,M-102,55.75,2.22,227.71,normal
2025-04-02T00:00:00,M-102,55.98,2.4,232.72,normal
2025-04-02T01:00:00,M-102,54.72,2.32,230.33,normal
2025-04-02T02:00:00,M-102,56.77,2.2,231.73,normal
2025-04-02T03:00:00,M-102,53.8,2.1,228.39,normal
2025-04-02T04:00:00,M-102,54.81,2.01,230.26,normal
2025-04-02T05:00:00,M-102,54.33,1.99,230.39,normal
2025-04-02T06:00:00,M-102,56.4,2.28,230.55,normal
2025-04-02T07:00:00,M-102,54.74,2.18,227.62,normal
2025-04-02T08:00:00,M-102,57.41,1.95,228.68,normal
2025-04-02T09:00:00,M-102,53.77,2.04,230.26,normal
2025-04-02T10:00:00,M-102,54.13,2.12,230.57,normal
2025-04-02T11:00:00,M-102,53.56,2.03,230.72,normal
2025-04-02T12:00:00,M-102,54.42,1.92,230.94,normal
2025-04-02T13:00:00,M-102,53.27,2.2,230.04,normal
2025-04-02T14:00:00,M-102,55.37,2.24,229.4,normal
2025-04-02T15:00:00,M-102,54.98,1.95,230.42,normal
2025-04-02T16:00:00,M-102,52.73,2.31,228.9,normal
2025-04-02T17:00:00,M-102,56.07,2.19,230.79,normal
2025-04-02T18:00:00,M-102,54.45,2.16,230.74,normal
2025-04-02T19:00:00,M-102,55.8,2.14,225.87,normal
2025-04-02T20:00:00,M-102,55.18,2.31,231.94,normal
2025-04-02T21:00:00,M-102,54.7,2.36,224.59,normal
2025-04-02T22:00:00,M-102,54.51,2.1,233.15,normal
2025-04-02T23:00:00,M-102,54.71,2.59,230.07,normal
2025-04-03T00:00:00,M-102,54.48,2.11,228.75,normal
2025-04-03T01:00:00,M-102,55.16,2.22,228.5,normal
2025-04-03T02:00:00,M-102,57.16,2.36,229.55,normal
2025-04-03T03:00:00,M-102,55.65,2.18,229.25,normal
2025-04-03T04:00:00,M-102,53.97,2.1,232.7,normal
2025-04-03T05:00:00,M-102,57.06,2.18,229.52,normal
2025-04-03T06:00:00,M-102,56.39,2.07,231.14,normal
2025-04-03T07:00:00,M-102,53.15,2.26,231.14,normal
2025-04-03T08:00:00,M-102,56.03,2.44,231.85,normal
2025-04-03T09:00:00,M-102,54.49,1.99,226.45,normal
2025-04-03T10:00:00,M-102,53.72,2.18,229.15,normal
2025-04-03T11:00:00,M-102,58.44,2.27,230.68,normal
2025-04-03T12:00:00,M-102,55.17,2.17,230.59,normal
2025-04-03T13:00:00,M-102,56.39,2.21,231.47,normal
2025-04-03T14:00:00,M-102,56.76,2.24,231.11,normal
2025-04-03T15:00:00,M-102,55.45,2.39,231.38,normal
2025-04-03T16:00:00,M-102,55.31,2.39,231.9,normal
2025-04-03T17:00:00,M-102,55.32,2.02,232.74,normal
2025-04-03T18:00:00,M-102,55.35,2.32,230.36,normal
2025-04-03T19:00:00,M-102,54.69,2.03,230.1,normal
2025-04-03T20:00:00,M-102,54.81,2.29,229.63,normal
2025-04-03T21:00:00,M-102,55.0,2.32,230.07,normal
2025-04-03T22:00:00,M-102,54.33,2.28,229.62,normal
2025-04-03T23:00:00,M-102,53.79,2.04,228.73,normal
2025-04-04T00:00:00,M-102,54.32,1.86,227.86,normal
2025-04-04T01:00:00,M-102,54.31,2.14,229.79,normal
2025-04-04T02:00:00,M-102,55.74,2.04,232.4,normal
2025-04-04T03:00:00,M-102,55.48,1.84,229.97,normal
2025-04-04T04:00:00,M-102,53.83,2.28,232.73,normal
2025-04-04T05:00:00,M-102,53.32,2.22,228.39,normal
2025-04-04T06:00:00,M-102,53.22,2.3,231.33,normal
2025-04-04T07:00:00,M-102,54.2,2.14,228.16,normal
2025-04-04T08:00:00,M-102,54.21,2.17,229.77,normal
2025-04-04T09:00:00,M-102,55.9,2.23,229.97,normal
2025-04-04T10:00:00,M-102,55.16,2.3,230.9,normal
2025-04-04T11:00:00,M-102,53.36,2.17,230.67,normal
2025-04-04T12:00:00,M-102,54.08,1.98,228.5,normal
2025-04-04T13:00:00,M-102,53.52,2.17,229.79,normal
2025-04-04T14:00:00,M-102,55.68,1.91,230.73,normal
2025-04-04T15:00:00,M-102,56.02,2.61,229.58,normal
2025-04-04T16:00:00,M-102,55.94,1.94,231.68,normal
2025-04-04T17:00:00,M-102,57.04,2.24,229.1,normal
2025-04-04T18:00:00,M-102,56.87,2.06,232.77,normal
2025-04-04T19:00:00,M-102,53.71,2.28,230.5,normal
2025-04-04T20:00:00,M-102,55.25,2.11,228.47,normal
2025-04-04T21:00:00,M-102,56.73,2.27,228.67,normal
2025-04-04T22:00:00,M-102,53.42,2.32,232.11,normal
2025-04-04T23:00:00,M-102,54.95,2.14,230.91,normal
2025-04-05T00:00:00,M-102,55.63,2.39,229.8,normal
2025-04-05T01:00:00,M-102,54.16,2.19,227.96,normal
2025-04-05T02:00:00,M-102,53.68,2.12,229.78,normal
2025-04-05T03:00:00,M-102,55.11,1.99,229.48,normal
2025-04-05T04:00:00,M-102,57.45,1.94,229.47,normal
2025-04-05T05:00:00,M-102,54.43,2.3,228.8,normal
2025-04-05T06:00:00,M-102,57.81,2.12,230.41,normal
2025-04-05T07:00:00,M-102,55.21,2.41,230.69,normal
2025-04-05T08:00:00,M-102,53.32,2.21,229.09,normal
2025-04-05T09:00:00,M-102,56.43,2.28,230.57,normal
2025-04-05T10:00:00,M-102,54.91,2.09,231.64,normal
2025-04-05T11:00:00,M-102,56.14,2.55,229.63,normal
2025-04-05T12:00:00,M-102,56.4,2.04,230.87,normal
2025-04-05T13:00:00,M-102,55.03,2.04,229.09,normal
2025-04-05T14:00:00,M-102,55.16,2.17,229.59,normal
2025-04-05T15:00:00,M-102,54.67,2.2,229.35,normal
2025-04-05T16:00:00,M-102,52.94,2.22,232.67,normal
2025-04-05T17:00:00,M-102,54.8,2.23,228.76,normal
2025-04-05T18:00:00,M-102,54.04,2.06,227.98,normal
2025-04-05T19:00:00,M-102,55.05,2.06,230.5,normal
2025-04-05T20:00:00,M-102,55.14,1.98,233.39,normal
2025-04-05T21:00:00,M-102,54.57,2.22,229.31,normal
2025-04-05T22:00:00,M-102,53.59,2.2,230.82,normal
2025-04-05T23:00:00,M-102,52.45,2.21,230.21,normal
2025-04-06T00:00:00,M-102,57.24,1.9,228.93,normal
2025-04-06T01:00:00,M-102,56.38,2.09,230.97,normal
2025-04-06T02:00:00,M-102,53.8,2.03,231.16,normal
2025-04-06T03:00:00,M-102,54.33,2.04,230.06,normal
2025-04-06T04:00:00,M-102,56.44,2.18,233.43,normal
2025-04-06T05:00:00,M-102,53.44,2.45,230.46,normal
2025-04-06T06:00:00,M-102,56.07,2.31,229.58,normal
2025-04-06T07:00:00,M-102,54.65,2.0,228.91,normal
2025-04-06T08:00:00,M-102,54.14,2.35,229.31,normal
2025-04-06T09:00:00,M-102,55.42,2.19,233.57,normal
2025-04-06T10:00:00,M-102,54.02,2.06,230.97,normal
2025-04-06T11:00:00,M-102,52.85,2.21,228.48,normal
2025-04-06T12:00:00,M-102,53.97,2.17,233.14,normal
2025-04-06T13:00:00,M-102,56.07,2.33,230.7,normal
2025-04-06T14:00:00,M-102,55.62,2.1,230.26,normal
2025-04-06T15:00:00,M-102,54.87,2.3,231.32,normal
2025-04-06T16:00:00,M-102,53.6,2.0,232.21,normal
2025-04-06T17:00:00,M-102,53.65,2.38,234.27,normal
2025-04-06T18:00:00,M-102,56.29,2.25,229.81,normal
2025-04-06T19:00:00,M-102,55.21,2.34,234.57,normal
2025-04-06T20:00:00,M-102,56.08,2.17,232.46,normal
2025-04-06T21:00:00,M-102,55.0,2.4,230.42,normal
2025-04-06T22:00:00,M-102,55.27,2.32,229.79,normal
2025-04-06T23:00:00,M-102,54.2,2.19,230.13,normal
2025-04-07T00:00:00,M-102,54.56,2.32,230.51,normal
2025-04-07T01:00:00,M-102,55.36,2.15,230.34,normal
2025-04-07T02:00:00,M-102,55.85,2.15,229.63,normal
2025-04-07T03:00:00,M-102,55.32,2.24,229.1,normal
2025-04-07T04:00:00,M-102,56.02,2.27,232.86,normal
2025-04-07T05:00:00,M-102,53.6,2.01,230.41,normal
2025-04-07T06:00:00,M-102,57.32,2.34,230.03,normal
2025-04-07T07:00:00,M-102,54.1,2.25,229.25,normal
2025-04-07T08:00:00,M-102,54.02,2.21,228.96,normal
2025-04-07T09:00:00,M-102,54.62,2.09,229.69,normal
2025-04-07T10:00:00,M-102,55.59,2.21,230.39,normal
2025-04-07T11:00:00,M-102,53.73,1.98,229.83,normal
2025-04-07T12:00:00,M-102,54.97,2.3,227.9,normal
2025-04-07T13:00:00,M-102,56.09,2.18,228.35,normal
2025-04-07T14:00:00,M-102,54.28,2.13,232.03,normal
2025-04-07T15:00:00,M-102,54.45,2.25,228.64,normal
2025-04-07T16:00:00,M-102,53.34,2.09,227.52,normal
2025-04-07T17:00:00,M-102,54.59,2.16,232.6,normal
2025-04-07T18:00:00,M-102,54.4,2.36,230.95,normal
2025-04-07T19:00:00,M-102,55.96,2.23,229.76,normal
2025-04-07T20:00:00,M-102,55.57,2.37,228.75,normal
2025-04-07T21:00:00,M-102,53.47,2.11,227.79,normal
2025-04-07T22:00:00,M-102,54.45,2.15,228.83,normal
2025-04-07T23:00:00,M-102,54.73,2.38,230.06,normal
2025-04-08T00:00:00,M-102,56.33,2.17,230.13,normal
2025-04-08T01:00:00,M-102,53.33,2.38,230.44,normal
2025-04-08T02:00:00,M-102,56.74,2.18,229.04,normal
2025-04-08T03:00:00,M-102,57.49,2.03,226.95,normal
2025-04-08T04:00:00,M-102,55.92,2.04,228.19,normal
2025-04-08T05:00:00,M-102,55.3,2.08,232.66,normal
2025-04-08T06:00:00,M-102,57.52,2.52,229.14,normal
2025-04-08T07:00:00,M-102,56.09,2.1,229.18,normal
2025-04-08T08:00:00,M-102,54.69,2.17,230.48,normal
2025-04-08T09:00:00,M-102,54.59,2.41,227.88,normal
2025-04-08T10:00:00,M-102,55.46,1.96,230.75,normal
2025-04-08T11:00:00,M-102,56.43,2.43,230.94,normal
2025-04-08T12:00:00,M-102,55.19,2.1,229.39,normal
2025-04-08T13:00:00,M-102,55.18,2.08,227.98,normal
2025-04-08T14:00:00,M-102,56.54,2.28,230.68,normal
2025-04-08T15:00:00,M-102,54.48,2.3,229.34,normal
2025-04-08T16:00:00,M-102,55.5,2.21,230.04,normal
2025-04-08T17:00:00,M-102,54.22,2.3,228.76,normal
2025-04-08T18:00:00,M-102,56.92,2.34,229.63,normal
2025-04-08T19:00:00,M-102,55.56,2.33,230.03,normal
2025-04-08T20:00:00,M-102,53.64,2.24,229.46,normal
2025-04-08T21:00:00,M-102,54.76,2.51,230.05,normal
2025-04-08T22:00:00,M-102,53.29,2.31,231.59,normal
2025-04-08T23:00:00,M-102,54.01,2.19,228.94,normal
2025-04-09T00:00:00,M-102,55.34,2.37,233.98,normal
2025-04-09T01:00:00,M-102,54.72,2.22,232.11,normal
2025-04-09T02:00:00,M-102,54.72,2.34,229.03,normal
2025-04-09T03:00:00,M-102,58.86,2.08,231.12,normal
2025-04-09T04:00:00,M-102,56.99,2.35,232.42,normal
2025-04-09T05:00:00,M-102,56.15,2.21,231.1,normal
2025-04-09T06:00:00,M-102,56.08,2.24,231.37,normal
2025-04-09T07:00:00,M-102,54.69,2.08,232.15,normal
2025-04-09T08:00:00,M-102,55.25,2.45,232.89,normal
2025-04-09T09:00:00,M-102,54.51,2.45,230.66,normal
2025-04-09T10:00:00,M-102,55.52,1.94,229.37,normal
2025-04-09T11:00:00,M-102,54.73,2.11,228.23,normal
2025-04-09T12:00:00,M-102,52.96,2.22,230.6,normal
2025-04-09T13:00:00,M-102,56.06,1.98,227.64,normal
2025-04-09T14:00:00,M-102,57.5,2.18,229.88,normal
2025-04-09T15:00:00,M-102,56.25,2.04,229.74,normal
2025-04-09T16:00:00,M-102,56.01,2.27,231.32,normal
2025-04-09T17:00:00,M-102,54.51,2.43,227.83,normal
2025-04-09T18:00:00,M-102,52.34,2.17,230.21,normal
2025-04-09T19:00:00,M-102,54.98,1.89,227.99,normal
2025-04-09T20:00:00,M-102,54.58,2.33,231.79,normal
2025-04-09T21:00:00,M-102,57.02,2.01,229.22,normal
2025-04-09T22:00:00,M-102,52.9,2.02,228.12,normal
2025-04-09T23:00:00,M-102,54.84,2.07,230.44,normal
2025-04-10T00:00:00,M-102,56.7,2.16,229.35,normal
2025-04-10T01:00:00,M-102,55.02,2.17,229.65,normal
2025-04-10T02:00:00,M-102,54.19,2.22,229.17,normal
2025-04-10T03:00:00,M-102,55.53,2.23,231.59,normal
2025-04-10T04:00:00,M-102,55.67,2.28,229.87,normal
2025-04-10T05:00:00,M-102,54.45,2.29,228.73,normal
2025-04-10T06:00:00,M-102,55.49,2.45,228.98,normal
2025-04-10T07:00:00,M-102,55.8,2.29,230.01,normal
2025-04-10T08:00:00,M-102,56.29,2.13,228.16,normal
2025-04-10T09:00:00,M-102,55.64,2.27,230.46,normal
2025-04-10T10:00:00,M-102,56.1,2.04,228.75,normal
2025-04-10T11:00:00,M-102,57.17,2.16,231.58,normal
2025-04-10T12:00:00,M-102,55.51,1.91,229.19,normal
2025-04-10T13:00:00,M-102,58.34,2.23,231.14,normal
2025-04-10T14:00:00,M-102,53.46,2.18,228.37,normal
2025-04-10T15:00:00,M-102,54.66,2.22,228.88,normal
2025-04-10T16:00:00,M-102,53.35,2.29,230.89,normal
2025-04-10T17:00:00,M-102,54.42,2.1,231.34,normal
2025-04-10T18:00:00,M-102,54.84,2.38,231.02,normal
2025-04-10T19:00:00,M-102,54.68,2.35,227.25,normal
2025-04-10T20:00:00,M-102,53.89,2.21,231.4,normal
2025-04-10T21:00:00,M-102,56.02,2.28,228.78,normal
2025-04-10T22:00:00,M-102,54.93,2.48,231.06,normal
2025-04-10T23:00:00,M-102,56.29,2.22,228.22,normal
2025-04-11T00:00:00,M-102,54.57,2.4,228.85,normal
2025-04-11T01:00:00,M-102,56.53,2.28,227.41,normal
2025-04-11T02:00:00,M-102,55.09,2.12,229.72,normal
2025-04-11T03:00:00,M-102,56.77,1.99,227.61,normal
2025-04-11T04:00:00,M-102,54.61,2.22,230.42,normal
2025-04-11T05:00:00,M-102,55.17,2.07,229.68,normal
2025-04-11T06:00:00,M-102,57.55,2.28,231.27,normal
2025-04-11T07:00:00,M-102,55.44,2.24,227.75,normal
2025-04-11T08:00:00,M-102,55.6,2.58,227.36,normal
2025-04-11T09:00:00,M-102,55.73,2.01,231.02,normal
2025-04-11T10:00:00,M-102,55.4,2.19,228.17,normal
2025-04-11T11:00:00,M-102,54.34,2.4,229.59,normal
2025-04-11T12:00:00,M-102,54.95,2.28,229.15,normal
2025-04-11T13:00:00,M-102,54.76,1.98,233.05,normal
2025-04-11T14:00:00,M-102,55.33,2.29,229.14,normal
2025-04-11T15:00:00,M-102,53.76,2.31,229.27,normal
2025-04-11T16:00:00,M-102,55.06,2.05,233.36,normal
2025-04-11T17:00:00,M-102,54.9,2.25,231.36,normal
2025-04-11T18:00:00,M-102,53.67,2.23,228.07,normal
2025-04-11T19:00:00,M-102,54.0,2.33,231.75,normal
2025-04-11T20:00:00,M-102,55.55,2.06,229.86,normal
2025-04-11T21:00:00,M-102,55.91,2.14,229.52,normal
2025-04-11T22:00:00,M-102,55.24,2.32,229.07,normal
2025-04-11T23:00:00,M-102,53.17,2.12,229.77,normal
2025-04-12T00:00:00,M-102,54.74,2.24,231.67,normal
2025-04-12T01:00:00,M-102,54.97,2.26,229.04,normal
2025-04-12T02:00:00,M-102,54.89,2.28,228.26,normal
2025-04-12T03:00:00,M-102,56.18,2.07,229.58,normal
2025-04-12T04:00:00,M-102,55.66,2.29,230.11,normal
2025-04-12T05:00:00,M-102,54.26,2.49,229.85,normal
2025-04-12T06:00:00,M-102,55.04,2.21,230.2,normal
2025-04-12T07:00:00,M-102,54.68,2.11,228.45,normal
2025-04-12T08:00:00,M-102,53.65,2.3,232.48,normal
2025-04-12T09:00:00,M-102,55.22,2.22,229.65,normal
2025-04-12T10:00:00,M-102,54.54,2.48,230.28,normal
2025-04-12T11:00:00,M-102,55.63,2.35,225.72,normal
2025-04-12T12:00:00,M-102,55.79,2.19,230.15,normal
2025-04-12T13:00:00,M-102,55.13,2.3,230.91,normal
2025-04-12T14:00:00,M-102,56.95,2.14,230.63,normal
2025-04-12T15:00:00,M-102,56.09,2.12,229.74,normal
2025-04-12T16:00:00,M-102,55.73,2.23,229.87,normal
2025-04-12T17:00:00,M-102,55.32,2.6,229.36,normal
2025-04-12T18:00:00,M-102,53.74,2.23,227.32,normal
2025-04-12T19:00:00,M-102,54.25,1.91,231.8,normal
2025-04-12T20:00:00,M-102,55.93,2.17,226.7,normal
2025-04-12T21:00:00,M-102,53.58,2.04,234.38,normal
2025-04-12T22:00:00,M-102,53.21,2.2,231.24,normal
2025-04-12T23:00:00,M-102,55.68,2.14,229.15,normal
2025-04-13T00:00:00,M-102,56.19,2.17,227.62,normal
2025-04-13T01:00:00,M-102,54.15,2.11,232.16,normal
2025-04-13T02:00:00,M-102,54.78,1.94,229.43,normal
2025-04-13T03:00:00,M-102,55.99,2.06,229.18,normal
2025-04-13T04:00:00,M-102,53.47,2.23,230.04,normal
2025-04-13T05:00:00,M-102,54.33,2.22,230.76,normal
2025-04-13T06:00:00,M-102,54.19,2.19,230.92,normal
2025-04-13T07:00:00,M-102,54.65,1.96,230.83,normal
2025-04-13T08:00:00,M-102,54.9,2.26,230.28,normal
2025-04-13T09:00:00,M-102,56.86,1.99,232.93,normal
2025-04-13T10:00:00,M-102,55.57,2.31,228.65,normal
2025-04-13T11:00:00,M-102,55.04,2.18,230.67,normal
2025-04-13T12:00:00,M-102,53.01,2.19,227.06,normal
2025-04-13T13:00:00,M-102,57.53,2.1,229.01,normal
2025-04-13T14:00:00,M-102,54.35,2.29,231.4,normal
2025-04-13T15:00:00,M-102,55.76,1.94,229.43,normal
2025-04-13T16:00:00,M-102,55.26,2.22,231.19,normal
2025-04-13T17:00:00,M-102,54.38,2.15,226.97,normal
2025-04-13T18:00:00,M-102,54.86,2.29,230.24,normal
2025-04-13T19:00:00,M-102,54.0,2.19,230.0,normal
2025-04-13T20:00:00,M-102,53.88,2.12,230.25,normal
2025-04-13T21:00:00,M-102,55.76,2.49,228.57,normal
2025-04-13T22:00:00,M-102,54.61,2.32,229.27,normal
2025-04-13T23:00:00,M-102,55.94,1.92,232.55,normal
2025-04-14T00:00:00,M-102,56.13,2.21,228.03,normal
2025-04-14T01:00:00,M-102,54.51,2.08,232.08,normal
2025-04-14T02:00:00,M-102,54.38,2.24,230.87,normal
2025-04-14T03:00:00,M-102,54.57,2.1,226.69,normal
2025-04-14T04:00:00,M-102,55.98,2.42,230.24,normal
2025-04-14T05:00:00,M-102,53.91,2.27,229.59,normal
2025-04-14T06:00:00,M-102,51.69,2.15,226.97,normal
2025-04-14T07:00:00,M-102,54.61,2.02,231.26,normal
2025-04-14T08:00:00,M-102,53.12,2.22,229.77,normal
2025-04-14T09:00:00,M-102,53.1,2.21,228.96,normal
2025-04-14T10:00:00,M-102,53.78,1.98,229.98,normal
2025-04-14T11:00:00,M-102,54.25,2.18,229.92,normal
2025-04-14T12:00:00,M-102,56.71,2.16,230.06,normal
2025-04-14T13:00:00,M-102,56.63,2.13,231.77,normal
2025-04-14T14:00:00,M-102,55.54,1.91,232.19,normal
2025-04-14T15:00:00,M-102,54.8,2.02,229.57,normal
2025-04-14T16:00:00,M-102,55.18,2.23,233.11,normal
2025-04-14T17:00:00,M-102,52.92,2.25,229.15,normal
2025-04-14T18:00:00,M-102,54.44,2.13,228.83,normal
2025-04-14T19:00:00,M-102,56.91,2.22,229.9,normal
2025-04-14T20:00:00,M-102,55.35,1.97,229.73,normal
2025-04-14T21:00:00,M-102,54.36,2.05,232.0,normal
2025-04-14T22:00:00,M-102,55.21,2.29,229.09,normal
2025-04-14T23:00:00,M-102,55.1,2.19,230.87,normal
2025-04-15T00:00:00,M-102,55.13,2.27,228.84,normal
2025-04-15T01:00:00,M-102,55.57,2.26,230.72,normal
2025-04-15T02:00:00,M-102,54.62,2.23,229.87,normal
2025-04-15T03:00:00,M-102,55.35,2.19,229.24,normal
2025-04-15T04:00:00,M-102,54.36,2.22,228.34,normal
2025-04-15T05:00:00,M-102,52.05,2.18,229.39,normal
2025-04-15T06:00:00,M-102,55.24,2.28,230.47,normal
2025-04-15T07:00:00,M-102,54.67,2.22,227.44,normal
2025-04-15T08:00:00,M-102,55.64,2.06,228.79,normal
2025-04-15T09:00:00,M-102,55.55,2.1,228.59,normal
2025-04-15T10:00:00,M-102,54.65,2.05,231.11,normal
2025-04-15T11:00:00,M-102,53.64,2.18,231.56,normal
2025-04-15T12:00:00,M-102,55.3,2.53,231.45,normal
2025-04-15T13:00:00,M-102,55.35,2.02,230.88,normal
2025-04-15T14:00:00,M-102,56.43,2.34,230.81,normal
2025-04-15T15:00:00,M-102,55.72,2.18,230.54,normal
2025-04-15T16:00:00,M-102,55.43,2.2,231.87,normal
2025-04-15T17:00:00,M-102,53.95,2.38,229.14,normal
2025-04-15T18:00:00,M-102,53.75,2.15,228.72,normal
2025-04-15T19:00:00,M-102,54.67,2.29,231.78,normal
2025-04-15T20:00:00,M-102,55.9,1.8,231.71,normal
2025-04-15T21:00:00,M-102,54.11,2.25,231.84,normal
2025-04-15T22:00:00,M-102,56.24,2.45,230.05,normal
2025-04-15T23:00:00,M-102,53.83,2.06,232.82,normal
2025-04-16T00:00:00,M-102,54.56,2.22,229.23,normal
2025-04-16T01:00:00,M-102,53.91,2.42,231.99,normal
2025-04-16T02:00:00,M-102,55.2,2.29,228.88,normal
2025-04-16T03:00:00,M-102,54.84,2.12,231.42,normal
2025-04-16T04:00:00,M-102,56.45,2.11,227.42,normal
2025-04-16T05:00:00,M-102,55.94,2.5,228.52,normal
2025-04-16T06:00:00,M-102,57.14,2.24,230.38,normal
2025-04-16T07:00:00,M-102,53.13,2.17,227.82,normal
2025-04-16T08:00:00,M-102,55.74,2.53,230.31,normal
2025-04-16T09:00:00,M-102,54.14,2.11,229.8,normal
2025-04-16T10:00:00,M-102,55.16,2.41,230.12,normal
2025-04-16T11:00:00,M-102,55.12,2.05,228.6,normal
2025-04-16T12:00:00,M-102,55.24,2.18,229.72,normal
2025-04-16T13:00:00,M-102,55.56,2.43,228.61,normal
2025-04-16T14:00:00,M-102,55.78,2.34,229.22,normal
2025-04-16T15:00:00,M-102,53.45,2.01,230.2,normal
2025-04-16T16:00:00,M-102,55.11,2.25,230.98,normal
2025-04-16T17:00:00,M-102,56.2,2.39,232.44,normal
2025-04-16T18:00:00,M-102,54.95,2.22,228.65,normal
2025-04-16T19:00:00,M-102,53.59,2.19,228.37,normal
2025-04-16T20:00:00,M-102,56.55,2.09,232.44,normal
2025-04-16T21:00:00,M-102,54.14,2.18,231.58,normal
2025-04-16T22:00:00,M-102,55.46,2.4,228.73,normal
2025-04-16T23:00:00,M-102,55.86,2.14,230.69,normal
2025-04-17T00:00:00,M-102,53.37,2.07,229.54,normal
2025-04-17T01:00:00,M-102,55.51,2.04,228.62,normal
2025-04-17T02:00:00,M-102,52.85,2.12,232.37,normal
2025-04-17T03:00:00,M-102,54.27,1.91,227.94,normal
2025-04-17T04:00:00,M-102,53.66,2.13,230.36,normal
2025-04-17T05:00:00,M-102,56.02,2.12,230.89,normal
2025-04-17T06:00:00,M-102,54.89,2.29,231.52,normal
2025-04-17T07:00:00,M-102,55.93,1.95,231.06,normal
2025-04-17T08:00:00,M-102,54.57,1.86,230.61,normal
2025-04-17T09:00:00,M-102,54.69,2.01,227.13,normal
2025-04-17T10:00:00,M-102,55.57,2.24,230.93,normal
2025-04-17T11:00:00,M-102,55.1,2.49,228.99,normal
2025-04-17T12:00:00,M-102,55.07,2.21,232.35,normal
2025-04-17T13:00:00,M-102,56.5,2.11,231.75,normal
2025-04-17T14:00:00,M-102,54.2,2.32,227.65,normal
2025-04-17T15:00:00,M-102,52.86,2.34,230.62,normal
2025-04-17T16:00:00,M-102,54.52,1.94,229.15,normal
2025-04-17T17:00:00,M-102,54.3,2.31,230.18,normal
2025-04-17T18:00:00,M-102,52.63,2.08,228.28,normal
2025-04-17T19:00:00,M-102,54.15,2.01,231.67,normal
2025-04-17T20:00:00,M-102,56.34,2.17,228.85,normal
2025-04-17T21:00:00,M-102,53.84,2.19,233.27,normal
2025-04-17T22:00:00,M-102,56.12,2.27,231.74,normal
2025-04-17T23:00:00,M-102,54.28,2.12,230.65,normal
2025-04-18T00:00:00,M-102,53.61,2.38,229.13,normal
2025-04-18T01:00:00,M-102,53.48,2.34,229.56,normal
2025-04-18T02:00:00,M-102,54.64,2.4,232.12,normal
2025-04-18T03:00:00,M-102,54.2,2.38,227.8,normal
2025-04-18T04:00:00,M-102,56.69,2.23,230.06,normal
2025-04-18T05:00:00,M-102,56.81,2.26,227.36,normal
2025-04-18T06:00:00,M-102,55.42,2.33,231.54,normal
2025-04-18T07:00:00,M-102,56.88,2.15,228.16,normal
2025-04-18T08:00:00,M-102,53.13,2.13,229.09,normal
2025-04-18T09:00:00,M-102,55.22,2.45,229.26,normal
2025-04-18T10:00:00,M-102,53.46,2.21,230.29,normal
2025-04-18T11:00:00,M-102,55.84,2.41,230.74,normal
2025-04-18T12:00:00,M-102,55.36,2.09,230.55,normal
2025-04-18T13:00:00,M-102,56.2,2.15,232.47,normal
2025-04-18T14:00:00,M-102,55.02,2.32,227.54,normal
2025-04-18T15:00:00,M-102,56.34,2.18,229.27,normal
2025-04-18T16:00:00,M-102,55.25,2.24,228.93,normal
2025-04-18T17:00:00,M-102,53.47,2.26,231.06,normal
2025-04-18T18:00:00,M-102,55.23,2.16,229.67,normal
2025-04-18T19:00:00,M-102,52.76,2.13,228.92,normal
2025-04-18T20:00:00,M-102,54.83,1.86,228.05,normal
2025-04-18T21:00:00,M-102,54.4,1.92,227.95,normal
2025-04-18T22:00:00,M-102,56.75,2.16,229.23,normal
2025-04-18T23:00:00,M-102,55.05,2.04,230.12,normal
2025-04-19T00:00:00,M-102,54.41,2.04,230.05,normal
2025-04-19T01:00:00,M-102,55.8,2.2,228.05,normal
2025-04-19T02:00:00,M-102,55.1,2.1,229.3,normal
2025-04-19T03:00:00,M-102,55.2,2.26,231.23,normal
2025-04-19T04:00:00,M-102,54.54,2.57,231.42,normal
2025-04-19T05:00:00,M-102,55.89,2.46,231.72,normal
2025-04-19T06:00:00,M-102,56.88,2.38,229.43,normal
2025-04-19T07:00:00,M-102,56.04,2.37,231.22,normal
2025-04-19T08:00:00,M-102,56.6,2.3,228.82,normal
2025-04-19T09:00:00,M-102,54.8,2.06,228.1,normal
2025-04-19T10:00:00,M-102,57.43,2.33,231.9,normal
2025-04-19T11:00:00,M-102,53.49,2.32,229.36,normal
2025-04-19T12:00:00,M-102,55.88,2.32,231.96,normal
2025-04-19T13:00:00,M-102,54.1,2.39,231.58,normal
2025-04-19T14:00:00,M-102,55.48,2.04,228.19,normal
2025-04-19T15:00:00,M-102,53.05,1.97,231.22,normal
2025-04-19T16:00:00,M-102,53.1,2.09,230.49,normal
2025-04-19T17:00:00,M-102,54.44,2.28,231.85,normal
2025-04-19T18:00:00,M-102,54.42,2.3,231.62,normal
2025-04-19T19:00:00,M-102,55.0,2.35,229.98,normal
2025-04-19T20:00:00,M-102,55.25,2.34,229.72,normal
2025-04-19T21:00:00,M-102,54.84,2.29,231.6,normal
2025-04-19T22:00:00,M-102,53.78,2.37,230.37,normal
2025-04-19T23:00:00,M-102,55.31,2.41,228.69,normal
2025-04-20T00:00:00,M-102,53.99,2.04,230.3,normal
2025-04-20T01:00:00,M-102,55.64,1.99,230.77,normal
2025-04-20T02:00:00,M-102,53.62,2.24,233.21,normal
2025-04-20T03:00:00,M-102,56.4,2.21,231.49,normal
2025-04-20T04:00:00,M-102,55.99,1.86,228.89,normal
2025-04-20T05:00:00,M-102,55.97,2.29,228.53,normal
2025-04-20T06:00:00,M-102,55.62,2.27,229.94,normal
2025-04-20T07:00:00,M-102,55.08,2.49,231.23,normal
2025-04-20T08:00:00,M-102,56.13,1.96,229.54,normal
2025-04-20T09:00:00,M-102,56.05,2.25,229.81,normal
2025-04-20T10:00:00,M-102,53.96,2.26,229.91,normal
2025-04-20T11:00:00,M-102,53.18,2.59,229.85,normal
2025-04-20T12:00:00,M-102,52.9,1.99,229.17,normal
2025-04-20T13:00:00,M-102,54.53,2.08,229.94,normal
2025-04-20T14:00:00,M-102,56.82,2.05,231.74,normal
2025-04-20T15:00:00,M-102,56.04,2.04,227.97,normal
2025-04-20T16:00:00,M-102,55.96,2.36,231.22,normal
2025-04-20T17:00:00,M-102,55.8,2.11,231.08,normal
2025-04-20T18:00:00,M-102,53.79,2.3,231.41,normal
2025-04-20T19:00:00,M-102,55.94,2.41,231.06,normal
2025-04-20T20:00:00,M-102,56.35,2.24,232.62,normal
2025-04-20T21:00:00,M-102,55.05,2.43,229.13,normal
2025-04-20T22:00:00,M-102,53.71,2.25,230.02,normal
2025-04-20T23:00:00,M-102,54.52,2.09,231.35,normal
2025-04-21T00:00:00,M-102,55.62,2.35,229.51,normal
2025-04-21T01:00:00,M-102,55.53,2.06,229.15,normal
2025-04-21T02:00:00,M-102,56.05,2.33,230.29,normal
2025-04-21T03:00:00,M-102,56.54,2.1,232.17,normal
2025-04-21T04:00:00,M-102,54.93,2.19,228.7,normal
2025-04-21T05:00:00,M-102,56.73,2.07,232.2,normal
2025-04-21T06:00:00,M-102,56.77,1.94,230.02,normal
2025-04-21T07:00:00,M-102,53.74,2.14,230.08,normal
2025-04-21T08:00:00,M-102,54.74,2.31,230.78,normal
2025-04-21T09:00:00,M-102,52.99,2.03,228.14,normal
2025-04-21T10:00:00,M-102,53.45,2.29,229.84,normal
2025-04-21T11:00:00,M-102,55.16,1.9,229.56,normal
2025-04-21T12:00:00,M-102,52.41,2.21,229.13,normal
2025-04-21T13:00:00,M-102,55.6,2.29,231.34,normal
2025-04-21T14:00:00,M-102,54.79,2.27,228.57,normal
2025-04-21T15:00:00,M-102,57.74,2.23,228.46,normal
2025-04-21T16:00:00,M-102,55.13,2.37,228.96,normal
2025-04-21T17:00:00,M-102,56.45,2.16,232.05,normal
2025-04-21T18:00:00,M-102,55.1,2.08,230.35,normal
2025-04-21T19:00:00,M-102,56.53,1.92,228.63,normal
2025-04-21T20:00:00,M-102,55.51,2.05,227.36,normal
2025-04-21T21:00:00,M-102,55.08,2.13,229.65,normal
2025-04-21T22:00:00,M-102,54.56,2.25,228.74,normal
2025-04-21T23:00:00,M-102,53.17,2.17,229.62,normal
2025-04-22T00:00:00,M-102,54.81,2.22,228.98,normal
2025-04-22T01:00:00,M-102,53.17,2.27,232.27,normal
2025-04-22T02:00:00,M-102,55.64,2.23,230.94,normal
2025-04-22T03:00:00,M-102,54.63,1.99,227.18,normal
2025-04-22T04:00:00,M-102,55.14,2.04,228.63,normal
2025-04-22T05:00:00,M-102,55.53,2.35,232.17,normal
2025-04-22T06:00:00,M-102,52.98,2.17,228.91,normal
2025-04-22T07:00:00,M-102,55.11,2.2,230.75,normal
2025-04-22T08:00:00,M-102,54.73,2.03,226.93,normal
2025-04-22T09:00:00,M-102,57.16,2.11,231.06,normal
2025-04-22T10:00:00,M-102,55.17,2.32,230.02,normal
2025-04-22T11:00:00,M-102,56.44,2.05,230.82,normal
2025-04-22T12:00:00,M-102,55.57,2.08,228.59,normal
2025-04-22T13:00:00,M-102,54.11,2.39,229.35,normal
2025-04-22T14:00:00,M-102,56.03,2.14,230.36,normal
2025-04-22T15:00:00,M-102,55.77,2.23,229.33,normal
2025-04-22T16:00:00,M-102,54.41,2.48,232.16,normal
2025-04-22T17:00:00,M-102,55.72,2.12,230.66,normal
2025-04-22T18:00:00,M-102,57.24,2.1,230.19,normal
2025-04-22T19:00:00,M-102,55.62,2.14,229.8,normal
2025-04-22T20:00:00,M-102,56.01,2.16,229.8,normal
2025-04-22T21:00:00,M-102,55.37,2.01,230.14,normal
2025-04-22T22:00:00,M-102,56.3,2.37,227.23,normal
2025-04-22T23:00:00,M-102,54.81,2.47,228.53,normal
2025-04-23T00:00:00,M-102,53.97,2.25,229.0,normal
2025-04-23T01:00:00,M-102,54.07,2.09,230.31,normal
2025-04-23T02:00:00,M-102,55.33,2.26,227.8,normal
2025-04-23T03:00:00,M-102,53.03,2.32,229.87,normal
2025-04-23T04:00:00,M-102,55.14,2.26,232.2,normal
2025-04-23T05:00:00,M-102,56.36,2.12,231.18,normal
2025-04-23T06:00:00,M-102,55.62,2.42,231.34,normal
2025-04-23T07:00:00,M-102,57.77,2.54,230.5,normal
2025-04-23T08:00:00,M-102,53.9,2.29,228.89,normal
2025-04-23T09:00:00,M-102,54.99,2.36,229.09,normal
2025-04-23T10:00:00,M-102,52.66,2.12,228.48,normal
2025-04-23T11:00:00,M-102,53.06,2.29,230.86,normal
2025-04-23T12:00:00,M-102,55.34,2.37,229.76,normal
2025-04-23T13:00:00,M-102,57.55,2.24,231.44,normal
2025-04-23T14:00:00,M-102,54.13,2.27,229.56,normal
2025-04-23T15:00:00,M-102,53.65,2.24,228.66,normal
2025-04-23T16:00:00,M-102,56.17,1.96,227.11,normal
2025-04-23T17:00:00,M-102,56.61,2.3,229.53,normal
2025-04-23T18:00:00,M-102,52.69,2.1,230.4,normal
2025-04-23T19:00:00,M-102,57.39,2.11,232.63,normal
2025-04-23T20:00:00,M-102,52.93,2.45,231.05,normal
2025-04-23T21:00:00,M-102,54.18,2.41,230.16,normal
2025-04-23T22:00:00,M-102,54.08,2.15,231.35,normal
2025-04-23T23:00:00,M-102,54.37,2.09,229.81,normal
2025-04-24T00:00:00,M-102,54.82,2.02,232.16,normal
2025-04-24T01:00:00,M-102,57.26,2.19,230.8,normal
2025-04-24T02:00:00,M-102,54.79,2.05,230.54,normal
2025-04-24T03:00:00,M-102,53.81,1.97,229.2,normal
2025-04-24T04:00:00,M-102,55.5,2.14,231.31,normal
2025-04-24T05:00:00,M-102,55.89,2.35,232.19,normal
2025-04-24T06:00:00,M-102,54.39,2.32,231.03,normal
2025-04-24T07:00:00,M-102,55.49,2.12,230.9,normal
2025-04-24T08:00:00,M-102,55.24,2.32,229.88,normal
2025-04-24T09:00:00,M-102,54.39,1.98,229.93,normal
2025-04-24T10:00:00,M-102,57.2,2.24,230.05,normal
2025-04-24T11:00:00,M-102,54.1,2.25,230.21,normal
2025-04-24T12:00:00,M-102,55.25,2.17,228.45,normal
2025-04-24T13:00:00,M-102,54.0,2.11,228.63,normal
2025-04-24T14:00:00,M-102,53.72,2.25,230.03,normal
2025-04-24T15:00:00,M-102,54.45,2.18,231.74,normal
2025-04-24T16:00:00,M-102,53.58,2.3,226.93,normal
2025-04-24T17:00:00,M-102,56.96,2.28,233.3,normal
2025-04-24T18:00:00,M-102,57.19,2.23,230.99,normal
2025-04-24T19:00:00,M-102,55.59,1.91,231.5,normal
2025-04-24T20:00:00,M-102,55.96,2.33,230.44,normal
2025-04-24T21:00:00,M-102,53.66,2.1,224.43,normal
2025-04-24T22:00:00,M-102,55.3,2.09,229.14,normal
2025-04-24T23:00:00,M-102,56.35,2.2,225.79,normal
2025-04-25T00:00:00,M-102,56.2,1.99,228.17,normal
2025-04-25T01:00:00,M-102,53.8,2.39,228.05,normal
2025-04-25T02:00:00,M-102,55.41,2.29,226.77,normal
2025-04-25T03:00:00,M-102,56.71,2.09,232.53,normal
2025-04-25T04:00:00,M-102,54.48,2.43,233.13,normal
2025-04-25T05:00:00,M-102,52.4,2.02,229.12,normal
2025-04-25T06:00:00,M-102,56.15,2.45,230.19,normal
2025-04-25T07:00:00,M-102,55.61,2.32,228.6,normal
2025-04-25T08:00:00,M-102,54.24,2.22,232.02,normal
2025-04-25T09:00:00,M-102,54.15,2.3,228.88,normal
2025-04-25T10:00:00,M-102,53.57,2.22,230.25,normal
2025-04-25T11:00:00,M-102,55.13,2.08,229.21,normal
2025-04-25T12:00:00,M-102,56.11,1.99,229.04,normal
2025-04-25T13:00:00,M-102,53.63,2.21,231.98,normal
2025-04-25T14:00:00,M-102,54.53,2.1,229.44,normal
2025-04-25T15:00:00,M-102,55.1,2.13,228.59,normal
2025-04-25T16:00:00,M-102,55.38,2.43,230.32,normal
2025-04-25T17:00:00,M-102,54.2,2.4,230.09,normal
2025-04-25T18:00:00,M-102,55.49,2.18,230.66,normal
2025-04-25T19:00:00,M-102,53.45,2.19,229.77,normal
2025-04-25T20:00:00,M-102,54.72,2.23,234.22,normal
2025-04-25T21:00:00,M-102,53.84,2.15,228.04,normal
2025-04-25T22:00:00,M-102,55.1,2.12,231.48,normal
2025-04-25T23:00:00,M-102,54.88,2.18,230.1,normal
2025-04-26T00:00:00,M-102,57.4,2.37,230.59,normal
2025-04-26T01:00:00,M-102,56.34,2.16,227.6,normal
2025-04-26T02:00:00,M-102,53.28,2.28,230.51,normal
2025-04-26T03:00:00,M-102,54.3,2.05,231.3,normal
2025-04-26T04:00:00,M-102,54.45,2.02,231.1,normal
2025-04-26T05:00:00,M-102,55.18,2.01,232.35,normal
2025-04-26T06:00:00,M-102,54.29,2.12,228.85,normal
2025-04-26T07:00:00,M-102,54.59,2.43,229.52,normal
2025-04-26T08:00:00,M-102,55.87,2.1,231.8,normal
2025-04-26T09:00:00,M-102,56.55,2.32,232.66,normal
2025-04-26T10:00:00,M-102,55.27,1.9,228.06,normal
2025-04-26T11:00:00,M-102,54.24,2.32,230.22,normal
2025-04-26T12:00:00,M-102,55.32,2.24,229.47,normal
2025-04-26T13:00:00,M-102,54.91,2.11,230.03,normal
2025-04-26T14:00:00,M-102,55.82,2.45,232.11,normal
2025-04-26T15:00:00,M-102,54.86,2.13,229.38,normal
2025-04-26T16:00:00,M-102,52.76,2.34,231.32,normal
2025-04-26T17:00:00,M-102,55.51,2.2,231.06,normal
2025-04-26T18:00:00,M-102,56.14,2.4,227.69,normal
2025-04-26T19:00:00,M-102,57.96,2.1,232.12,normal
2025-04-26T20:00:00,M-102,53.65,2.39,234.0,normal
2025-04-26T21:00:00,M-102,56.27,2.2,232.46,normal
2025-04-26T22:00:00,M-102,54.9,2.23,229.24,normal
2025-04-26T23:00:00,M-102,54.85,2.22,228.98,normal
2025-04-27T00:00:00,M-102,56.42,2.26,228.15,normal
2025-04-27T01:00:00,M-102,54.12,2.19,229.53,normal
2025-04-27T02:00:00,M-102,56.8,2.05,230.0,normal
2025-04-27T03:00:00,M-102,54.87,2.17,230.98,normal
2025-04-27T04:00:00,M-102,55.7,2.12,229.18,normal
2025-04-27T05:00:00,M-102,55.5,2.19,229.24,normal
2025-04-27T06:00:00,M-102,53.04,2.25,229.31,normal
2025-04-27T07:00:00,M-102,55.66,2.1,229.92,normal
2025-04-27T08:00:00,M-102,54.69,1.93,230.05,normal
2025-04-27T09:00:00,M-102,55.38,2.18,230.16,normal
2025-04-27T10:00:00,M-102,56.73,1.9,228.48,normal
2025-04-27T11:00:00,M-102,54.2,2.08,229.25,normal
2025-04-27T12:00:00,M-102,53.4,2.15,230.72,normal
2025-04-27T13:00:00,M-102,54.18,2.3,231.3,normal
2025-04-27T14:00:00,M-102,55.99,2.24,227.06,normal
2025-04-27T15:00:00,M-102,54.85,1.82,227.67,normal
2025-04-27T16:00:00,M-102,55.76,1.78,230.99,normal
2025-04-27T17:00:00,M-102,54.28,2.3,232.1,normal
2025-04-27T18:00:00,M-102,54.92,2.05,230.93,normal
2025-04-27T19:00:00,M-102,53.44,2.2,229.92,normal
2025-04-27T20:00:00,M-102,56.31,1.94,230.29,normal
2025-04-27T21:00:00,M-102,57.29,2.18,232.91,normal
2025-04-27T22:00:00,M-102,56.13,1.96,230.82,normal
2025-04-27T23:00:00,M-102,55.44,2.09,229.67,normal
2025-04-28T00:00:00,M-102,52.78,2.46,230.76,normal
2025-04-28T01:00:00,M-102,54.62,2.33,232.27,normal
2025-04-28T02:00:00,M-102,54.85,2.19,230.92,normal
2025-04-28T03:00:00,M-102,54.81,2.47,231.59,normal
2025-04-28T04:00:00,M-102,55.25,2.14,226.82,normal
2025-04-28T05:00:00,M-102,53.67,2.53,229.92,normal
2025-04-28T06:00:00,M-102,56.5,1.9,228.1,normal
2025-04-28T07:00:00,M-102,56.12,2.37,227.81,normal
2025-04-28T08:00:00,M-102,53.12,2.04,230.16,normal
2025-04-28T09:00:00,M-102,52.29,2.45,228.31,normal
2025-04-28T10:00:00,M-102,55.43,2.33,229.87,normal
2025-04-28T11:00:00,M-102,55.0,2.14,232.97,normal
2025-04-28T12:00:00,M-102,56.38,2.17,229.27,normal
2025-04-28T13:00:00,M-102,54.94,1.86,229.2,normal
2025-04-28T14:00:00,M-102,54.37,2.4,230.67,normal
2025-04-28T15:00:00,M-102,53.79,1.98,230.98,normal
2025-04-28T16:00:00,M-102,55.48,2.32,230.06,normal
2025-04-28T17:00:00,M-102,55.43,2.21,232.83,normal
2025-04-28T18:00:00,M-102,54.99,2.05,231.36,normal
2025-04-28T19:00:00,M-102,55.95,2.15,232.06,normal
2025-04-28T20:00:00,M-102,55.7,2.09,228.69,normal
2025-04-28T21:00:00,M-102,56.99,2.34,228.19,normal
2025-04-28T22:00:00,M-102,53.6,2.49,234.12,normal
2025-04-28T23:00:00,M-102,56.4,2.19,229.47,normal
2025-04-29T00:00:00,M-102,56.04,2.43,230.63,normal
2025-04-29T01:00:00,M-102,54.78,1.98,227.99,normal
2025-04-29T02:00:00,M-102,53.62,1.9,230.67,normal
2025-04-29T03:00:00,M-102,54.48,2.47,231.61,normal
2025-04-29T04:00:00,M-102,55.05,2.51,231.43,normal
2025-04-29T05:00:00,M-102,54.68,2.21,228.97,normal
2025-04-29T06:00:00,M-102,54.39,2.19,229.42,normal
2025-04-29T07:00:00,M-102,54.52,2.17,230.15,normal
2025-04-29T08:00:00,M-102,56.64,2.17,229.44,normal
2025-04-29T09:00:00,M-102,55.73,2.24,228.3,normal
2025-04-29T10:00:00,M-102,54.68,2.18,228.89,normal
2025-04-29T11:00:00,M-102,56.01,2.25,229.14,normal
2025-04-29T12:00:00,M-102,56.42,2.26,230.09,normal
2025-04-29T13:00:00,M-102,55.33,2.33,231.08,normal
2025-04-29T14:00:00,M-102,54.16,2.25,229.86,normal
2025-04-29T15:00:00,M-102,54.63,2.15,231.69,normal
2025-04-29T16:00:00,M-102,55.11,2.59,229.12,normal
2025-04-29T17:00:00,M-102,56.12,2.37,229.44,normal
2025-04-29T18:00:00,M-102,55.14,2.37,232.83,normal
2025-04-29T19:00:00,M-102,54.87,2.18,230.54,normal
2025-04-29T20:00:00,M-102,55.9,2.14,231.37,normal
2025-04-29T21:00:00,M-102,55.61,2.21,228.56,normal
2025-04-29T22:00:00,M-102,55.92,1.87,228.54,normal
2025-04-29T23:00:00,M-102,52.81,2.15,229.66,normal
2025-04-30T00:00:00,M-102,54.59,2.1,231.15,normal
2025-04-30T01:00:00,M-102,52.61,1.97,230.5,normal
2025-04-30T02:00:00,M-102,56.5,2.26,228.2,normal
2025-04-30T03:00:00,M-102,52.73,2.29,230.42,normal
2025-04-30T04:00:00,M-102,55.11,1.99,226.2,normal
2025-04-30T05:00:00,M-102,55.99,2.47,231.31,normal
2025-04-30T06:00:00,M-102,55.68,2.27,229.73,normal
2025-04-30T07:00:00,M-102,54.67,2.21,228.72,normal
2025-04-30T08:00:00,M-102,55.46,2.01,229.9,normal
2025-04-30T09:00:00,M-102,57.12,2.43,228.7,normal
2025-04-30T10:00:00,M-102,56.08,2.29,231.49,normal
2025-04-30T11:00:00,M-102,55.54,2.16,231.8,normal
2025-04-30T12:00:00,M-102,56.34,2.02,230.14,normal
2025-04-30T13:00:00,M-102,54.61,2.05,230.14,normal
2025-04-30T14:00:00,M-102,54.62,1.89,232.98,normal
2025-04-30T15:00:00,M-102,55.11,2.18,230.34,normal
2025-04-30T16:00:00,M-102,53.91,2.07,232.62,normal
2025-04-30T17:00:00,M-102,54.47,1.94,230.51,normal
2025-04-30T18:00:00,M-102,56.12,2.09,229.1,normal
2025-04-30T19:00:00,M-102,56.59,2.34,228.09,normal
2025-04-30T20:00:00,M-102,54.47,2.14,229.73,normal
2025-04-30T21:00:00,M-102,53.39,2.17,228.36,normal
2025-04-30T22:00:00,M-102,55.89,2.23,229.27,normal
2025-04-30T23:00:00,M-102,54.62,2.13,231.37,normal
2025-05-01T00:00:00,M-102,55.61,2.3,226.85,normal
2025-05-01T01:00:00,M-102,55.83,2.19,229.32,normal
2025-05-01T02:00:00,M-102,53.31,2.37,232.35,normal
2025-05-01T03:00:00,M-102,55.0,2.18,228.88,normal
2025-05-01T04:00:00,M-102,56.03,2.21,228.95,normal
2025-05-01T05:00:00,M-102,56.56,2.28,230.42,normal
2025-05-01T06:00:00,M-102,54.94,2.16,228.8,normal
2025-05-01T07:00:00,M-102,54.35,2.12,231.32,normal
2025-05-01T08:00:00,M-102,53.85,2.42,231.68,normal
2025-05-01T09:00:00,M-102,54.21,2.08,227.35,normal
2025-05-01T10:00:00,M-102,56.05,2.31,232.48,normal
2025-05-01T11:00:00,M-102,55.34,2.26,229.5,normal
2025-05-01T12:00:00,M-102,53.52,2.3,229.51,normal
2025-05-01T13:00:00,M-102,54.92,2.09,230.74,normal
2025-05-01T14:00:00,M-102,52.97,2.01,231.65,normal
2025-05-01T15:00:00,M-102,55.71,2.06,230.35,normal
2025-05-01T16:00:00,M-102,55.46,2.35,231.66,normal
2025-05-01T17:00:00,M-102,56.22,2.12,232.92,normal
2025-05-01T18:00:00,M-102,55.03,2.3,230.92,normal
2025-05-01T19:00:00,M-102,56.79,2.36,227.45,normal
2025-05-01T20:00:00,M-102,53.3,2.18,228.85,normal
2025-05-01T21:00:00,M-102,56.17,2.43,231.98,normal
2025-05-01T22:00:00,M-102,53.78,2.28,231.44,normal
2025-05-01T23:00:00,M-102,55.87,2.34,234.06,normal
2025-05-02T00:00:00,M-102,56.0,2.26,230.89,normal
2025-05-02T01:00:00,M-102,55.38,2.14,229.99,normal
2025-05-02T02:00:00,M-102,53.92,2.05,230.14,normal
2025-05-02T03:00:00,M-102,53.91,2.11,228.98,normal
2025-05-02T04:00:00,M-102,53.64,1.79,230.99,normal
2025-05-02T05:00:00,M-102,56.63,2.23,228.92,normal
2025-05-02T06:00:00,M-102,56.37,2.26,227.94,normal
2025-05-02T07:00:00,M-102,54.89,2.21,228.65,normal
2025-05-02T08:00:00,M-102,55.66,1.98,230.03,normal
2025-05-02T09:00:00,M-102,55.87,1.92,230.87,normal
2025-05-02T10:00:00,M-102,56.05,2.07,228.28,normal
2025-05-02T11:00:00,M-102,54.75,2.2,229.68,normal
2025-05-02T12:00:00,M-102,54.62,2.03,227.28,normal
2025-05-02T13:00:00,M-102,54.09,2.34,231.13,normal
2025-05-02T14:00:00,M-102,55.86,2.17,229.1,normal
2025-05-02T15:00:00,M-102,54.35,2.22,227.87,normal
2025-05-02T16:00:00,M-102,55.42,2.26,229.07,normal
2025-05-02T17:00:00,M-102,56.07,2.31,226.57,normal
2025-05-02T18:00:00,M-102,54.51,2.18,226.51,normal
2025-05-02T19:00:00,M-102,55.73,2.34,230.76,normal
2025-05-02T20:00:00,M-102,54.82,2.42,230.11,normal
2025-05-02T21:00:00,M-102,55.35,2.27,231.69,normal
2025-05-02T22:00:00,M-102,52.96,2.34,230.51,normal
2025-05-02T23:00:00,M-102,56.69,2.23,229.85,normal
2025-05-03T00:00:00,M-102,54.18,2.21,229.13,normal
2025-05-03T01:00:00,M-102,55.61,2.21,228.85,normal
2025-05-03T02:00:00,M-102,55.81,2.19,229.41,normal
2025-05-03T03:00:00,M-102,56.65,2.27,230.65,normal
2025-05-03T04:00:00,M-102,54.11,2.39,230.87,normal
2025-05-03T05:00:00,M-102,53.56,2.16,231.88,normal
2025-05-03T06:00:00,M-102,56.14,2.18,230.32,normal
2025-05-03T07:00:00,M-102,55.22,1.85,231.07,normal
2025-05-03T08:00:00,M-102,56.72,2.12,230.16,normal
2025-05-03T09:00:00,M-102,56.16,2.24,231.57,normal
2025-05-03T10:00:00,M-102,55.04,2.16,228.97,normal
2025-05-03T11:00:00,M-102,54.89,2.01,228.2,normal
2025-05-03T12:00:00,M-102,55.11,2.06,230.2,normal
2025-05-03T13:00:00,M-102,54.88,2.18,230.81,normal
2025-05-03T14:00:00,M-102,54.44,2.04,229.59,normal
2025-05-03T15:00:00,M-102,54.75,2.4,231.51,normal
2025-05-03T16:00:00,M-102,53.39,1.93,228.15,normal
2025-05-03T17:00:00,M-102,55.66,1.92,231.33,normal
2025-05-03T18:00:00,M-102,54.61,2.37,230.34,normal
2025-05-03T19:00:00,M-102,53.87,2.14,230.28,normal
2025-05-03T20:00:00,M-102,56.37,2.16,229.11,normal
2025-05-03T21:00:00,M-102,55.13,2.08,230.75,normal
2025-05-03T22:00:00,M-102,55.44,2.33,228.69,normal
2025-05-03T23:00:00,M-102,56.36,2.62,232.1,normal
2025-05-04T00:00:00,M-102,55.1,2.18,227.66,normal
2025-05-04T01:00:00,M-102,55.55,2.51,230.8,normal
2025-05-04T02:00:00,M-102,55.45,2.19,228.26,normal
2025-05-04T03:00:00,M-102,57.82,2.15,232.39,normal
2025-05-04T04:00:00,M-102,55.03,2.19,228.67,normal
2025-05-04T05:00:00,M-102,55.15,2.23,229.46,normal
2025-05-04T06:00:00,M-102,54.87,2.17,228.67,normal
2025-05-04T07:00:00,M-102,54.15,2.6,228.05,normal
2025-05-04T08:00:00,M-102,55.82,1.99,228.56,normal
2025-05-04T09:00:00,M-102,56.12,1.98,231.13,normal
2025-05-04T10:00:00,M-102,56.74,2.17,231.14,normal
2025-05-04T11:00:00,M-102,56.21,1.89,229.37,normal
2025-05-04T12:00:00,M-102,54.48,2.34,229.3,normal
2025-05-04T13:00:00,M-102,53.46,2.0,230.08,normal
2025-05-04T14:00:00,M-102,55.07,2.26,228.3,normal
2025-05-04T15:00:00,M-102,55.58,2.18,228.5,normal
2025-05-04T16:00:00,M-102,53.45,2.53,230.86,normal
2025-05-04T17:00:00,M-102,54.55,2.28,228.92,normal
2025-05-04T18:00:00,M-102,57.03,2.29,226.58,normal
2025-05-04T19:00:00,M-102,54.53,2.16,230.17,normal
2025-05-04T20:00:00,M-102,53.56,2.35,230.22,normal
2025-05-04T21:00:00,M-102,56.75,2.23,232.21,normal
2025-05-04T22:00:00,M-102,56.88,2.22,230.42,normal
2025-05-04T23:00:00,M-102,56.14,2.27,229.86,normal
2025-05-05T00:00:00,M-102,57.82,2.38,230.74,normal
2025-05-05T01:00:00,M-102,53.56,2.04,229.73,normal
2025-05-05T02:00:00,M-102,53.63,1.98,230.92,normal
2025-05-05T03:00:00,M-102,55.85,2.11,229.98,normal
2025-05-05T04:00:00,M-102,56.34,2.34,232.74,normal
2025-05-05T05:00:00,M-102,54.78,2.14,231.24,normal
2025-05-05T06:00:00,M-102,57.22,2.18,229.5,normal
2025-05-05T07:00:00,M-102,54.72,2.37,231.83,normal
2025-05-05T08:00:00,M-102,53.81,2.36,231.17,normal
2025-05-05T09:00:00,M-102,56.57,2.13,229.94,normal
2025-05-05T10:00:00,M-102,55.63,2.28,228.53,normal
2025-05-05T11:00:00,M-102,55.93,2.29,229.68,normal
2025-05-05T12:00:00,M-102,55.51,2.37,230.03,normal
2025-05-05T13:00:00,M-102,55.12,2.05,229.94,normal
2025-05-05T14:00:00,M-102,54.17,2.05,231.45,normal
2025-05-05T15:00:00,M-102,55.58,2.25,230.33,normal
2025-05-05T16:00:00,M-102,56.65,1.95,232.35,normal
2025-05-05T17:00:00,M-102,54.47,2.07,228.84,normal
2025-05-05T18:00:00,M-102,53.96,2.18,231.17,normal
2025-05-05T19:00:00,M-102,54.04,2.32,229.26,normal
2025-05-05T20:00:00,M-102,55.0,2.41,229.51,normal
2025-05-05T21:00:00,M-102,53.67,2.21,230.62,normal
2025-05-05T22:00:00,M-102,54.56,2.14,230.94,normal
2025-05-05T23:00:00,M-102,53.9,2.18,228.83,normal
2025-05-06T00:00:00,M-102,55.74,2.14,230.55,normal
2025-05-06T01:00:00,M-102,54.98,2.19,228.74,normal
2025-05-06T02:00:00,M-102,56.51,2.12,229.81,normal
2025-05-06T03:00:00,M-102,53.5,2.21,228.78,normal
2025-05-06T04:00:00,M-102,53.72,2.35,231.15,normal
2025-05-06T05:00:00,M-102,55.36,2.23,230.88,normal
2025-05-06T06:00:00,M-102,54.99,2.23,228.53,normal
2025-05-06T07:00:00,M-102,54.56,2.18,226.19,normal
2025-05-06T08:00:00,M-102,53.56,2.07,233.04,normal
2025-05-06T09:00:00,M-102,53.12,1.92,231.05,normal
2025-05-06T10:00:00,M-102,53.81,2.27,229.93,normal
2025-05-06T11:00:00,M-102,56.98,2.2,231.31,normal
2025-05-06T12:00:00,M-102,54.79,2.21,230.03,normal
2025-05-06T13:00:00,M-102,54.95,2.41,232.38,normal
2025-05-06T14:00:00,M-102,55.04,2.17,230.29,normal
2025-05-06T15:00:00,M-102,56.22,2.31,230.13,normal
2025-05-06T16:00:00,M-102,53.1,2.55,232.2,normal
2025-05-06T17:00:00,M-102,55.6,2.25,232.04,normal
2025-05-06T18:00:00,M-102,57.0,2.22,230.48,normal
2025-05-06T19:00:00,M-102,54.8,2.49,229.49,normal
2025-05-06T20:00:00,M-102,54.5,2.36,230.95,normal
2025-05-06T21:00:00,M-102,55.02,2.33,230.48,normal
2025-05-06T22:00:00,M-102,55.0,2.26,230.88,normal
2025-05-06T23:00:00,M-102,55.3,2.28,230.29,normal
2025-05-07T00:00:00,M-102,55.66,2.07,232.56,normal
2025-05-07T01:00:00,M-102,56.26,2.25,230.94,normal
2025-05-07T02:00:00,M-102,57.2,2.28,228.13,normal
2025-05-07T03:00:00,M-102,55.51,1.91,229.79,normal
2025-05-07T04:00:00,M-102,56.76,2.04,227.73,normal
2025-05-07T05:00:00,M-102,54.63,2.26,232.93,normal
2025-05-07T06:00:00,M-102,54.73,2.2,228.24,normal
2025-05-07T07:00:00,M-102,57.55,2.18,230.73,normal
2025-05-07T08:00:00,M-102,56.26,2.19,228.73,normal
2025-05-07T09:00:00,M-102,54.49,2.19,231.32,normal
2025-05-07T10:00:00,M-102,56.27,2.13,229.51,normal
2025-05-07T11:00:00,M-102,53.39,2.21,233.26,normal
2025-05-07T12:00:00,M-102,55.57,2.16,232.3,normal
2025-05-07T13:00:00,M-102,55.58,2.38,232.44,normal
2025-05-07T14:00:00,M-102,53.56,2.21,229.7,normal
2025-05-07T15:00:00,M-102,56.51,2.19,230.25,normal
2025-05-07T16:00:00,M-102,52.62,2.13,229.16,normal
2025-05-07T17:00:00,M-102,53.84,2.23,229.62,normal
2025-05-07T18:00:00,M-102,55.26,2.34,230.64,normal
2025-05-07T19:00:00,M-102,55.07,2.25,228.39,normal
2025-05-07T20:00:00,M-102,54.57,2.12,232.86,normal
2025-05-07T21:00:00,M-102,53.54,2.15,230.85,normal
2025-05-07T22:00:00,M-102,54.45,2.3,228.31,normal
2025-05-07T23:00:00,M-102,56.22,2.23,226.8,normal
2025-05-08T00:00:00,M-102,53.33,2.02,229.64,normal
2025-05-08T01:00:00,M-102,54.61,2.25,230.97,normal
2025-05-08T02:00:00,M-102,55.73,2.27,228.8,normal
2025-05-08T03:00:00,M-102,53.27,2.02,230.59,normal
2025-05-08T04:00:00,M-102,53.85,2.02,228.72,normal
2025-05-08T05:00:00,M-102,55.49,2.0,229.73,normal
2025-05-08T06:00:00,M-102,55.87,2.33,227.46,normal
2025-05-08T07:00:00,M-102,54.98,2.12,233.7,normal
2025-05-08T08:00:00,M-102,54.72,1.99,229.08,normal
2025-05-08T09:00:00,M-102,54.99,2.13,231.09,normal
2025-05-08T10:00:00,M-102,54.54,2.21,235.1,normal
2025-05-08T11:00:00,M-102,55.54,2.33,230.07,normal
2025-05-08T12:00:00,M-102,52.09,2.45,229.33,normal
2025-05-08T13:00:00,M-102,55.83,1.99,230.2,normal
2025-05-08T14:00:00,M-102,56.3,2.04,232.87,normal
2025-05-08T15:00:00,M-102,56.19,2.26,229.62,normal
2025-05-08T16:00:00,M-102,56.13,1.9,231.88,normal
2025-05-08T17:00:00,M-102,52.66,2.12,232.0,normal
2025-05-08T18:00:00,M-102,55.4,1.92,227.52,normal
2025-05-08T19:00:00,M-102,53.49,2.12,228.75,normal
2025-05-08T20:00:00,M-102,56.16,2.15,232.63,normal
2025-05-08T21:00:00,M-102,56.62,2.02,231.93,normal
2025-05-08T22:00:00,M-102,56.58,2.03,229.51,normal
2025-05-08T23:00:00,M-102,54.01,2.05,229.93,normal
2025-05-09T00:00:00,M-102,55.37,2.08,227.59,normal
2025-05-09T01:00:00,M-102,55.77,2.4,231.72,normal
2025-05-09T02:00:00,M-102,53.3,2.12,229.53,normal
2025-05-09T03:00:00,M-102,54.19,2.36,228.66,normal
2025-05-09T04:00:00,M-102,54.65,2.26,230.11,normal
2025-05-09T05:00:00,M-102,55.31,2.18,230.79,normal
2025-05-09T06:00:00,M-102,55.39,2.21,230.84,normal
2025-05-09T07:00:00,M-102,55.5,2.31,230.73,normal
2025-05-09T08:00:00,M-102,55.55,2.25,228.73,normal
2025-05-09T09:00:00,M-102,54.43,2.16,229.01,normal
2025-05-09T10:00:00,M-102,54.43,2.1,228.97,normal
2025-05-09T11:00:00,M-102,55.4,2.65,232.89,normal
2025-05-09T12:00:00,M-102,55.0,2.21,229.62,normal
2025-05-09T13:00:00,M-102,54.73,2.29,230.65,normal
2025-05-09T14:00:00,M-102,55.34,2.34,229.34,normal
2025-05-09T15:00:00,M-102,55.89,2.23,228.55,normal
2025-05-09T16:00:00,M-102,56.51,2.06,231.19,normal
2025-05-09T17:00:00,M-102,54.15,2.1,231.69,normal
2025-05-09T18:00:00,M-102,55.49,2.2,228.83,normal
2025-05-09T19:00:00,M-102,52.96,2.13,229.75,normal
2025-05-09T20:00:00,M-102,56.07,2.2,231.5,normal
2025-05-09T21:00:00,M-102,54.36,2.34,231.25,normal
2025-05-09T22:00:00,M-102,54.71,2.32,232.5,normal
2025-05-09T23:00:00,M-102,53.37,2.01,229.0,normal
2025-05-10T00:00:00,M-102,54.33,2.06,230.23,normal
2025-05-10T01:00:00,M-102,53.37,2.47,229.87,normal
2025-05-10T02:00:00,M-102,55.25,2.17,229.16,normal
2025-05-10T03:00:00,M-102,55.14,2.18,230.55,normal
2025-05-10T04:00:00,M-102,55.9,2.08,227.37,normal
2025-05-10T05:00:00,M-102,54.21,2.24,227.0,normal
2025-05-10T06:00:00,M-102,55.54,2.22,228.03,normal
2025-05-10T07:00:00,M-102,55.26,2.34,229.87,normal
2025-05-10T08:00:00,M-102,55.58,2.29,231.75,normal
2025-05-10T09:00:00,M-102,56.41,2.09,229.68,normal
2025-05-10T10:00:00,M-102,55.05,2.05,230.19,normal
2025-05-10T11:00:00,M-102,55.44,2.25,227.22,normal
2025-05-10T12:00:00,M-102,54.25,1.83,230.15,normal
2025-05-10T13:00:00,M-102,54.97,2.32,231.32,normal
2025-05-10T14:00:00,M-102,53.89,2.19,230.25,normal
2025-05-10T15:00:00,M-102,55.92,2.37,229.73,normal
2025-05-10T16:00:00,M-102,53.27,2.32,229.7,normal
2025-05-10T17:00:00,M-102,52.86,2.23,228.74,normal
2025-05-10T18:00:00,M-102,55.05,2.38,229.92,normal
2025-05-10T19:00:00,M-102,54.05,2.26,229.58,normal
2025-05-10T20:00:00,M-102,55.13,2.35,230.35,normal
2025-05-10T21:00:00,M-102,55.57,2.19,230.18,normal
2025-05-10T22:00:00,M-102,53.78,2.09,231.53,normal
2025-05-10T23:00:00,M-102,56.55,2.04,230.99,normal
2025-05-11T00:00:00,M-102,56.06,2.08,231.05,normal
2025-05-11T01:00:00,M-102,55.68,2.38,232.58,normal
2025-05-11T02:00:00,M-102,55.04,2.26,228.71,normal
2025-05-11T03:00:00,M-102,55.33,2.21,229.69,normal
2025-05-11T04:00:00,M-102,55.18,2.33,231.4,normal
2025-05-11T05:00:00,M-102,55.9,2.47,227.91,normal
2025-05-11T06:00:00,M-102,54.85,2.19,229.45,normal
2025-05-11T07:00:00,M-102,54.48,2.0,229.53,normal
2025-05-11T08:00:00,M-102,56.47,2.14,229.99,normal
2025-05-11T09:00:00,M-102,55.51,2.2,228.6,normal
2025-05-11T10:00:00,M-102,54.42,2.37,229.03,normal
2025-05-11T11:00:00,M-102,53.56,2.48,230.22,normal
2025-05-11T12:00:00,M-102,53.72,1.94,228.93,normal
2025-05-11T13:00:00,M-102,53.47,2.18,231.37,normal
2025-05-11T14:00:00,M-102,55.95,2.15,230.99,normal
2025-05-11T15:00:00,M-102,54.51,1.83,231.04,normal
2025-05-11T16:00:00,M-102,54.07,2.06,231.5,normal
2025-05-11T17:00:00,M-102,55.07,2.33,231.42,normal
2025-05-11T18:00:00,M-102,55.92,2.18,233.08,normal
2025-05-11T19:00:00,M-102,53.83,2.35,232.76,normal
2025-05-11T20:00:00,M-102,54.82,2.11,231.28,normal
2025-05-11T21:00:00,M-102,56.3,2.29,229.08,normal
2025-05-11T22:00:00,M-102,55.22,1.99,231.64,normal
2025-05-11T23:00:00,M-102,56.34,2.18,230.89,normal
2025-05-12T00:00:00,M-102,54.69,2.21,230.29,normal
2025-05-12T01:00:00,M-102,54.77,2.64,229.57,normal
2025-05-12T02:00:00,M-102,56.25,2.07,230.45,normal
2025-05-12T03:00:00,M-102,54.97,2.08,231.23,normal
2025-05-12T04:00:00,M-102,55.96,2.39,230.68,normal
2025-05-12T05:00:00,M-102,53.81,2.33,230.46,normal
2025-05-12T06:00:00,M-102,57.22,1.86,229.81,normal
2025-05-12T07:00:00,M-102,55.13,2.36,228.29,normal
2025-05-12T08:00:00,M-102,56.37,2.24,227.01,normal
2025-05-12T09:00:00,M-102,57.77,1.89,228.51,normal
2025-05-12T10:00:00,M-102,54.04,2.27,229.36,normal
2025-05-12T11:00:00,M-102,54.91,2.09,230.73,normal
2025-05-12T12:00:00,M-102,56.01,2.46,227.86,normal
2025-05-12T13:00:00,M-102,54.15,2.12,229.34,normal
2025-05-12T14:00:00,M-102,54.86,2.29,229.12,normal
2025-05-12T15:00:00,M-102,54.26,2.39,232.03,normal
2025-05-12T16:00:00,M-102,57.24,2.5,228.94,normal
2025-05-12T17:00:00,M-102,56.58,2.31,229.89,normal
2025-05-12T18:00:00,M-102,55.78,2.11,228.39,normal
2025-05-12T19:00:00,M-102,54.71,1.98,229.42,normal
2025-05-12T20:00:00,M-102,55.13,2.05,228.95,normal
2025-05-12T21:00:00,M-102,52.7,2.03,229.9,normal
2025-05-12T22:00:00,M-102,54.26,2.22,229.09,normal
2025-05-12T23:00:00,M-102,54.41,1.96,232.48,normal
2025-05-13T00:00:00,M-102,54.74,2.33,228.88,normal
2025-05-13T01:00:00,M-102,53.63,2.25,229.37,normal
2025-05-13T02:00:00,M-102,54.95,2.29,230.94,normal
2025-05-13T03:00:00,M-102,55.94,2.23,227.19,normal
2025-05-13T04:00:00,M-102,55.61,2.42,230.62,normal
2025-05-13T05:00:00,M-102,56.22,2.28,230.79,normal
2025-05-13T06:00:00,M-102,55.75,1.98,226.87,normal
2025-05-13T07:00:00,M-102,55.09,2.3,230.81,normal
2025-05-13T08:00:00,M-102,54.71,2.13,228.5,normal
2025-05-13T09:00:00,M-102,55.41,2.25,231.08,normal
2025-05-13T10:00:00,M-102,54.9,2.39,228.97,normal
2025-05-13T11:00:00,M-102,56.32,2.09,232.11,normal
2025-05-13T12:00:00,M-102,56.19,2.06,230.85,normal
2025-05-13T13:00:00,M-102,53.84,2.48,231.61,normal
2025-05-13T14:00:00,M-102,55.15,2.26,229.98,normal
2025-05-13T15:00:00,M-102,54.47,2.04,229.9,normal
2025-05-13T16:00:00,M-102,56.25,2.25,231.76,normal
2025-05-13T17:00:00,M-102,56.22,2.29,228.69,normal
2025-05-13T18:00:00,M-102,53.88,2.15,226.77,normal
2025-05-13T19:00:00,M-102,53.17,2.22,232.01,normal
2025-05-13T20:00:00,M-102,57.66,2.23,231.49,normal
2025-05-13T21:00:00,M-102,55.44,2.07,231.4,normal
2025-05-13T22:00:00,M-102,55.0,2.29,227.28,normal
2025-05-13T23:00:00,M-102,54.63,2.35,229.7,normal
2025-05-14T00:00:00,M-102,55.04,2.33,232.25,normal
2025-05-14T01:00:00,M-102,56.65,2.23,229.23,normal
2025-05-14T02:00:00,M-102,56.19,2.11,228.23,normal
2025-05-14T03:00:00,M-102,54.06,2.2,228.96,normal
2025-05-14T04:00:00,M-102,54.07,2.35,228.36,normal
2025-05-14T05:00:00,M-102,53.6,2.22,230.98,normal
2025-05-14T06:00:00,M-102,54.43,2.06,233.71,normal
2025-05-14T07:00:00,M-102,54.53,2.61,228.96,normal
2025-05-14T08:00:00,M-102,56.61,2.02,232.54,normal
2025-05-14T09:00:00,M-102,55.69,2.25,229.22,normal
2025-05-14T10:00:00,M-102,56.99,2.41,230.22,normal
2025-05-14T11:00:00,M-102,55.33,2.11,231.09,normal
2025-05-14T12:00:00,M-102,54.75,2.29,227.22,normal
2025-05-14T13:00:00,M-102,55.62,2.37,230.37,normal
2025-05-14T14:00:00,M-102,57.02,2.1,231.92,normal
2025-05-14T15:00:00,M-102,55.27,2.23,230.81,normal
2025-05-14T16:00:00,M-102,56.77,1.95,230.27,normal
2025-05-14T17:00:00,M-102,55.0,2.34,230.14,normal
2025-05-14T18:00:00,M-102,54.6,2.25,231.44,normal
2025-05-14T19:00:00,M-102,54.31,2.25,229.96,normal
2025-05-14T20:00:00,M-102,54.45,2.21,233.15,normal
2025-05-14T21:00:00,M-102,54.55,2.3,230.93,normal
2025-05-14T22:00:00,M-102,56.59,2.17,228.34,normal
2025-05-14T23:00:00,M-102,55.97,1.92,230.53,normal
2025-05-15T00:00:00,M-102,56.32,2.31,230.31,normal
2025-05-15T01:00:00,M-102,54.85,2.14,231.45,normal
2025-05-15T02:00:00,M-102,53.15,2.04,229.39,normal
2025-05-15T03:00:00,M-102,54.87,2.29,229.73,normal
2025-05-15T04:00:00,M-102,55.2,2.13,231.75,normal
2025-05-15T05:00:00,M-102,56.09,1.97,231.72,normal
2025-05-15T06:00:00,M-102,55.53,2.23,231.42,normal
2025-05-15T07:00:00,M-102,55.65,2.24,230.78,normal
2025-05-15T08:00:00,M-102,53.01,2.27,230.38,normal
2025-05-15T09:00:00,M-102,53.83,2.13,230.95,normal
2025-05-15T10:00:00,M-102,54.58,2.06,229.79,normal
2025-05-15T11:00:00,M-102,54.43,2.23,231.86,normal
2025-05-15T12:00:00,M-102,57.56,2.21,230.87,normal
2025-05-15T13:00:00,M-102,53.92,2.32,230.86,normal
2025-05-15T14:00:00,M-102,54.36,2.32,229.23,normal
2025-05-15T15:00:00,M-102,55.26,2.26,230.22,normal
2025-05-15T16:00:00,M-102,55.5,2.28,229.27,normal
2025-05-15T17:00:00,M-102,55.34,2.32,231.57,normal
2025-05-15T18:00:00,M-102,54.11,2.15,229.49,normal
2025-05-15T19:00:00,M-102,53.58,2.28,232.88,normal
2025-05-15T20:00:00,M-102,54.4,2.17,229.53,normal
2025-05-15T21:00:00,M-102,55.0,2.09,232.93,normal
2025-05-15T22:00:00,M-102,53.9,2.31,231.58,normal
2025-05-15T23:00:00,M-102,55.26,2.43,227.63,normal
2025-05-16T00:00:00,M-102,51.63,2.31,230.72,normal
2025-05-16T01:00:00,M-102,54.92,2.25,228.98,normal
2025-05-16T02:00:00,M-102,53.92,2.1,230.17,normal
2025-05-16T03:00:00,M-102,55.78,2.5,229.74,normal
2025-05-16T04:00:00,M-102,53.12,2.35,229.54,normal
2025-05-16T05:00:00,M-102,53.9,2.32,227.36,normal
2025-05-16T06:00:00,M-102,53.57,2.48,229.35,normal
2025-05-16T07:00:00,M-102,55.66,2.41,228.29,normal
2025-05-16T08:00:00,M-102,55.27,2.38,231.41,normal
2025-05-16T09:00:00,M-102,56.72,2.58,233.1,normal
2025-05-16T10:00:00,M-102,55.94,2.12,231.4,normal
2025-05-16T11:00:00,M-102,54.3,1.94,227.96,normal
2025-05-16T12:00:00,M-102,55.14,2.2,229.29,normal
2025-05-16T13:00:00,M-102,56.38,2.19,229.0,normal
2025-05-16T14:00:00,M-102,55.08,2.2,231.02,normal
2025-05-16T15:00:00,M-102,55.02,2.35,229.46,normal
2025-05-16T16:00:00,M-102,54.93,2.3,228.96,normal
2025-05-16T17:00:00,M-102,55.33,2.24,231.6,normal
2025-05-16T18:00:00,M-102,52.17,2.4,229.61,normal
2025-05-16T19:00:00,M-102,55.17,2.42,230.86,normal
2025-05-16T20:00:00,M-102,53.42,2.17,231.22,normal
2025-05-16T21:00:00,M-102,54.74,2.27,231.39,normal
2025-05-16T22:00:00,M-102,57.43,2.11,227.73,normal
2025-05-16T23:00:00,M-102,54.21,2.14,231.56,normal
2025-05-17T00:00:00,M-102,55.39,2.4,230.41,normal
2025-05-17T01:00:00,M-102,53.5,2.27,229.14,normal
2025-05-17T02:00:00,M-102,55.46,1.97,231.26,normal
2025-05-17T03:00:00,M-102,53.87,2.15,231.39,normal
2025-05-17T04:00:00,M-102,54.81,2.08,232.3,normal
2025-05-17T05:00:00,M-102,54.69,2.36,229.97,normal
2025-05-17T06:00:00,M-102,52.94,2.18,230.68,normal
2025-05-17T07:00:00,M-102,54.9,2.46,227.62,normal
2025-05-17T08:00:00,M-102,54.22,2.3,231.79,normal
2025-05-17T09:00:00,M-102,56.09,2.07,230.6,normal
2025-05-17T10:00:00,M-102,55.69,2.48,233.32,normal
2025-05-17T11:00:00,M-102,55.66,2.31,231.21,normal
2025-05-17T12:00:00,M-102,54.96,2.25,230.67,normal
2025-05-17T13:00:00,M-102,55.25,2.31,230.13,normal
2025-05-17T14:00:00,M-102,54.41,2.38,231.5,normal
2025-05-17T15:00:00,M-102,54.21,2.3,228.83,normal
2025-05-17T16:00:00,M-102,55.47,2.11,229.21,normal
2025-05-17T17:00:00,M-102,55.58,2.08,231.22,normal
2025-05-17T18:00:00,M-102,57.0,2.17,228.98,normal
2025-05-17T19:00:00,M-102,55.55,2.18,227.88,normal
2025-05-17T20:00:00,M-102,57.66,2.14,232.85,normal
2025-05-17T21:00:00,M-102,56.13,2.31,230.7,normal
2025-05-17T22:00:00,M-102,54.7,2.3,229.22,normal
2025-05-17T23:00:00,M-102,55.55,2.08,230.16,normal
2025-05-18T00:00:00,M-102,51.66,2.13,230.66,normal
2025-05-18T01:00:00,M-102,55.18,2.26,230.87,normal
2025-05-18T02:00:00,M-102,57.14,2.13,224.74,normal
2025-05-18T03:00:00,M-102,55.69,2.24,230.12,normal
2025-05-18T04:00:00,M-102,55.94,2.44,230.55,normal
2025-05-18T05:00:00,M-102,54.0,2.32,229.08,normal
2025-05-18T06:00:00,M-102,53.28,2.05,230.11,normal
2025-05-18T07:00:00,M-102,53.46,2.15,230.78,normal
2025-05-18T08:00:00,M-102,52.36,2.39,233.07,normal
2025-05-18T09:00:00,M-102,54.89,2.2,229.73,normal
2025-05-18T10:00:00,M-102,51.55,2.24,227.84,normal
2025-05-18T11:00:00,M-102,54.89,2.05,228.79,normal
2025-05-18T12:00:00,M-102,54.2,2.06,226.81,normal
2025-05-18T13:00:00,M-102,56.46,2.05,231.42,normal
2025-05-18T14:00:00,M-102,55.96,2.16,230.15,normal
2025-05-18T15:00:00,M-102,55.13,2.28,230.69,normal
2025-05-18T16:00:00,M-102,54.73,2.2,231.6,normal
2025-05-18T17:00:00,M-102,54.11,1.96,227.01,normal
2025-05-18T18:00:00,M-102,54.63,2.35,233.17,normal
2025-05-18T19:00:00,M-102,54.38,2.23,228.82,normal
2025-05-18T20:00:00,M-102,55.19,2.18,231.41,normal
2025-05-18T21:00:00,M-102,56.0,2.27,230.2,normal
2025-05-18T22:00:00,M-102,56.1,2.18,231.99,normal
2025-05-18T23:00:00,M-102,56.79,2.33,232.58,normal
2025-05-19T00:00:00,M-102,54.33,2.28,230.47,normal
2025-05-19T01:00:00,M-102,54.21,2.26,229.86,normal
2025-05-19T02:00:00,M-102,55.62,2.23,231.12,normal
2025-05-19T03:00:00,M-102,54.7,2.21,231.43,normal
2025-05-19T04:00:00,M-102,56.6,2.23,227.49,normal
2025-05-19T05:00:00,M-102,56.14,2.3,228.52,normal
2025-05-19T06:00:00,M-102,52.72,1.98,227.71,normal
2025-05-19T07:00:00,M-102,57.16,2.14,229.87,normal
2025-05-19T08:00:00,M-102,55.94,2.43,230.31,normal
2025-05-19T09:00:00,M-102,54.99,2.36,232.03,normal
2025-05-19T10:00:00,M-102,55.38,2.13,228.5,normal
2025-05-19T11:00:00,M-102,56.08,2.07,229.26,normal
2025-05-19T12:00:00,M-102,52.5,2.03,230.99,normal
2025-05-19T13:00:00,M-102,54.39,2.32,229.86,normal
2025-05-19T14:00:00,M-102,54.42,2.34,230.27,normal
2025-05-19T15:00:00,M-102,54.69,2.43,228.66,normal
2025-05-19T16:00:00,M-102,53.72,2.21,230.03,normal
2025-05-19T17:00:00,M-102,52.86,2.16,229.72,normal
2025-05-19T18:00:00,M-102,54.02,2.24,226.9,normal
2025-05-19T19:00:00,M-102,55.57,2.36,233.4,normal
2025-05-19T20:00:00,M-102,53.5,2.35,228.86,normal
2025-05-19T21:00:00,M-102,53.16,2.2,228.88,normal
2025-05-19T22:00:00,M-102,54.34,2.08,230.75,normal
2025-05-19T23:00:00,M-102,54.86,2.27,230.42,normal
2025-05-20T00:00:00,M-102,55.56,2.21,228.27,normal
2025-05-20T01:00:00,M-102,55.85,2.15,230.17,normal
2025-05-20T02:00:00,M-102,55.21,2.23,229.06,normal
2025-05-20T03:00:00,M-102,54.36,2.07,229.62,normal
2025-05-20T04:00:00,M-102,55.89,2.07,230.46,normal
2025-05-20T05:00:00,M-102,57.1,1.99,230.16,normal
2025-05-20T06:00:00,M-102,55.41,2.17,229.23,normal
2025-05-20T07:00:00,M-102,55.92,2.19,230.42,normal
2025-05-20T08:00:00,M-102,53.71,2.39,232.94,normal
2025-05-20T09:00:00,M-102,54.73,2.27,229.28,normal
2025-05-20T10:00:00,M-102,56.5,2.27,230.4,normal
2025-05-20T11:00:00,M-102,54.94,2.06,230.41,normal
2025-05-20T12:00:00,M-102,55.47,1.94,230.22,normal
2025-05-20T13:00:00,M-102,52.88,2.43,230.26,normal
2025-05-20T14:00:00,M-102,55.63,2.09,232.76,normal
2025-05-20T15:00:00,M-102,55.51,2.22,229.83,normal
2025-05-20T16:00:00,M-102,54.06,2.15,229.58,normal
2025-05-20T17:00:00,M-102,53.65,2.37,227.77,normal
2025-05-20T18:00:00,M-102,55.53,2.39,230.43,normal
2025-05-20T19:00:00,M-102,55.48,2.14,228.55,normal
2025-05-20T20:00:00,M-102,57.12,1.99,230.69,normal
2025-05-20T21:00:00,M-102,53.76,2.29,231.01,normal
2025-05-20T22:00:00,M-102,56.43,2.21,230.11,normal
2025-05-20T23:00:00,M-102,54.69,2.21,229.97,normal
2025-05-21T00:00:00,M-102,56.02,2.18,229.77,normal
2025-05-21T01:00:00,M-102,57.74,2.03,230.25,normal
2025-05-21T02:00:00,M-102,57.99,2.02,232.18,normal
2025-05-21T03:00:00,M-102,55.3,2.36,231.07,normal
2025-05-21T04:00:00,M-102,53.32,2.34,229.58,normal
2025-05-21T05:00:00,M-102,53.29,2.28,228.57,normal
2025-05-21T06:00:00,M-102,54.84,2.25,227.88,normal
2025-05-21T07:00:00,M-102,55.99,2.32,230.24,normal
2025-05-21T08:00:00,M-102,56.13,2.19,232.3,normal
2025-05-21T09:00:00,M-102,54.55,2.24,231.1,normal
2025-05-21T10:00:00,M-102,55.62,1.98,229.61,normal
2025-05-21T11:00:00,M-102,56.4,2.13,227.89,normal
2025-05-21T12:00:00,M-102,55.57,2.06,231.93,normal
2025-05-21T13:00:00,M-102,54.3,1.85,228.24,normal
2025-05-21T14:00:00,M-102,53.77,2.1,230.49,normal
2025-05-21T15:00:00,M-102,55.13,2.34,228.85,normal
2025-05-21T16:00:00,M-102,54.46,2.26,230.77,normal
2025-05-21T17:00:00,M-102,56.02,1.98,230.32,normal
2025-05-21T18:00:00,M-102,55.54,2.28,229.59,normal
2025-05-21T19:00:00,M-102,55.32,1.95,228.55,normal
2025-05-21T20:00:00,M-102,56.38,2.08,230.51,normal
2025-05-21T21:00:00,M-102,57.61,1.96,228.56,normal
2025-05-21T22:00:00,M-102,55.19,2.25,230.25,normal
2025-05-21T23:00:00,M-102,55.21,2.02,229.58,normal
2025-05-22T00:00:00,M-102,56.19,2.05,229.74,normal
2025-05-22T01:00:00,M-102,55.0,2.34,229.05,normal
2025-05-22T02:00:00,M-102,56.59,2.25,230.43,normal
2025-05-22T03:00:00,M-102,54.77,2.11,228.28,normal
2025-05-22T04:00:00,M-102,55.92,2.2,231.25,normal
2025-05-22T05:00:00,M-102,55.91,2.07,230.21,normal
2025-05-22T06:00:00,M-102,54.24,1.93,231.47,normal
2025-05-22T07:00:00,M-102,55.14,2.22,231.82,normal
2025-05-22T08:00:00,M-102,53.69,2.37,229.3,normal
2025-05-22T09:00:00,M-102,55.43,2.21,228.8,normal
2025-05-22T10:00:00,M-102,53.33,2.36,229.41,normal
2025-05-22T11:00:00,M-102,55.48,2.13,230.37,normal
2025-05-22T12:00:00,M-102,54.8,2.19,231.25,normal
2025-05-22T13:00:00,M-102,56.97,2.06,229.18,normal
2025-05-22T14:00:00,M-102,55.47,2.15,229.92,normal
2025-05-22T15:00:00,M-102,55.94,2.2,228.52,normal
2025-05-22T16:00:00,M-102,56.05,2.23,230.7,normal
2025-05-22T17:00:00,M-102,55.21,1.93,231.85,normal
2025-05-22T18:00:00,M-102,54.15,2.37,228.25,normal
2025-05-22T19:00:00,M-102,55.13,2.25,229.16,normal
2025-05-22T20:00:00,M-102,55.55,2.28,229.25,normal
2025-05-22T21:00:00,M-102,55.78,2.22,230.98,normal
2025-05-22T22:00:00,M-102,54.09,2.11,229.35,normal
2025-05-22T23:00:00,M-102,54.45,2.15,230.83,normal
2025-05-23T00:00:00,M-102,55.45,2.09,229.75,normal
2025-05-23T01:00:00,M-102,55.59,2.09,229.53,normal
2025-05-23T02:00:00,M-102,54.5,2.06,228.52,normal
2025-05-23T03:00:00,M-102,54.14,2.3,229.49,normal
2025-05-23T04:00:00,M-102,55.47,2.12,227.85,normal
2025-05-23T05:00:00,M-102,54.4,2.33,230.17,normal
2025-05-23T06:00:00,M-102,54.41,2.25,230.01,normal
2025-05-23T07:00:00,M-102,54.42,2.11,230.46,normal
2025-05-23T08:00:00,M-102,54.52,1.98,230.47,normal
2025-05-23T09:00:00,M-102,53.58,1.94,227.99,normal
2025-05-23T10:00:00,M-102,52.48,2.38,229.61,normal
2025-05-23T11:00:00,M-102,56.2,2.25,229.56,normal
2025-05-23T12:00:00,M-102,53.2,2.28,229.71,normal
2025-05-23T13:00:00,M-102,54.86,2.0,231.96,normal
2025-05-23T14:00:00,M-102,54.01,2.25,230.01,normal
2025-05-23T15:00:00,M-102,56.99,2.44,230.71,normal
2025-05-23T16:00:00,M-102,54.72,2.37,231.32,normal
2025-05-23T17:00:00,M-102,53.12,2.21,229.08,normal
2025-05-23T18:00:00,M-102,56.55,2.43,228.86,normal
2025-05-23T19:00:00,M-102,54.62,2.08,230.85,normal
2025-05-23T20:00:00,M-102,56.1,1.99,227.7,normal
2025-05-23T21:00:00,M-102,55.78,2.24,228.86,normal
2025-05-23T22:00:00,M-102,55.51,2.37,232.26,normal
2025-05-23T23:00:00,M-102,55.68,2.11,231.28,normal
2025-05-24T00:00:00,M-102,55.65,2.13,232.25,normal
2025-05-24T01:00:00,M-102,56.7,2.53,230.23,normal
2025-05-24T02:00:00,M-102,54.65,2.18,230.21,normal
2025-05-24T03:00:00,M-102,54.07,2.0,232.61,normal
2025-05-24T04:00:00,M-102,55.94,2.27,231.55,normal
2025-05-24T05:00:00,M-102,54.4,2.16,229.8,normal
2025-05-24T06:00:00,M-102,56.71,2.19,230.47,normal
2025-05-24T07:00:00,M-102,54.56,2.27,230.94,normal
2025-05-24T08:00:00,M-102,55.08,2.15,232.85,normal
2025-05-24T09:00:00,M-102,53.96,2.1,231.12,normal
2025-05-24T10:00:00,M-102,53.87,2.06,230.73,normal
2025-05-24T11:00:00,M-102,56.13,2.54,232.9,normal
2025-05-24T12:00:00,M-102,55.61,2.49,228.28,normal
2025-05-24T13:00:00,M-102,54.87,1.99,232.12,normal
2025-05-24T14:00:00,M-102,54.38,2.24,229.51,normal
2025-05-24T15:00:00,M-102,55.31,2.16,231.08,normal
2025-05-24T16:00:00,M-102,56.28,2.15,230.01,normal
2025-05-24T17:00:00,M-102,54.75,2.09,232.43,normal
2025-05-24T18:00:00,M-102,52.74,1.94,227.59,normal
2025-05-24T19:00:00,M-102,56.49,2.29,231.62,normal
2025-05-24T20:00:00,M-102,53.69,2.19,233.09,normal
2025-05-24T21:00:00,M-102,53.51,1.91,227.98,normal
2025-05-24T22:00:00,M-102,54.69,2.33,231.29,normal
2025-05-24T23:00:00,M-102,54.86,2.26,229.95,normal
2025-05-25T00:00:00,M-102,54.56,2.4,230.21,normal
2025-05-25T01:00:00,M-102,54.83,2.21,230.31,normal
2025-05-25T02:00:00,M-102,55.6,2.37,230.06,normal
2025-05-25T03:00:00,M-102,55.59,2.16,229.27,normal
2025-05-25T04:00:00,M-102,57.34,2.15,232.66,normal
2025-05-25T05:00:00,M-102,53.33,2.46,228.43,normal
2025-05-25T06:00:00,M-102,54.98,2.22,230.11,normal
2025-05-25T07:00:00,M-102,55.05,2.1,231.26,normal
2025-05-25T08:00:00,M-102,54.71,2.05,231.31,normal
2025-05-25T09:00:00,M-102,55.63,2.11,228.17,normal
2025-05-25T10:00:00,M-102,56.24,2.23,229.82,normal
2025-05-25T11:00:00,M-102,54.27,2.04,232.09,normal
2025-05-25T12:00:00,M-102,55.54,2.1,230.97,normal
2025-05-25T13:00:00,M-102,55.39,2.23,227.53,normal
2025-05-25T14:00:00,M-102,55.67,2.31,228.47,normal
2025-05-25T15:00:00,M-102,55.67,2.17,230.37,normal
2025-05-25T16:00:00,M-102,53.84,2.32,230.09,normal
2025-05-25T17:00:00,M-102,54.96,2.25,228.54,normal
2025-05-25T18:00:00,M-102,55.59,2.46,231.03,normal
2025-05-25T19:00:00,M-102,55.03,2.08,230.38,normal
2025-05-25T20:00:00,M-102,55.0,2.16,229.32,normal
2025-05-25T21:00:00,M-102,54.94,2.3,230.17,normal
2025-05-25T22:00:00,M-102,55.49,2.25,226.45,normal
2025-05-25T23:00:00,M-102,57.89,2.31,229.87,normal
2025-05-26T00:00:00,M-102,55.07,2.35,230.89,normal
2025-05-26T01:00:00,M-102,56.85,1.99,230.28,normal
2025-05-26T02:00:00,M-102,54.24,2.24,230.57,normal
2025-05-26T03:00:00,M-102,55.54,2.07,231.11,normal
2025-05-26T04:00:00,M-102,56.23,2.23,230.26,normal
2025-05-26T05:00:00,M-102,56.82,2.35,229.4,normal
2025-05-26T06:00:00,M-102,56.44,2.28,228.69,normal
2025-05-26T07:00:00,M-102,54.33,1.94,228.9,normal
2025-05-26T08:00:00,M-102,55.09,2.34,229.99,normal
2025-05-26T09:00:00,M-102,54.55,2.16,229.15,normal
2025-05-26T10:00:00,M-102,54.55,2.47,230.21,normal
2025-05-26T11:00:00,M-102,53.77,2.19,229.07,normal
2025-05-26T12:00:00,M-102,53.79,2.08,232.72,normal
2025-05-26T13:00:00,M-102,54.02,2.09,229.84,normal
2025-05-26T14:00:00,M-102,56.34,2.53,230.95,normal
2025-05-26T15:00:00,M-102,55.58,2.16,229.81,normal
2025-05-26T16:00:00,M-102,56.68,2.11,231.03,normal
2025-05-26T17:00:00,M-102,53.97,2.19,229.83,normal
2025-05-26T18:00:00,M-102,56.09,1.94,227.8,normal
2025-05-26T19:00:00,M-102,55.07,2.22,231.22,normal
2025-05-26T20:00:00,M-102,53.36,2.35,230.92,normal
2025-05-26T21:00:00,M-102,54.82,2.41,229.24,normal
2025-05-26T22:00:00,M-102,56.34,2.4,229.9,normal
2025-05-26T23:00:00,M-102,55.3,2.14,230.4,normal
2025-05-27T00:00:00,M-102,55.63,2.14,230.03,normal
2025-05-27T01:00:00,M-102,55.47,2.02,230.19,normal
2025-05-27T02:00:00,M-102,55.23,2.43,230.79,normal
2025-05-27T03:00:00,M-102,54.69,2.19,231.0,normal
2025-05-27T04:00:00,M-102,53.89,2.28,228.86,normal
2025-05-27T05:00:00,M-102,56.22,2.36,228.93,normal
2025-05-27T06:00:00,M-102,56.01,2.32,228.28,normal
2025-05-27T07:00:00,M-102,54.68,2.2,231.47,normal
2025-05-27T08:00:00,M-102,54.27,2.38,231.62,normal
2025-05-27T09:00:00,M-102,54.91,2.17,230.45,normal
2025-05-27T10:00:00,M-102,55.58,2.29,228.0,normal
2025-05-27T11:00:00,M-102,54.42,1.99,231.81,normal
2025-05-27T12:00:00,M-102,56.12,2.19,231.04,normal
2025-05-27T13:00:00,M-102,53.81,2.21,230.81,normal
2025-05-27T14:00:00,M-102,53.2,2.22,228.37,normal
2025-05-27T15:00:00,M-102,56.2,2.19,229.56,normal
2025-05-27T16:00:00,M-102,53.83,2.36,230.27,normal
2025-05-27T17:00:00,M-102,54.41,2.12,228.91,normal
2025-05-27T18:00:00,M-102,56.44,2.14,232.65,normal
2025-05-27T19:00:00,M-102,54.64,2.07,229.72,normal
2025-05-27T20:00:00,M-102,54.9,2.32,233.65,normal
2025-05-27T21:00:00,M-102,57.22,2.3,228.06,normal
2025-05-27T22:00:00,M-102,56.87,2.48,227.92,normal
2025-05-27T23:00:00,M-102,54.82,2.27,233.25,normal
2025-05-28T00:00:00,M-102,56.2,2.24,226.72,normal
2025-05-28T01:00:00,M-102,56.28,2.03,229.26,normal
2025-05-28T02:00:00,M-102,53.38,2.29,233.0,normal
2025-05-28T03:00:00,M-102,55.36,2.34,229.09,normal
2025-05-28T04:00:00,M-102,53.61,2.26,227.56,normal
2025-05-28T05:00:00,M-102,54.07,2.22,228.63,normal
2025-05-28T06:00:00,M-102,55.63,2.54,231.33,normal
2025-05-28T07:00:00,M-102,56.7,2.09,229.79,normal
2025-05-28T08:00:00,M-102,55.01,2.28,228.38,normal
2025-05-28T09:00:00,M-102,54.24,2.36,231.04,normal
2025-05-28T10:00:00,M-102,57.15,2.45,230.68,normal
2025-05-28T11:00:00,M-102,54.31,2.11,228.7,normal
2025-05-28T12:00:00,M-102,56.1,2.36,232.26,normal
2025-05-28T13:00:00,M-102,54.49,2.39,229.29,normal
2025-05-28T14:00:00,M-102,55.1,2.13,230.74,normal
2025-05-28T15:00:00,M-102,55.29,2.22,226.81,normal
2025-05-28T16:00:00,M-102,55.57,2.35,231.47,normal
2025-05-28T17:00:00,M-102,53.62,1.9,232.02,normal
2025-05-28T18:00:00,M-102,55.07,2.15,228.47,normal
2025-05-28T19:00:00,M-102,54.22,2.04,228.98,normal
2025-05-28T20:00:00,M-102,55.57,1.95,232.58,normal
2025-05-28T21:00:00,M-102,56.55,1.94,230.36,normal
2025-05-28T22:00:00,M-102,55.24,2.34,225.39,normal
2025-05-28T23:00:00,M-102,56.56,2.42,229.21,normal
2025-05-29T00:00:00,M-102,54.54,2.34,230.55,normal
2025-05-29T01:00:00,M-102,57.13,2.02,228.17,normal
2025-05-29T02:00:00,M-102,54.8,2.22,229.28,normal
2025-05-29T03:00:00,M-102,55.78,2.1,230.88,normal
2025-05-29T04:00:00,M-102,53.65,2.45,231.32,normal
2025-05-29T05:00:00,M-102,55.26,2.08,229.55,normal
2025-05-29T06:00:00,M-102,53.91,1.99,228.56,normal
2025-05-29T07:00:00,M-102,56.45,2.15,231.51,normal
2025-05-29T08:00:00,M-102,55.21,2.13,228.3,normal
2025-05-29T09:00:00,M-102,54.62,2.21,228.93,normal
2025-05-29T10:00:00,M-102,54.18,2.04,232.1,normal
2025-05-29T11:00:00,M-102,53.21,2.27,228.28,normal
2025-05-29T12:00:00,M-102,54.56,2.47,228.89,normal
2025-05-29T13:00:00,M-102,55.55,2.04,232.69,normal
2025-05-29T14:00:00,M-102,56.55,2.43,228.88,normal
2025-05-29T15:00:00,M-102,53.16,2.01,227.78,normal
2025-05-29T16:00:00,M-102,56.4,2.24,229.69,normal
2025-05-29T17:00:00,M-102,54.03,2.26,229.61,normal
2025-05-29T18:00:00,M-102,54.36,2.24,228.43,normal
2025-05-29T19:00:00,M-102,53.26,2.36,232.66,normal
2025-05-29T20:00:00,M-102,52.67,2.28,227.71,normal
2025-05-29T21:00:00,M-102,54.29,2.14,231.42,normal
2025-05-29T22:00:00,M-102,52.93,2.42,229.97,normal
2025-05-29T23:00:00,M-102,57.01,2.07,226.75,normal
2025-05-30T00:00:00,M-102,55.92,2.04,233.72,normal
2025-05-30T01:00:00,M-102,55.44,2.36,228.42,normal
2025-05-30T02:00:00,M-102,54.84,2.23,227.21,normal
2025-05-30T03:00:00,M-102,53.34,2.22,230.79,normal
2025-05-30T04:00:00,M-102,54.4,2.5,232.16,normal
2025-05-30T05:00:00,M-102,52.68,2.11,228.25,normal
2025-05-30T06:00:00,M-102,53.65,2.13,227.0,normal
2025-05-30T07:00:00,M-102,55.42,2.39,232.05,normal
2025-05-30T08:00:00,M-102,52.93,2.24,230.73,normal
2025-05-30T09:00:00,M-102,54.47,2.46,231.02,normal
2025-05-30T10:00:00,M-102,56.56,2.22,230.94,normal
2025-05-30T11:00:00,M-102,55.96,2.05,227.44,normal
2025-05-30T12:00:00,M-102,55.03,2.05,231.4,normal
2025-05-30T13:00:00,M-102,53.7,2.27,228.04,normal
2025-05-30T14:00:00,M-102,57.39,2.24,228.14,normal
2025-05-30T15:00:00,M-102,55.0,2.22,226.27,normal
2025-05-30T16:00:00,M-102,53.6,2.25,228.67,normal
2025-05-30T17:00:00,M-102,54.56,2.42,231.85,normal
2025-05-30T18:00:00,M-102,55.18,2.27,232.42,normal
2025-05-30T19:00:00,M-102,55.46,1.97,230.33,normal
2025-05-30T20:00:00,M-102,53.45,2.08,230.03,normal
2025-05-30T21:00:00,M-102,54.93,2.18,231.15,normal
2025-05-30T22:00:00,M-102,54.67,2.23,231.07,normal
2025-05-30T23:00:00,M-102,54.4,2.16,229.54,normal
2025-05-31T00:00:00,M-102,53.57,2.08,230.64,normal
2025-05-31T01:00:00,M-102,55.12,1.97,231.08,normal
2025-05-31T02:00:00,M-102,55.86,2.34,231.84,normal
2025-05-31T03:00:00,M-102,55.16,2.29,229.72,normal
2025-05-31T04:00:00,M-102,53.72,2.19,230.64,normal
2025-05-31T05:00:00,M-102,55.32,2.1,228.94,normal
2025-05-31T06:00:00,M-102,54.22,2.14,229.5,normal
2025-05-31T07:00:00,M-102,55.63,2.18,226.69,normal
2025-05-31T08:00:00,M-102,55.86,2.13,232.92,normal
2025-05-31T09:00:00,M-102,57.2,2.35,229.67,normal
2025-05-31T10:00:00,M-102,54.87,1.98,232.16,normal
2025-05-31T11:00:00,M-102,54.44,2.35,230.58,normal
2025-05-31T12:00:00,M-102,57.27,2.23,230.02,normal
2025-05-31T13:00:00,M-102,54.41,1.94,230.68,normal
2025-05-31T14:00:00,M-102,54.12,2.35,231.8,normal
2025-05-31T15:00:00,M-102,55.34,2.54,230.59,normal
2025-05-31T16:00:00,M-102,55.99,2.09,231.02,normal
2025-05-31T17:00:00,M-102,54.92,2.42,229.93,normal
2025-05-31T18:00:00,M-102,52.32,2.34,231.72,normal
2025-05-31T19:00:00,M-102,53.56,2.19,230.61,normal
2025-05-31T20:00:00,M-102,55.96,2.06,228.77,normal
2025-05-31T21:00:00,M-102,54.41,2.12,229.12,normal
2025-05-31T22:00:00,M-102,55.23,1.99,230.59,normal
2025-05-31T23:00:00,M-102,53.84,2.12,229.03,normal
2025-06-01T00:00:00,M-102,55.94,2.23,229.17,normal
2025-06-01T01:00:00,M-102,55.45,2.04,230.34,normal
2025-06-01T02:00:00,M-102,55.2,2.21,228.03,normal
2025-06-01T03:00:00,M-102,55.44,2.28,230.58,normal
2025-06-01T04:00:00,M-102,54.42,2.35,232.73,normal
2025-06-01T05:00:00,M-102,56.45,2.24,232.53,normal
2025-06-01T06:00:00,M-102,54.07,1.94,228.68,normal
2025-06-01T07:00:00,M-102,54.21,2.1,229.8,normal
2025-06-01T08:00:00,M-102,55.36,2.15,228.44,normal
2025-06-01T09:00:00,M-102,54.62,2.27,228.53,normal
2025-06-01T10:00:00,M-102,53.24,2.13,229.45,normal
2025-06-01T11:00:00,M-102,58.96,2.24,229.11,normal
2025-06-01T12:00:00,M-102,54.58,2.11,231.09,normal
2025-06-01T13:00:00,M-102,57.61,2.27,229.16,normal
2025-06-01T14:00:00,M-102,55.23,2.6,228.63,normal
2025-06-01T15:00:00,M-102,54.24,2.12,229.36,normal
2025-06-01T16:00:00,M-102,52.16,2.05,229.53,normal
2025-06-01T17:00:00,M-102,55.92,2.05,228.31,normal
2025-06-01T18:00:00,M-102,54.58,2.0,227.08,normal
2025-06-01T19:00:00,M-102,55.04,2.25,229.35,normal
2025-06-01T20:00:00,M-102,55.49,2.28,231.16,normal
2025-06-01T21:00:00,M-102,54.71,2.27,229.16,normal
2025-06-01T22:00:00,M-102,55.21,2.33,232.56,normal
2025-06-01T23:00:00,M-102,55.51,2.13,229.18,normal
2025-06-02T00:00:00,M-102,53.58,2.32,231.83,normal
2025-06-02T01:00:00,M-102,54.1,2.13,229.76,normal
2025-06-02T02:00:00,M-102,53.2,2.02,230.77,normal
2025-06-02T03:00:00,M-102,54.2,2.29,230.55,normal
2025-06-02T04:00:00,M-102,56.65,2.1,232.12,normal
2025-06-02T05:00:00,M-102,54.49,2.2,231.92,normal
2025-06-02T06:00:00,M-102,54.38,2.03,231.02,normal
2025-06-02T07:00:00,M-102,54.62,1.96,231.94,normal
2025-06-02T08:00:00,M-102,54.16,2.32,229.87,normal
2025-06-02T09:00:00,M-102,54.06,2.21,227.95,normal
2025-06-02T10:00:00,M-102,56.33,2.05,230.06,normal
2025-06-02T11:00:00,M-102,57.89,2.16,229.99,normal
2025-06-02T12:00:00,M-102,53.37,2.43,230.33,normal
2025-06-02T13:00:00,M-102,55.26,1.98,229.4,normal
2025-06-02T14:00:00,M-102,54.8,2.13,228.98,normal
2025-06-02T15:00:00,M-102,52.36,2.03,233.2,normal
2025-06-02T16:00:00,M-102,55.41,2.33,228.13,normal
2025-06-02T17:00:00,M-102,56.52,2.12,229.47,normal
2025-06-02T18:00:00,M-102,55.19,2.18,230.94,normal
2025-06-02T19:00:00,M-102,53.72,2.21,228.24,normal
2025-06-02T20:00:00,M-102,57.8,1.97,232.04,normal
2025-06-02T21:00:00,M-102,56.46,2.16,229.76,normal
2025-06-02T22:00:00,M-102,54.8,2.27,230.83,normal
2025-06-02T23:00:00,M-102,55.54,2.31,230.49,normal
2025-06-03T00:00:00,M-102,53.93,2.29,229.1,normal
2025-06-03T01:00:00,M-102,53.73,2.25,229.67,normal
2025-06-03T02:00:00,M-102,51.84,2.32,229.99,normal
2025-06-03T03:00:00,M-102,55.53,2.0,229.66,normal
2025-06-03T04:00:00,M-102,54.23,2.19,231.65,normal
2025-06-03T05:00:00,M-102,53.88,2.14,229.42,normal
2025-06-03T06:00:00,M-102,55.39,1.96,230.95,normal
2025-06-03T07:00:00,M-102,54.27,2.41,231.79,normal
2025-06-03T08:00:00,M-102,54.59,2.11,229.31,normal
2025-06-03T09:00:00,M-102,54.15,2.34,232.88,normal
2025-06-03T10:00:00,M-102,53.47,2.08,230.18,normal
2025-06-03T11:00:00,M-102,55.25,2.26,228.09,normal
2025-06-03T12:00:00,M-102,55.93,2.15,230.9,normal
2025-06-03T13:00:00,M-102,54.73,1.99,231.33,normal
2025-06-03T14:00:00,M-102,54.72,2.11,227.91,normal
2025-06-03T15:00:00,M-102,54.51,2.38,231.8,normal
2025-06-03T16:00:00,M-102,55.82,2.11,230.2,normal
2025-06-03T17:00:00,M-102,55.27,2.11,229.44,normal
2025-06-03T18:00:00,M-102,55.24,2.06,229.58,normal
2025-06-03T19:00:00,M-102,53.66,2.1,229.23,normal
2025-06-03T20:00:00,M-102,55.44,2.28,228.92,normal
2025-06-03T21:00:00,M-102,55.13,2.42,226.74,normal
2025-06-03T22:00:00,M-102,54.81,1.98,231.82,normal
2025-06-03T23:00:00,M-102,55.56,2.27,230.49,normal
2025-06-04T00:00:00,M-102,53.0,2.37,229.55,normal
2025-06-04T01:00:00,M-102,54.8,1.97,230.09,normal
2025-06-04T02:00:00,M-102,52.98,1.97,233.51,normal
2025-06-04T03:00:00,M-102,54.7,2.54,232.17,normal
2025-06-04T04:00:00,M-102,56.53,1.9,232.48,normal
2025-06-04T05:00:00,M-102,55.1,2.11,233.12,normal
2025-06-04T06:00:00,M-102,56.03,2.33,228.37,normal
2025-06-04T07:00:00,M-102,54.62,2.3,229.87,normal
2025-06-04T08:00:00,M-102,52.65,2.23,229.9,normal
2025-06-04T09:00:00,M-102,54.63,2.25,229.22,normal
2025-06-04T10:00:00,M-102,56.61,1.94,228.88,normal
2025-06-04T11:00:00,M-102,55.66,2.35,232.4,normal
2025-06-04T12:00:00,M-102,56.22,2.02,231.32,normal
2025-06-04T13:00:00,M-102,54.56,2.41,231.46,normal
2025-06-04T14:00:00,M-102,53.94,2.16,230.25,normal
2025-06-04T15:00:00,M-102,53.56,1.97,229.41,normal
2025-06-04T16:00:00,M-102,55.87,2.41,230.69,normal
2025-06-04T17:00:00,M-102,55.23,2.14,232.03,normal
2025-06-04T18:00:00,M-102,53.33,2.28,231.61,normal
2025-06-04T19:00:00,M-102,56.67,2.07,228.54,normal
2025-06-04T20:00:00,M-102,54.53,2.32,230.68,normal
2025-06-04T21:00:00,M-102,54.95,2.34,229.95,normal
2025-06-04T22:00:00,M-102,54.77,2.46,229.43,normal
2025-06-04T23:00:00,M-102,55.37,2.09,230.74,normal
2025-06-05T00:00:00,M-102,54.26,2.31,229.64,normal
2025-06-05T01:00:00,M-102,54.95,2.55,231.0,normal
2025-06-05T02:00:00,M-102,56.14,2.14,229.5,normal
2025-06-05T03:00:00,M-102,55.96,2.33,230.62,normal
2025-06-05T04:00:00,M-102,56.35,1.88,230.12,normal
2025-06-05T05:00:00,M-102,56.36,2.3,231.74,normal
2025-06-05T06:00:00,M-102,53.86,2.28,228.79,normal
2025-06-05T07:00:00,M-102,53.11,2.46,231.07,normal
2025-06-05T08:00:00,M-102,56.85,2.1,229.88,normal
2025-06-05T09:00:00,M-102,54.18,2.39,229.18,normal
2025-06-05T10:00:00,M-102,54.29,2.14,229.25,normal
2025-06-05T11:00:00,M-102,54.23,2.47,228.34,normal
2025-06-05T12:00:00,M-102,53.94,2.0,231.74,normal
2025-06-05T13:00:00,M-102,53.94,2.31,232.14,normal
2025-06-05T14:00:00,M-102,55.48,2.48,229.1,normal
2025-06-05T15:00:00,M-102,57.99,2.33,227.84,normal
2025-06-05T16:00:00,M-102,55.74,2.14,232.22,normal
2025-06-05T17:00:00,M-102,53.47,2.34,227.75,normal
2025-06-05T18:00:00,M-102,55.68,1.94,226.26,normal
2025-06-05T19:00:00,M-102,55.53,2.02,231.75,normal
2025-06-05T20:00:00,M-102,55.11,2.11,231.58,normal
2025-06-05T21:00:00,M-102,57.25,2.13,228.96,normal
2025-06-05T22:00:00,M-102,55.06,2.02,229.4,normal
2025-06-05T23:00:00,M-102,53.76,2.43,228.32,normal
2025-06-06T00:00:00,M-102,56.63,2.36,229.52,normal
2025-06-06T01:00:00,M-102,54.88,2.05,232.36,normal
2025-06-06T02:00:00,M-102,54.32,2.23,229.29,normal
2025-06-06T03:00:00,M-102,55.01,2.29,230.73,normal
2025-06-06T04:00:00,M-102,56.32,2.2,230.86,normal
2025-06-06T05:00:00,M-102,53.1,2.14,227.22,normal
2025-06-06T06:00:00,M-102,56.07,2.2,228.02,normal
2025-06-06T07:00:00,M-102,54.24,2.26,232.18,normal
2025-06-06T08:00:00,M-102,54.34,2.25,228.1,normal
2025-06-06T09:00:00,M-102,57.85,2.02,231.18,normal
2025-06-06T10:00:00,M-102,54.83,2.08,231.86,normal
2025-06-06T11:00:00,M-102,57.39,2.35,230.1,normal
2025-06-06T12:00:00,M-102,56.23,2.11,229.4,normal
2025-06-06T13:00:00,M-102,53.62,2.13,229.53,normal
2025-06-06T14:00:00,M-102,55.21,2.09,229.2,normal
2025-06-06T15:00:00,M-102,51.83,2.43,231.33,normal
2025-06-06T16:00:00,M-102,55.61,2.22,228.07,normal
2025-06-06T17:00:00,M-102,53.45,2.14,229.21,normal
2025-06-06T18:00:00,M-102,55.46,2.11,226.38,normal
2025-06-06T19:00:00,M-102,55.85,2.11,230.66,normal
2025-06-06T20:00:00,M-102,54.78,2.3,231.0,normal
2025-06-06T21:00:00,M-102,54.36,2.24,230.09,normal
2025-06-06T22:00:00,M-102,55.03,2.0,228.98,normal
2025-06-06T23:00:00,M-102,54.97,2.15,226.86,normal
2025-06-07T00:00:00,M-102,55.92,2.2,229.55,normal
2025-06-07T01:00:00,M-102,53.89,2.08,230.0,normal
2025-06-07T02:00:00,M-102,56.63,2.38,230.0,normal
2025-06-07T03:00:00,M-102,55.1,2.23,231.16,normal
2025-06-07T04:00:00,M-102,56.26,2.33,229.93,normal
2025-06-07T05:00:00,M-102,56.21,1.91,228.34,normal
2025-06-07T06:00:00,M-102,55.53,2.32,228.8,normal
2025-06-07T07:00:00,M-102,56.13,2.16,229.74,normal
2025-06-07T08:00:00,M-102,54.89,2.13,231.53,normal
2025-06-07T09:00:00,M-102,54.47,2.09,231.12,normal
2025-06-07T10:00:00,M-102,53.6,2.19,228.76,normal
2025-06-07T11:00:00,M-102,54.83,1.96,229.32,normal
2025-06-07T12:00:00,M-102,52.96,2.23,230.21,normal
2025-06-07T13:00:00,M-102,53.78,1.98,228.68,normal
2025-06-07T14:00:00,M-102,53.89,2.42,231.09,normal
2025-06-07T15:00:00,M-102,54.1,2.31,230.41,normal
2025-06-07T16:00:00,M-102,53.51,1.95,228.87,normal
2025-06-07T17:00:00,M-102,53.4,2.08,229.08,normal
2025-06-07T18:00:00,M-102,55.35,1.92,232.89,normal
2025-06-07T19:00:00,M-102,54.37,2.04,228.72,normal
2025-06-07T20:00:00,M-102,53.74,2.36,228.6,normal
2025-06-07T21:00:00,M-102,52.0,2.08,230.75,normal
2025-06-07T22:00:00,M-102,53.57,2.18,231.96,normal
2025-06-07T23:00:00,M-102,55.98,2.02,231.11,normal
2025-06-08T00:00:00,M-102,54.96,2.14,232.95,normal
2025-06-08T01:00:00,M-102,54.07,2.3,229.3,normal
2025-06-08T02:00:00,M-102,54.08,1.98,230.69,normal
2025-06-08T03:00:00,M-102,55.26,2.45,228.67,normal
2025-06-08T04:00:00,M-102,56.53,2.12,228.01,normal
2025-06-08T05:00:00,M-102,55.26,2.33,229.53,normal
2025-06-08T06:00:00,M-102,56.43,2.45,232.32,normal
2025-06-08T07:00:00,M-102,55.24,2.07,232.51,normal
2025-06-08T08:00:00,M-102,55.34,2.14,228.22,normal
2025-06-08T09:00:00,M-102,55.58,2.47,230.78,normal
2025-06-08T10:00:00,M-102,53.86,2.23,229.4,normal
2025-06-08T11:00:00,M-102,55.51,2.47,227.43,normal
2025-06-08T12:00:00,M-102,55.33,2.14,230.41,normal
2025-06-08T13:00:00,M-102,54.55,2.05,232.06,normal
2025-06-08T14:00:00,M-102,54.6,2.13,231.61,normal
2025-06-08T15:00:00,M-102,55.89,2.35,228.91,normal
2025-06-08T16:00:00,M-102,54.61,2.3,228.99,normal
2025-06-08T17:00:00,M-102,53.7,2.05,229.01,normal
2025-06-08T18:00:00,M-102,53.22,2.1,229.19,normal
2025-06-08T19:00:00,M-102,56.01,2.04,229.65,normal
2025-06-08T20:00:00,M-102,54.4,2.07,228.26,normal
2025-06-08T21:00:00,M-102,54.84,2.29,229.96,normal
2025-06-08T22:00:00,M-102,53.29,2.36,230.05,normal
2025-06-08T23:00:00,M-102,54.83,1.98,229.35,normal
2025-06-09T00:00:00,M-102,57.17,2.24,229.83,normal
2025-06-09T01:00:00,M-102,57.4,2.38,229.51,normal
2025-06-09T02:00:00,M-102,53.85,2.05,229.72,normal
2025-06-09T03:00:00,M-102,54.17,2.29,228.72,normal
2025-06-09T04:00:00,M-102,56.18,2.01,227.5,normal
2025-06-09T05:00:00,M-102,56.35,2.05,230.28,normal
2025-06-09T06:00:00,M-102,55.68,2.22,231.77,normal
2025-06-09T07:00:00,M-102,55.78,2.2,229.94,normal
2025-06-09T08:00:00,M-102,56.6,2.2,231.36,normal
2025-06-09T09:00:00,M-102,55.85,2.11,230.78,normal
2025-06-09T10:00:00,M-102,58.46,2.05,231.32,normal
2025-06-09T11:00:00,M-102,52.53,2.16,229.32,normal
2025-06-09T12:00:00,M-102,55.6,2.22,228.0,normal
2025-06-09T13:00:00,M-102,53.51,2.18,228.94,normal
2025-06-09T14:00:00,M-102,54.69,2.22,229.95,normal
2025-06-09T15:00:00,M-102,56.68,2.25,230.5,normal
2025-06-09T16:00:00,M-102,54.02,2.4,231.68,normal
2025-06-09T17:00:00,M-102,55.17,2.17,230.6,normal
2025-06-09T18:00:00,M-102,56.35,2.35,229.04,normal
2025-06-09T19:00:00,M-102,56.02,2.2,228.93,normal
2025-06-09T20:00:00,M-102,54.61,2.31,232.74,normal
2025-06-09T21:00:00,M-102,54.58,2.12,230.13,normal
2025-06-09T22:00:00,M-102,54.49,2.0,231.84,normal
2025-06-09T23:00:00,M-102,53.8,2.15,230.05,normal
2025-06-10T00:00:00,M-102,54.72,2.31,228.36,normal
2025-06-10T01:00:00,M-102,53.4,2.24,229.81,normal
2025-06-10T02:00:00,M-102,53.61,2.31,230.34,normal
2025-06-10T03:00:00,M-102,53.03,2.23,230.75,normal
2025-06-10T04:00:00,M-102,55.83,2.09,229.69,normal
2025-06-10T05:00:00,M-102,54.84,2.27,228.83,normal
2025-06-10T06:00:00,M-102,54.85,2.14,229.77,normal
2025-06-10T07:00:00,M-102,54.02,2.25,231.39,normal
2025-06-10T08:00:00,M-102,56.6,2.18,230.52,normal
2025-06-10T09:00:00,M-102,55.02,2.25,228.36,normal
2025-06-10T10:00:00,M-102,52.93,2.41,233.87,normal
2025-06-10T11:00:00,M-102,54.12,2.33,230.39,normal
2025-06-10T12:00:00,M-102,56.57,2.04,230.26,normal
2025-06-10T13:00:00,M-102,57.43,2.53,228.33,normal
2025-06-10T14:00:00,M-102,55.05,2.15,232.96,normal
2025-06-10T15:00:00,M-102,55.99,2.08,230.76,normal
2025-06-10T16:00:00,M-102,54.85,2.0,229.27,normal
2025-06-10T17:00:00,M-102,56.05,1.89,232.27,normal
2025-06-10T18:00:00,M-102,55.85,2.33,227.09,normal
2025-06-10T19:00:00,M-102,55.68,2.07,227.68,normal
2025-06-10T20:00:00,M-102,54.05,2.24,229.96,normal
2025-06-10T21:00:00,M-102,58.13,2.37,232.15,normal
2025-06-10T22:00:00,M-102,55.85,2.23,230.14,normal
2025-06-10T23:00:00,M-102,58.06,2.15,228.26,normal
2025-06-11T00:00:00,M-102,55.57,2.19,230.09,normal
2025-06-11T01:00:00,M-102,53.43,2.08,229.77,normal
2025-06-11T02:00:00,M-102,54.53,2.25,232.15,normal
2025-06-11T03:00:00,M-102,55.44,2.27,229.44,normal
2025-06-11T04:00:00,M-102,53.34,2.25,230.02,normal
2025-06-11T05:00:00,M-102,54.17,2.08,231.12,normal
2025-06-11T06:00:00,M-102,55.71,2.18,231.22,normal
2025-06-11T07:00:00,M-102,53.15,2.19,232.04,normal
2025-06-11T08:00:00,M-102,54.59,2.24,229.63,normal
2025-06-11T09:00:00,M-102,55.41,2.05,227.81,normal
2025-06-11T10:00:00,M-102,56.07,2.27,231.45,normal
2025-06-11T11:00:00,M-102,53.86,2.24,229.73,normal
2025-06-11T12:00:00,M-102,52.46,1.99,230.72,normal
2025-06-11T13:00:00,M-102,56.97,2.12,232.48,normal
2025-06-11T14:00:00,M-102,53.74,2.29,229.5,normal
2025-06-11T15:00:00,M-102,53.6,2.33,228.98,normal
2025-06-11T16:00:00,M-102,55.56,2.33,228.98,normal
2025-06-11T17:00:00,M-102,54.16,2.18,229.84,normal
2025-06-11T18:00:00,M-102,57.15,2.29,229.04,normal
2025-06-11T19:00:00,M-102,55.16,2.17,229.82,normal
2025-06-11T20:00:00,M-102,56.13,2.28,229.52,normal
2025-06-11T21:00:00,M-102,55.92,2.35,230.82,normal
2025-06-11T22:00:00,M-102,54.31,2.42,232.24,normal
2025-06-11T23:00:00,M-102,53.99,2.33,231.13,normal
2025-06-12T00:00:00,M-102,55.63,2.31,229.67,normal
2025-06-12T01:00:00,M-102,54.71,2.67,234.34,normal
2025-06-12T02:00:00,M-102,53.36,2.53,231.13,normal
2025-06-12T03:00:00,M-102,55.09,2.34,232.04,normal
2025-06-12T04:00:00,M-102,55.16,2.27,232.12,normal
2025-06-12T05:00:00,M-102,53.91,1.98,230.74,normal
2025-06-12T06:00:00,M-102,56.85,2.14,230.65,normal
2025-06-12T07:00:00,M-102,54.47,2.2,229.82,normal
2025-06-12T08:00:00,M-102,57.6,1.95,229.08,normal
2025-06-12T09:00:00,M-102,53.42,2.25,233.11,normal
2025-06-12T10:00:00,M-102,52.53,1.77,230.93,normal
2025-06-12T11:00:00,M-102,54.86,2.19,230.07,normal
2025-06-12T12:00:00,M-102,54.99,2.15,229.38,normal
2025-06-12T13:00:00,M-102,55.1,2.12,229.37,normal
2025-06-12T14:00:00,M-102,55.8,2.3,231.5,normal
2025-06-12T15:00:00,M-102,56.35,2.25,232.79,normal
2025-06-12T16:00:00,M-102,55.63,2.23,226.83,normal
2025-06-12T17:00:00,M-102,56.33,2.27,229.8,normal
2025-06-12T18:00:00,M-102,53.1,2.15,228.5,normal
2025-06-12T19:00:00,M-102,54.85,2.24,229.85,normal
2025-06-12T20:00:00,M-102,54.82,2.18,233.11,normal
2025-06-12T21:00:00,M-102,53.83,2.29,228.68,normal
2025-06-12T22:00:00,M-102,54.62,2.37,228.48,normal
2025-06-12T23:00:00,M-102,54.91,2.03,232.16,normal
2025-06-13T00:00:00,M-102,55.42,2.31,229.87,normal
2025-06-13T01:00:00,M-102,56.27,2.01,230.83,normal
2025-06-13T02:00:00,M-102,52.39,2.39,229.1,normal
2025-06-13T03:00:00,M-102,54.44,2.4,229.94,normal
2025-06-13T04:00:00,M-102,55.69,2.12,229.36,normal
2025-06-13T05:00:00,M-102,56.18,2.1,229.18,normal
2025-06-13T06:00:00,M-102,55.7,2.15,227.73,normal
2025-06-13T07:00:00,M-102,54.75,2.45,228.9,normal
2025-06-13T08:00:00,M-102,53.18,2.33,229.26,normal
2025-06-13T09:00:00,M-102,54.31,2.52,230.2,normal
2025-06-13T10:00:00,M-102,53.67,2.29,229.39,normal
2025-06-13T11:00:00,M-102,58.3,2.26,229.5,normal
2025-06-13T12:00:00,M-102,54.42,2.18,228.93,normal
2025-06-13T13:00:00,M-102,55.88,2.5,227.14,normal
2025-06-13T14:00:00,M-102,54.98,2.28,229.99,normal
2025-06-13T15:00:00,M-102,56.24,2.35,230.17,normal
2025-06-13T16:00:00,M-102,54.25,2.35,228.99,normal
2025-06-13T17:00:00,M-102,54.23,2.17,230.3,normal
2025-06-13T18:00:00,M-102,54.34,2.16,230.33,normal
2025-06-13T19:00:00,M-102,56.34,2.09,228.65,normal
2025-06-13T20:00:00,M-102,53.39,2.16,230.26,normal
2025-06-13T21:00:00,M-102,55.7,2.14,228.12,normal
2025-06-13T22:00:00,M-102,53.49,2.35,231.0,normal
2025-06-13T23:00:00,M-102,55.93,2.34,230.1,normal
2025-06-14T00:00:00,M-102,54.41,2.04,230.07,normal
2025-06-14T01:00:00,M-102,54.66,2.03,229.06,normal
2025-06-14T02:00:00,M-102,53.43,2.28,230.19,normal
2025-06-14T03:00:00,M-102,56.62,2.21,229.63,normal
2025-06-14T04:00:00,M-102,55.89,2.25,226.83,normal
2025-06-14T05:00:00,M-102,54.96,1.99,227.98,normal
2025-06-14T06:00:00,M-102,53.7,2.37,232.59,normal
2025-06-14T07:00:00,M-102,54.49,2.28,231.2,normal
2025-06-14T08:00:00,M-102,55.38,2.49,229.75,normal
2025-06-14T09:00:00,M-102,54.33,2.0,228.66,normal
2025-06-14T10:00:00,M-102,54.91,1.9,231.57,normal
2025-06-14T11:00:00,M-102,52.92,1.99,229.1,normal
2025-06-14T12:00:00,M-102,54.44,2.14,229.49,normal
2025-06-14T13:00:00,M-102,57.1,2.13,231.04,normal
2025-06-14T14:00:00,M-102,53.79,2.43,229.71,normal
2025-06-14T15:00:00,M-102,55.26,2.02,228.65,normal
2025-06-14T16:00:00,M-102,54.98,1.99,230.65,normal
2025-06-14T17:00:00,M-102,55.26,1.74,230.27,normal
2025-06-14T18:00:00,M-102,56.1,2.06,230.52,normal
2025-06-14T19:00:00,M-102,56.98,2.19,229.81,normal
2025-06-14T20:00:00,M-102,56.9,2.25,232.11,normal
2025-06-14T21:00:00,M-102,53.86,2.18,230.77,normal
2025-06-14T22:00:00,M-102,55.67,2.34,231.34,normal
2025-06-14T23:00:00,M-102,54.63,2.15,229.5,normal
2025-06-15T00:00:00,M-102,55.88,2.32,228.91,normal
2025-06-15T01:00:00,M-102,55.54,2.15,229.09,normal
2025-06-15T02:00:00,M-102,55.12,2.34,229.47,normal
2025-06-15T03:00:00,M-102,53.92,2.48,233.61,normal
2025-06-15T04:00:00,M-102,53.99,2.14,229.94,normal
2025-06-15T05:00:00,M-102,55.06,2.16,229.71,normal
2025-06-15T06:00:00,M-102,55.41,1.98,228.93,normal
2025-06-15T07:00:00,M-102,56.74,2.15,231.64,normal
2025-06-15T08:00:00,M-102,54.62,2.12,228.15,normal
2025-06-15T09:00:00,M-102,55.48,2.24,225.66,normal
2025-06-15T10:00:00,M-102,54.29,2.42,231.37,normal
2025-06-15T11:00:00,M-102,55.75,2.07,230.47,normal
2025-06-15T12:00:00,M-102,54.0,2.19,231.13,normal
2025-06-15T13:00:00,M-102,56.39,1.95,231.62,normal
2025-06-15T14:00:00,M-102,57.18,2.07,230.05,normal
2025-06-15T15:00:00,M-102,56.15,2.19,231.34,normal
2025-06-15T16:00:00,M-102,55.1,2.31,234.31,normal
2025-06-15T17:00:00,M-102,56.48,2.18,228.89,normal
2025-06-15T18:00:00,M-102,55.49,2.05,227.98,normal
2025-06-15T19:00:00,M-102,54.28,2.22,229.36,normal
2025-06-15T20:00:00,M-102,55.22,2.05,231.57,normal
2025-06-15T21:00:00,M-102,55.26,2.18,228.64,normal
2025-06-15T22:00:00,M-102,54.82,2.14,229.65,normal
2025-06-15T23:00:00,M-102,53.31,2.3,230.12,normal
2025-06-16T00:00:00,M-102,57.01,2.35,227.96,normal
2025-06-16T01:00:00,M-102,54.1,2.27,230.5,normal
2025-06-16T02:00:00,M-102,55.19,2.18,230.92,normal
2025-06-16T03:00:00,M-102,56.48,2.01,229.95,normal
2025-06-16T04:00:00,M-102,53.6,1.99,228.62,normal
2025-06-16T05:00:00,M-102,56.1,2.41,232.35,normal
2025-06-16T06:00:00,M-102,55.3,2.16,229.92,normal
2025-06-16T07:00:00,M-102,55.54,2.13,229.87,normal
2025-06-16T08:00:00,M-102,53.97,2.13,230.14,normal
2025-06-16T09:00:00,M-102,55.09,2.27,231.87,normal
2025-06-16T10:00:00,M-102,55.86,2.29,228.91,normal
2025-06-16T11:00:00,M-102,56.14,2.52,229.49,normal
2025-06-16T12:00:00,M-102,52.41,1.92,231.74,normal
2025-06-16T13:00:00,M-102,55.99,2.21,229.74,normal
2025-06-16T14:00:00,M-102,56.72,2.13,231.04,normal
2025-06-16T15:00:00,M-102,54.71,2.32,231.92,normal
2025-06-16T16:00:00,M-102,55.85,2.37,229.64,normal
2025-06-16T17:00:00,M-102,55.63,2.3,232.93,normal
2025-06-16T18:00:00,M-102,55.3,2.26,229.15,normal
2025-06-16T19:00:00,M-102,55.5,1.96,229.6,normal
2025-06-16T20:00:00,M-102,56.63,2.11,229.58,normal
2025-06-16T21:00:00,M-102,55.87,2.09,230.49,normal
2025-06-16T22:00:00,M-102,53.78,2.14,231.79,normal
2025-06-16T23:00:00,M-102,53.49,1.92,227.56,normal
2025-06-17T00:00:00,M-102,55.76,2.13,232.1,normal
2025-06-17T01:00:00,M-102,53.01,2.25,226.72,normal
2025-06-17T02:00:00,M-102,57.69,2.31,229.46,normal
2025-06-17T03:00:00,M-102,54.36,2.19,226.86,normal
2025-06-17T04:00:00,M-102,52.51,2.01,229.16,normal
2025-06-17T05:00:00,M-102,53.55,2.41,226.66,normal
2025-06-17T06:00:00,M-102,55.7,2.03,229.58,normal
2025-06-17T07:00:00,M-102,54.16,2.23,230.67,normal
2025-06-17T08:00:00,M-102,53.55,2.39,228.59,normal
2025-06-17T09:00:00,M-102,53.15,2.17,231.27,normal
2025-06-17T10:00:00,M-102,55.44,2.15,232.21,normal
2025-06-17T11:00:00,M-102,53.65,2.07,232.48,normal
2025-06-17T12:00:00,M-102,56.48,2.13,230.12,normal
2025-06-17T13:00:00,M-102,54.35,2.24,229.87,normal
2025-06-17T14:00:00,M-102,53.7,2.01,229.83,normal
2025-06-17T15:00:00,M-102,54.11,2.12,229.36,normal
2025-06-17T16:00:00,M-102,54.82,2.45,230.46,normal
2025-06-17T17:00:00,M-102,54.25,2.26,228.13,normal
2025-06-17T18:00:00,M-102,53.86,2.23,228.65,normal
2025-06-17T19:00:00,M-102,53.82,2.43,232.55,normal
2025-06-17T20:00:00,M-102,56.11,2.03,227.4,normal
2025-06-17T21:00:00,M-102,53.95,2.01,228.73,normal
2025-06-17T22:00:00,M-102,54.45,2.25,233.29,normal
2025-06-17T23:00:00,M-102,53.83,2.16,227.62,normal
2025-06-18T00:00:00,M-102,56.74,2.34,230.49,normal
2025-06-18T01:00:00,M-102,54.02,2.18,230.42,normal
2025-06-18T02:00:00,M-102,52.27,2.2,230.78,normal
2025-06-18T03:00:00,M-102,53.78,2.38,229.16,normal
2025-06-18T04:00:00,M-102,55.63,2.33,230.95,normal
2025-06-18T05:00:00,M-102,53.53,2.25,230.91,normal
2025-06-18T06:00:00,M-102,54.37,2.03,230.12,normal
2025-06-18T07:00:00,M-102,55.82,2.41,232.12,normal
2025-06-18T08:00:00,M-102,55.51,1.93,229.91,normal
2025-06-18T09:00:00,M-102,54.55,2.41,231.09,normal
2025-06-18T10:00:00,M-102,53.48,1.99,230.22,normal
2025-06-18T11:00:00,M-102,53.75,1.93,227.45,normal
2025-06-18T12:00:00,M-102,56.61,2.26,228.26,normal
2025-06-18T13:00:00,M-102,54.75,2.11,228.73,normal
2025-06-18T14:00:00,M-102,56.25,2.39,231.61,normal
2025-06-18T15:00:00,M-102,54.52,2.39,227.82,normal
2025-06-18T16:00:00,M-102,52.74,2.09,229.21,normal
2025-06-18T17:00:00,M-102,55.97,2.03,230.1,normal
2025-06-18T18:00:00,M-102,55.34,2.25,229.19,normal
2025-06-18T19:00:00,M-102,54.48,2.06,229.79,normal
2025-06-18T20:00:00,M-102,54.04,2.27,230.36,normal
2025-06-18T21:00:00,M-102,54.84,2.22,230.16,normal
2025-06-18T22:00:00,M-102,55.98,2.37,227.15,normal
2025-06-18T23:00:00,M-102,56.5,2.25,231.3,normal
2025-06-19T00:00:00,M-102,56.3,2.14,228.68,normal
2025-06-19T01:00:00,M-102,56.15,2.47,229.21,normal
2025-06-19T02:00:00,M-102,52.99,2.33,231.35,normal
2025-06-19T03:00:00,M-102,54.82,2.03,232.72,normal
2025-06-19T04:00:00,M-102,54.61,2.23,229.06,normal
2025-06-19T05:00:00,M-102,56.76,2.25,231.87,normal
2025-06-19T06:00:00,M-102,56.02,2.3,229.69,normal
2025-06-19T07:00:00,M-102,54.59,2.1,229.49,normal
2025-06-19T08:00:00,M-102,53.32,2.29,231.62,normal
2025-06-19T09:00:00,M-102,55.1,1.79,228.77,normal
2025-06-19T10:00:00,M-102,52.56,2.15,232.24,normal
2025-06-19T11:00:00,M-102,53.37,2.12,229.9,normal
2025-06-19T12:00:00,M-102,54.9,2.26,231.46,normal
2025-06-19T13:00:00,M-102,55.55,2.15,227.71,normal
2025-06-19T14:00:00,M-102,55.1,2.1,230.25,normal
2025-06-19T15:00:00,M-102,55.23,2.08,229.99,normal
2025-06-19T16:00:00,M-102,54.93,1.95,229.46,normal
2025-06-19T17:00:00,M-102,55.83,1.9,229.93,normal
2025-06-19T18:00:00,M-102,56.49,2.04,229.46,normal
2025-06-19T19:00:00,M-102,53.27,2.43,230.38,normal
2025-06-19T20:00:00,M-102,55.23,2.2,230.13,normal
2025-06-19T21:00:00,M-102,56.0,2.22,227.68,normal
2025-06-19T22:00:00,M-102,55.62,2.6,231.82,normal
2025-06-19T23:00:00,M-102,55.2,2.23,229.34,normal
2025-06-20T00:00:00,M-102,54.38,2.11,229.68,normal
2025-06-20T01:00:00,M-102,54.92,2.19,228.02,normal
2025-06-20T02:00:00,M-102,54.36,2.24,231.02,normal
2025-06-20T03:00:00,M-102,55.84,2.1,230.95,normal
2025-06-20T04:00:00,M-102,55.04,2.37,229.18,normal
2025-06-20T05:00:00,M-102,56.67,2.18,230.21,normal
2025-06-20T06:00:00,M-102,55.09,2.21,228.61,normal
2025-06-20T07:00:00,M-102,55.76,2.14,231.81,normal
2025-06-20T08:00:00,M-102,54.84,2.03,227.15,normal
2025-06-20T09:00:00,M-102,53.65,2.32,230.02,normal
2025-06-20T10:00:00,M-102,56.21,2.32,230.92,normal
2025-06-20T11:00:00,M-102,53.55,2.22,228.49,normal
2025-06-20T12:00:00,M-102,56.7,2.12,230.48,normal
2025-06-20T13:00:00,M-102,54.45,2.26,232.28,normal
2025-06-20T14:00:00,M-102,55.38,2.43,226.14,normal
2025-06-20T15:00:00,M-102,53.98,2.02,230.32,normal
2025-06-20T16:00:00,M-102,53.62,2.46,230.24,normal
2025-06-20T17:00:00,M-102,55.52,2.57,228.82,normal
2025-06-20T18:00:00,M-102,54.68,2.28,229.14,normal
2025-06-20T19:00:00,M-102,55.53,1.99,230.57,normal
2025-06-20T20:00:00,M-102,53.56,2.27,228.42,normal
2025-06-20T21:00:00,M-102,56.37,2.1,230.69,normal
2025-06-20T22:00:00,M-102,53.73,2.28,226.86,normal
2025-06-20T23:00:00,M-102,51.09,2.08,231.47,normal
2025-06-21T00:00:00,M-102,55.95,2.43,230.28,normal
2025-06-21T01:00:00,M-102,53.62,2.2,230.78,normal
2025-06-21T02:00:00,M-102,54.26,2.26,231.02,normal
2025-06-21T03:00:00,M-102,54.03,2.45,228.63,normal
2025-06-21T04:00:00,M-102,54.48,2.18,229.8,normal
2025-06-21T05:00:00,M-102,53.88,2.41,229.99,normal
2025-06-21T06:00:00,M-102,54.39,2.05,230.7,normal
2025-06-21T07:00:00,M-102,55.24,2.11,230.45,normal
2025-06-21T08:00:00,M-102,57.3,2.2,227.87,normal
2025-06-21T09:00:00,M-102,55.67,2.44,229.79,normal
2025-06-21T10:00:00,M-102,54.15,2.28,229.57,normal
2025-06-21T11:00:00,M-102,56.11,2.26,230.34,normal
2025-06-21T12:00:00,M-102,54.52,2.32,230.29,normal
2025-06-21T13:00:00,M-102,54.34,2.26,229.16,normal
2025-06-21T14:00:00,M-102,56.56,2.22,229.87,normal
2025-06-21T15:00:00,M-102,55.84,2.11,229.41,normal
2025-06-21T16:00:00,M-102,55.96,2.43,230.99,normal
2025-06-21T17:00:00,M-102,52.7,2.19,231.49,normal
2025-06-21T18:00:00,M-102,54.05,2.23,229.61,normal
2025-06-21T19:00:00,M-102,56.38,2.33,231.21,normal
2025-06-21T20:00:00,M-102,52.25,2.47,229.78,normal
2025-06-21T21:00:00,M-102,55.17,2.01,229.03,normal
2025-06-21T22:00:00,M-102,56.32,2.06,230.29,normal
2025-06-21T23:00:00,M-102,56.02,2.16,232.36,normal
2025-06-22T00:00:00,M-102,53.81,2.15,230.78,normal
2025-06-22T01:00:00,M-102,53.09,2.13,230.51,normal
2025-06-22T02:00:00,M-102,55.45,2.33,229.49,normal
2025-06-22T03:00:00,M-102,55.73,2.39,230.48,normal
2025-06-22T04:00:00,M-102,53.54,2.25,233.45,normal
2025-06-22T05:00:00,M-102,54.26,2.1,230.92,normal
2025-06-22T06:00:00,M-102,54.77,2.08,230.3,normal
2025-06-22T07:00:00,M-102,56.61,2.24,231.76,normal
2025-06-22T08:00:00,M-102,54.98,2.08,231.55,normal
2025-06-22T09:00:00,M-102,55.02,2.38,231.39,normal
2025-06-22T10:00:00,M-102,55.49,2.23,229.55,normal
2025-06-22T11:00:00,M-102,52.08,2.17,229.54,normal
2025-06-22T12:00:00,M-102,54.61,2.32,229.48,normal
2025-06-22T13:00:00,M-102,53.97,2.31,228.41,normal
2025-06-22T14:00:00,M-102,56.07,2.25,231.3,normal
2025-06-22T15:00:00,M-102,56.86,2.41,230.89,normal
2025-06-22T16:00:00,M-102,54.99,2.51,230.33,normal
2025-06-22T17:00:00,M-102,55.27,2.16,229.24,normal
2025-06-22T18:00:00,M-102,56.52,2.41,231.68,normal
2025-06-22T19:00:00,M-102,53.29,2.31,227.8,normal
2025-06-22T20:00:00,M-102,53.19,2.42,230.39,normal
2025-06-22T21:00:00,M-102,57.39,2.45,227.76,normal
2025-06-22T22:00:00,M-102,53.03,2.46,228.63,normal
2025-06-22T23:00:00,M-102,54.68,2.28,231.83,normal
2025-06-23T00:00:00,M-102,55.89,2.01,230.11,normal
2025-06-23T01:00:00,M-102,55.09,2.42,229.22,normal
2025-06-23T02:00:00,M-102,56.52,2.38,230.0,normal
2025-06-23T03:00:00,M-102,54.71,2.4,232.62,normal
2025-06-23T04:00:00,M-102,53.63,1.93,229.9,normal
2025-06-23T05:00:00,M-102,55.72,2.15,227.66,normal
2025-06-23T06:00:00,M-102,54.12,2.3,228.45,normal
2025-06-23T07:00:00,M-102,56.28,2.24,229.84,normal
2025-06-23T08:00:00,M-102,52.56,1.9,230.02,normal
2025-06-23T09:00:00,M-102,55.54,2.31,232.33,normal
2025-06-23T10:00:00,M-102,55.05,2.18,230.66,normal
2025-06-23T11:00:00,M-102,56.73,2.16,232.19,normal
2025-06-23T12:00:00,M-102,56.35,1.72,230.88,normal
2025-06-23T13:00:00,M-102,57.18,2.21,231.95,normal
2025-06-23T14:00:00,M-102,55.07,2.27,229.7,normal
2025-06-23T15:00:00,M-102,55.17,1.99,228.29,normal
2025-06-23T16:00:00,M-102,53.87,2.37,231.59,normal
2025-06-23T17:00:00,M-102,55.43,2.32,228.41,normal
2025-06-23T18:00:00,M-102,54.41,2.29,228.48,normal
2025-06-23T19:00:00,M-102,52.94,1.89,232.28,normal
2025-06-23T20:00:00,M-102,54.93,2.21,230.48,normal
2025-06-23T21:00:00,M-102,56.8,2.0,228.6,normal
2025-06-23T22:00:00,M-102,54.49,2.52,227.89,normal
2025-06-23T23:00:00,M-102,53.36,2.2,229.12,normal
2025-06-24T00:00:00,M-102,56.41,2.23,229.9,normal
2025-06-24T01:00:00,M-102,56.83,1.92,227.84,normal
2025-06-24T02:00:00,M-102,56.34,1.98,229.26,normal
2025-06-24T03:00:00,M-102,54.5,2.48,230.45,normal
2025-06-24T04:00:00,M-102,55.45,2.36,228.63,normal
2025-06-24T05:00:00,M-102,56.32,2.26,226.44,normal
2025-06-24T06:00:00,M-102,53.74,2.02,231.02,normal
2025-06-24T07:00:00,M-102,55.54,2.41,231.12,normal
2025-06-24T08:00:00,M-102,53.0,1.93,228.51,normal
2025-06-24T09:00:00,M-102,55.03,1.92,228.03,normal
2025-06-24T10:00:00,M-102,55.16,2.02,230.03,normal
2025-06-24T11:00:00,M-102,55.13,1.94,231.0,normal
2025-06-24T12:00:00,M-102,56.2,2.17,230.36,normal
2025-06-24T13:00:00,M-102,55.19,2.27,227.37,normal
2025-06-24T14:00:00,M-102,54.93,2.06,229.15,normal
2025-06-24T15:00:00,M-102,53.24,2.14,228.06,normal
2025-06-24T16:00:00,M-102,56.85,2.09,228.44,normal
2025-06-24T17:00:00,M-102,55.85,2.38,229.45,normal
2025-06-24T18:00:00,M-102,55.56,2.19,229.64,normal
2025-06-24T19:00:00,M-102,55.17,2.31,230.34,normal
2025-06-24T20:00:00,M-102,55.0,2.14,231.93,normal
2025-06-24T21:00:00,M-102,56.54,2.06,230.23,normal
2025-06-24T22:00:00,M-102,56.07,2.18,230.06,normal
2025-06-24T23:00:00,M-102,57.19,2.24,228.27,normal
2025-06-25T00:00:00,M-102,54.41,2.08,229.65,normal
2025-06-25T01:00:00,M-102,55.23,2.24,229.53,normal
2025-06-25T02:00:00,M-102,53.36,2.07,231.03,normal
2025-06-25T03:00:00,M-102,54.98,2.19,229.71,normal
2025-06-25T04:00:00,M-102,57.01,2.18,230.71,normal
2025-06-25T05:00:00,M-102,54.48,2.31,228.48,normal
2025-06-25T06:00:00,M-102,55.52,2.29,229.53,normal
2025-06-25T07:00:00,M-102,54.66,2.29,233.33,normal
2025-06-25T08:00:00,M-102,56.76,2.19,232.34,normal
2025-06-25T09:00:00,M-102,53.64,2.23,231.9,normal
2025-06-25T10:00:00,M-102,54.67,2.28,231.54,normal
2025-06-25T11:00:00,M-102,54.66,2.34,226.49,normal
2025-06-25T12:00:00,M-102,54.91,2.25,228.95,normal
2025-06-25T13:00:00,M-102,53.82,2.17,230.19,normal
2025-06-25T14:00:00,M-102,55.01,2.21,225.34,normal
2025-06-25T15:00:00,M-102,54.5,2.28,230.62,normal
2025-06-25T16:00:00,M-102,56.01,2.35,233.12,normal
2025-06-25T17:00:00,M-102,54.88,2.78,231.01,normal
2025-06-25T18:00:00,M-102,55.0,2.02,229.95,normal
2025-06-25T19:00:00,M-102,56.47,2.47,230.8,normal
2025-06-25T20:00:00,M-102,54.08,2.31,228.41,normal
2025-06-25T21:00:00,M-102,53.36,2.45,229.09,normal
2025-06-25T22:00:00,M-102,56.8,2.08,230.43,normal
2025-06-25T23:00:00,M-102,53.65,2.34,232.23,normal
2025-06-26T00:00:00,M-102,55.07,2.15,228.37,normal
2025-06-26T01:00:00,M-102,53.28,2.4,229.18,normal
2025-06-26T02:00:00,M-102,53.77,2.32,229.69,normal
2025-06-26T03:00:00,M-102,55.38,2.03,230.62,normal
2025-06-26T04:00:00,M-102,52.94,2.22,229.91,normal
2025-06-26T05:00:00,M-102,55.78,2.04,230.14,normal
2025-06-26T06:00:00,M-102,59.72,2.36,227.29,normal
2025-06-26T07:00:00,M-102,53.27,2.38,229.44,normal
2025-06-26T08:00:00,M-102,54.88,2.25,229.96,normal
2025-06-26T09:00:00,M-102,55.89,2.04,231.0,normal
2025-06-26T10:00:00,M-102,56.78,2.04,228.66,normal
2025-06-26T11:00:00,M-102,54.09,2.47,227.75,normal
2025-06-26T12:00:00,M-102,54.57,2.0,230.38,normal
2025-06-26T13:00:00,M-102,55.83,2.37,228.52,normal
2025-06-26T14:00:00,M-102,53.92,2.41,230.32,normal
2025-06-26T15:00:00,M-102,55.27,1.89,229.44,normal
2025-06-26T16:00:00,M-102,51.69,2.19,230.46,normal
2025-06-26T17:00:00,M-102,55.66,2.19,231.52,normal
2025-06-26T18:00:00,M-102,56.44,2.18,231.12,normal
2025-06-26T19:00:00,M-102,56.85,2.51,227.75,normal
2025-06-26T20:00:00,M-102,55.97,2.41,231.4,normal
2025-06-26T21:00:00,M-102,53.75,2.25,230.02,normal
2025-06-26T22:00:00,M-102,55.21,2.2,228.15,normal
2025-06-26T23:00:00,M-102,54.8,2.25,231.23,normal
2025-06-27T00:00:00,M-102,56.41,2.22,230.54,normal
2025-06-27T01:00:00,M-102,54.25,2.2,230.1,normal
2025-06-27T02:00:00,M-102,53.39,2.36,228.73,normal
2025-06-27T03:00:00,M-102,57.18,2.42,230.05,normal
2025-06-27T04:00:00,M-102,55.59,2.22,230.36,normal
2025-06-27T05:00:00,M-102,52.62,2.18,228.24,normal
2025-06-27T06:00:00,M-102,55.79,2.19,228.55,normal
2025-06-27T07:00:00,M-102,55.66,2.38,229.94,normal
2025-06-27T08:00:00,M-102,53.2,2.3,231.83,normal
2025-06-27T09:00:00,M-102,55.66,2.55,228.87,normal
2025-06-27T10:00:00,M-102,53.76,2.27,228.42,normal
2025-06-27T11:00:00,M-102,55.37,2.2,231.22,normal
2025-06-27T12:00:00,M-102,55.71,2.21,228.92,normal
2025-06-27T13:00:00,M-102,54.14,2.3,230.39,normal
2025-06-27T14:00:00,M-102,54.94,2.19,229.12,normal
2025-06-27T15:00:00,M-102,56.17,2.12,231.36,normal
2025-06-27T16:00:00,M-102,56.94,2.22,229.73,normal
2025-06-27T17:00:00,M-102,55.45,2.03,227.83,normal
2025-06-27T18:00:00,M-102,56.68,2.25,229.91,normal
2025-06-27T19:00:00,M-102,56.58,2.26,227.94,normal
2025-06-27T20:00:00,M-102,54.91,2.13,231.54,normal
2025-06-27T21:00:00,M-102,54.2,2.19,231.31,normal
2025-06-27T22:00:00,M-102,54.24,2.16,231.57,normal
2025-06-27T23:00:00,M-102,55.5,2.28,229.7,normal
2025-06-28T00:00:00,M-102,53.57,2.22,231.94,normal
2025-06-28T01:00:00,M-102,53.42,2.19,230.86,normal
2025-06-28T02:00:00,M-102,55.33,2.21,231.06,normal
2025-06-28T03:00:00,M-102,56.78,2.1,229.27,normal
2025-06-28T04:00:00,M-102,56.11,2.07,229.0,normal
2025-06-28T05:00:00,M-102,57.75,2.38,228.26,normal
2025-06-28T06:00:00,M-102,55.16,2.32,231.99,normal
2025-06-28T07:00:00,M-102,56.02,2.07,229.14,normal
2025-06-28T08:00:00,M-102,56.2,2.21,228.86,normal
2025-06-28T09:00:00,M-102,55.66,2.26,228.62,normal
2025-06-28T10:00:00,M-102,54.29,2.24,231.21,normal
2025-06-28T11:00:00,M-102,55.25,2.1,227.01,normal
2025-06-28T12:00:00,M-102,54.03,2.01,229.85,normal
2025-06-28T13:00:00,M-102,53.73,2.25,227.88,normal
2025-06-28T14:00:00,M-102,55.33,2.4,229.73,normal
2025-06-28T15:00:00,M-102,53.79,2.24,232.93,normal
2025-06-28T16:00:00,M-102,54.51,2.02,231.9,normal
2025-06-28T17:00:00,M-102,54.98,1.99,228.96,normal
2025-06-28T18:00:00,M-102,56.37,2.0,228.81,normal
2025-06-28T19:00:00,M-102,56.5,2.13,228.0,normal
2025-06-28T20:00:00,M-102,54.89,2.37,227.43,normal
2025-06-28T21:00:00,M-102,56.33,2.24,230.67,normal
2025-06-28T22:00:00,M-102,55.79,2.18,227.11,normal
2025-06-28T23:00:00,M-102,54.94,2.3,233.25,normal
2025-06-29T00:00:00,M-102,54.32,2.03,231.3,normal
2025-06-29T01:00:00,M-102,53.59,2.15,228.94,normal
2025-06-29T02:00:00,M-102,54.18,2.14,229.81,normal
2025-06-29T03:00:00,M-102,53.07,2.08,230.86,normal
2025-06-29T04:00:00,M-102,54.96,2.05,229.14,normal
2025-06-29T05:00:00,M-102,55.94,2.26,226.54,normal
2025-06-29T06:00:00,M-102,56.21,2.33,229.39,normal
2025-06-29T07:00:00,M-102,55.62,2.27,233.63,normal
2025-06-29T08:00:00,M-102,54.56,1.75,230.23,normal
2025-06-29T09:00:00,M-102,55.12,1.79,229.71,normal
2025-06-29T10:00:00,M-102,55.8,2.24,229.65,normal
2025-06-29T11:00:00,M-102,54.32,2.14,230.98,normal
2025-06-29T12:00:00,M-102,56.25,2.2,228.88,normal
2025-06-29T13:00:00,M-102,54.8,2.03,229.84,normal
2025-06-29T14:00:00,M-102,56.15,2.17,231.18,normal
2025-06-29T15:00:00,M-102,52.82,2.55,230.59,normal
2025-06-29T16:00:00,M-102,54.08,2.18,228.17,normal
2025-06-29T17:00:00,M-102,55.0,2.07,232.1,normal
2025-06-29T18:00:00,M-102,55.97,2.27,229.29,normal
2025-06-29T19:00:00,M-102,53.95,2.08,232.04,normal
2025-06-29T20:00:00,M-102,53.43,2.23,229.37,normal
2025-06-29T21:00:00,M-102,55.02,2.28,231.24,normal
2025-06-29T22:00:00,M-102,55.98,2.23,228.85,normal
2025-06-29T23:00:00,M-102,53.89,2.12,230.58,normal
2025-04-01T00:00:00,M-103,56.02,2.24,231.34,normal
2025-04-01T01:00:00,M-103,55.1,2.07,228.74,normal
2025-04-01T02:00:00,M-103,56.63,2.26,230.31,normal
2025-04-01T03:00:00,M-103,54.68,2.27,230.37,normal
2025-04-01T04:00:00,M-103,54.35,2.2,229.18,normal
2025-04-01T05:00:00,M-103,54.23,2.22,228.43,normal
2025-04-01T06:00:00,M-103,55.88,2.15,231.39,normal
2025-04-01T07:00:00,M-103,53.78,2.07,232.85,normal
2025-04-01T08:00:00,M-103,56.78,2.24,232.27,normal
2025-04-01T09:00:00,M-103,55.67,2.27,230.52,normal
2025-04-01T10:00:00,M-103,56.89,2.35,228.24,normal
2025-04-01T11:00:00,M-103,55.18,1.95,229.47,normal
2025-04-01T12:00:00,M-103,54.73,2.31,231.32,normal
2025-04-01T13:00:00,M-103,54.58,2.21,231.79,normal
2025-04-01T14:00:00,M-103,55.07,2.12,229.68,normal
2025-04-01T15:00:00,M-103,56.77,2.22,230.33,normal
2025-04-01T16:00:00,M-103,55.02,2.28,229.91,normal
2025-04-01T17:00:00,M-103,56.46,2.41,230.49,normal
2025-04-01T18:00:00,M-103,53.17,2.38,230.35,normal
2025-04-01T19:00:00,M-103,55.1,1.88,230.97,normal
2025-04-01T20:00:00,M-103,55.51,1.75,230.92,normal
2025-04-01T21:00:00,M-103,58.15,2.44,230.6,normal
2025-04-01T22:00:00,M-103,54.78,2.11,232.47,normal
2025-04-01T23:00:00,M-103,55.85,2.11,228.07,normal
2025-04-02T00:00:00,M-103,55.77,2.15,232.98,normal
2025-04-02T01:00:00,M-103,56.2,2.23,230.94,normal
2025-04-02T02:00:00,M-103,55.5,2.06,230.84,normal
2025-04-02T03:00:00,M-103,56.37,2.12,229.43,normal
2025-04-02T04:00:00,M-103,55.52,2.17,231.93,normal
2025-04-02T05:00:00,M-103,56.04,2.36,230.46,normal
2025-04-02T06:00:00,M-103,54.92,2.41,230.79,normal
2025-04-02T07:00:00,M-103,55.63,2.41,228.93,normal
2025-04-02T08:00:00,M-103,53.16,2.16,230.58,normal
2025-04-02T09:00:00,M-103,56.25,2.17,229.38,normal
2025-04-02T10:00:00,M-103,54.32,2.19,229.41,normal
2025-04-02T11:00:00,M-103,56.62,2.59,229.85,normal
2025-04-02T12:00:00,M-103,55.12,2.16,230.47,normal
2025-04-02T13:00:00,M-103,54.17,2.19,229.06,normal
2025-04-02T14:00:00,M-103,54.89,2.11,231.17,normal
2025-04-02T15:00:00,M-103,53.73,2.42,230.25,normal
2025-04-02T16:00:00,M-103,53.58,2.0,228.88,normal
2025-04-02T17:00:00,M-103,53.17,2.2,233.15,normal
2025-04-02T18:00:00,M-103,54.86,2.3,230.31,normal
2025-04-02T19:00:00,M-103,54.8,2.48,230.73,normal
2025-04-02T20:00:00,M-103,53.5,2.21,228.17,normal
2025-04-02T21:00:00,M-103,54.79,2.23,231.97,normal
2025-04-02T22:00:00,M-103,55.28,2.1,230.33,normal
2025-04-02T23:00:00,M-103,55.52,2.1,229.84,normal
2025-04-03T00:00:00,M-103,56.41,2.58,230.75,normal
2025-04-03T01:00:00,M-103,54.15,2.34,229.01,normal
2025-04-03T02:00:00,M-103,54.17,2.18,227.47,normal
2025-04-03T03:00:00,M-103,59.37,2.25,230.1,normal
2025-04-03T04:00:00,M-103,55.85,2.03,226.03,normal
2025-04-03T05:00:00,M-103,55.63,2.31,229.91,normal
2025-04-03T06:00:00,M-103,54.14,2.25,229.14,normal
2025-04-03T07:00:00,M-103,56.48,2.19,231.13,normal
2025-04-03T08:00:00,M-103,52.91,2.08,228.89,normal
2025-04-03T09:00:00,M-103,55.5,2.06,229.02,normal
2025-04-03T10:00:00,M-103,53.48,2.15,227.5,normal
2025-04-03T11:00:00,M-103,53.61,2.28,231.03,normal
2025-04-03T12:00:00,M-103,57.02,2.38,232.05,normal
2025-04-03T13:00:00,M-103,55.7,2.09,228.72,normal
2025-04-03T14:00:00,M-103,55.96,2.35,228.64,normal
2025-04-03T15:00:00,M-103,56.24,2.22,230.67,normal
2025-04-03T16:00:00,M-103,53.9,1.89,228.03,normal
2025-04-03T17:00:00,M-103,54.64,2.32,229.63,normal
2025-04-03T18:00:00,M-103,56.51,2.02,232.52,normal
2025-04-03T19:00:00,M-103,55.36,2.12,229.34,normal
2025-04-03T20:00:00,M-103,56.15,2.05,228.17,normal
2025-04-03T21:00:00,M-103,55.01,2.3,229.71,normal
2025-04-03T22:00:00,M-103,54.7,2.37,230.0,normal
2025-04-03T23:00:00,M-103,55.02,2.46,232.51,normal
2025-04-04T00:00:00,M-103,53.91,2.05,228.3,normal
2025-04-04T01:00:00,M-103,55.71,2.29,229.59,normal
2025-04-04T02:00:00,M-103,54.82,2.09,230.39,normal
2025-04-04T03:00:00,M-103,56.17,1.99,229.06,normal
2025-04-04T04:00:00,M-103,55.94,2.24,229.62,normal
2025-04-04T05:00:00,M-103,54.82,1.8,228.19,normal
2025-04-04T06:00:00,M-103,54.61,2.16,228.81,normal
2025-04-04T07:00:00,M-103,54.68,2.19,228.24,normal
2025-04-04T08:00:00,M-103,54.99,2.2,229.97,normal
2025-04-04T09:00:00,M-103,55.37,2.31,233.05,normal
2025-04-04T10:00:00,M-103,52.23,2.51,230.17,normal
2025-04-04T11:00:00,M-103,55.85,2.16,230.47,normal
2025-04-04T12:00:00,M-103,54.53,2.19,233.1,normal
2025-04-04T13:00:00,M-103,55.55,2.05,231.8,normal
2025-04-04T14:00:00,M-103,54.74,2.04,227.99,normal
2025-04-04T15:00:00,M-103,55.96,2.2,231.02,normal
2025-04-04T16:00:00,M-103,53.15,2.0,229.73,normal
2025-04-04T17:00:00,M-103,55.72,2.13,231.91,normal
2025-04-04T18:00:00,M-103,54.83,2.05,230.83,normal
2025-04-04T19:00:00,M-103,55.8,2.27,230.44,normal
2025-04-04T20:00:00,M-103,53.28,2.27,229.53,normal
2025-04-04T21:00:00,M-103,53.19,2.2,229.85,normal
2025-04-04T22:00:00,M-103,54.18,2.29,228.97,normal
2025-04-04T23:00:00,M-103,53.79,2.4,230.52,normal
2025-04-05T00:00:00,M-103,56.3,2.37,230.48,normal
2025-04-05T01:00:00,M-103,56.67,1.91,229.67,normal
2025-04-05T02:00:00,M-103,57.29,2.01,227.26,normal
2025-04-05T03:00:00,M-103,54.41,2.12,229.01,normal
2025-04-05T04:00:00,M-103,54.68,2.11,230.38,normal
2025-04-05T05:00:00,M-103,54.81,2.3,229.66,normal
2025-04-05T06:00:00,M-103,54.54,2.24,228.37,normal
2025-04-05T07:00:00,M-103,54.68,2.27,229.31,normal
2025-04-05T08:00:00,M-103,56.08,2.16,229.9,normal
2025-04-05T09:00:00,M-103,55.33,2.22,230.05,normal
2025-04-05T10:00:00,M-103,52.78,2.2,233.64,normal
2025-04-05T11:00:00,M-103,52.86,2.11,229.17,normal
2025-04-05T12:00:00,M-103,55.48,2.06,229.53,normal
2025-04-05T13:00:00,M-103,54.53,1.98,230.0,normal
2025-04-05T14:00:00,M-103,56.52,2.22,229.86,normal
2025-04-05T15:00:00,M-103,54.74,2.12,227.67,normal
2025-04-05T16:00:00,M-103,54.99,2.3,227.17,normal
2025-04-05T17:00:00,M-103,52.75,2.23,232.54,normal
2025-04-05T18:00:00,M-103,56.67,2.25,228.44,normal
2025-04-05T19:00:00,M-103,57.23,2.2,228.78,normal
2025-04-05T20:00:00,M-103,53.72,2.39,229.95,normal
2025-04-05T21:00:00,M-103,56.12,2.04,230.71,normal
2025-04-05T22:00:00,M-103,54.08,2.35,227.56,normal
2025-04-05T23:00:00,M-103,56.22,2.07,229.54,normal
2025-04-06T00:00:00,M-103,53.55,2.42,229.88,normal
2025-04-06T01:00:00,M-103,55.01,2.09,229.36,normal
2025-04-06T02:00:00,M-103,54.93,2.18,229.64,normal
2025-04-06T03:00:00,M-103,55.34,2.36,230.95,normal
2025-04-06T04:00:00,M-103,55.2,2.21,228.66,normal
2025-04-06T05:00:00,M-103,55.98,2.01,229.13,normal
2025-04-06T06:00:00,M-103,56.59,1.91,229.49,normal
2025-04-06T07:00:00,M-103,55.08,2.25,231.43,normal
2025-04-06T08:00:00,M-103,55.31,2.66,228.93,normal
2025-04-06T09:00:00,M-103,54.2,2.07,230.62,normal
2025-04-06T10:00:00,M-103,56.58,2.27,229.79,normal
2025-04-06T11:00:00,M-103,55.81,2.31,232.11,normal
2025-04-06T12:00:00,M-103,53.04,2.23,231.73,normal
2025-04-06T13:00:00,M-103,55.31,2.02,231.07,normal
2025-04-06T14:00:00,M-103,54.42,2.24,233.42,normal
2025-04-06T15:00:00,M-103,54.49,2.14,230.95,normal
2025-04-06T16:00:00,M-103,54.08,2.27,228.58,normal
2025-04-06T17:00:00,M-103,55.53,1.89,233.0,normal
2025-04-06T18:00:00,M-103,56.3,2.23,232.76,normal
2025-04-06T19:00:00,M-103,55.43,2.2,228.82,normal
2025-04-06T20:00:00,M-103,55.26,2.12,228.86,normal
2025-04-06T21:00:00,M-103,51.68,2.25,230.74,normal
2025-04-06T22:00:00,M-103,55.83,2.02,229.97,normal
2025-04-06T23:00:00,M-103,52.94,2.32,229.29,normal
2025-04-07T00:00:00,M-103,53.95,2.07,228.77,normal
2025-04-07T01:00:00,M-103,55.85,2.06,228.24,normal
2025-04-07T02:00:00,M-103,56.32,1.96,229.52,normal
2025-04-07T03:00:00,M-103,55.02,2.15,231.21,normal
2025-04-07T04:00:00,M-103,54.44,2.23,229.67,normal
2025-04-07T05:00:00,M-103,57.04,2.27,231.96,normal
2025-04-07T06:00:00,M-103,55.67,2.09,229.78,normal
2025-04-07T07:00:00,M-103,55.32,2.15,227.58,normal
2025-04-07T08:00:00,M-103,55.07,2.13,230.54,normal
2025-04-07T09:00:00,M-103,54.61,2.27,228.43,normal
2025-04-07T10:00:00,M-103,53.68,2.17,230.96,normal
2025-04-07T11:00:00,M-103,54.18,2.1,228.52,normal
2025-04-07T12:00:00,M-103,51.98,2.3,229.19,normal
2025-04-07T13:00:00,M-103,52.98,2.26,230.24,normal
2025-04-07T14:00:00,M-103,57.42,2.3,231.49,normal
2025-04-07T15:00:00,M-103,55.49,2.47,230.39,normal
2025-04-07T16:00:00,M-103,55.9,2.24,229.1,normal
2025-04-07T17:00:00,M-103,53.33,2.38,231.02,normal
2025-04-07T18:00:00,M-103,57.03,2.08,226.16,normal
2025-04-07T19:00:00,M-103,55.9,1.84,229.49,normal
2025-04-07T20:00:00,M-103,53.7,2.08,227.07,normal
2025-04-07T21:00:00,M-103,54.0,1.97,229.99,normal
2025-04-07T22:00:00,M-103,54.01,2.23,227.32,normal
2025-04-07T23:00:00,M-103,57.71,2.44,230.59,normal
2025-04-08T00:00:00,M-103,55.75,2.41,228.45,normal
2025-04-08T01:00:00,M-103,55.04,2.48,226.39,normal
2025-04-08T02:00:00,M-103,55.7,2.26,229.47,normal
2025-04-08T03:00:00,M-103,55.76,2.26,229.27,normal
2025-04-08T04:00:00,M-103,55.61,2.16,231.49,normal
2025-04-08T05:00:00,M-103,55.58,2.1,233.02,normal
2025-04-08T06:00:00,M-103,54.58,2.26,229.61,normal
2025-04-08T07:00:00,M-103,56.42,2.09,228.86,normal
2025-04-08T08:00:00,M-103,55.62,1.97,229.81,normal
2025-04-08T09:00:00,M-103,55.84,2.45,227.78,normal
2025-04-08T10:00:00,M-103,53.18,2.1,230.77,normal
2025-04-08T11:00:00,M-103,56.04,2.12,231.88,normal
2025-04-08T12:00:00,M-103,54.22,2.27,229.59,normal
2025-04-08T13:00:00,M-103,57.14,2.41,231.78,normal
2025-04-08T14:00:00,M-103,54.35,1.96,229.36,normal
2025-04-08T15:00:00,M-103,54.39,2.09,228.94,normal
2025-04-08T16:00:00,M-103,54.5,2.28,231.86,normal
2025-04-08T17:00:00,M-103,56.28,2.44,226.88,normal
2025-04-08T18:00:00,M-103,55.81,2.57,231.65,normal
2025-04-08T19:00:00,M-103,56.04,2.34,229.87,normal
2025-04-08T20:00:00,M-103,54.68,2.13,229.27,normal
2025-04-08T21:00:00,M-103,54.73,2.1,232.38,normal
2025-04-08T22:00:00,M-103,55.8,2.35,232.62,normal
2025-04-08T23:00:00,M-103,55.4,2.35,229.01,normal
2025-04-09T00:00:00,M-103,55.5,2.31,228.22,normal
2025-04-09T01:00:00,M-103,55.94,2.21,229.32,normal
2025-04-09T02:00:00,M-103,56.72,2.23,229.96,normal
2025-04-09T03:00:00,M-103,56.11,2.12,227.92,normal
2025-04-09T04:00:00,M-103,56.08,2.37,229.21,normal
2025-04-09T05:00:00,M-103,55.39,2.21,230.5,normal
2025-04-09T06:00:00,M-103,56.33,2.23,231.16,normal
2025-04-09T07:00:00,M-103,56.1,2.16,230.65,normal
2025-04-09T08:00:00,M-103,54.59,2.19,232.04,normal
2025-04-09T09:00:00,M-103,54.12,2.32,229.86,normal
2025-04-09T10:00:00,M-103,54.48,2.23,229.19,normal
2025-04-09T11:00:00,M-103,53.14,2.37,231.24,normal
2025-04-09T12:00:00,M-103,54.49,2.02,228.58,normal
2025-04-09T13:00:00,M-103,57.18,2.06,229.06,normal
2025-04-09T14:00:00,M-103,57.45,1.9,228.33,normal
2025-04-09T15:00:00,M-103,53.89,2.12,226.88,normal
2025-04-09T16:00:00,M-103,55.24,2.01,227.98,normal
2025-04-09T17:00:00,M-103,55.46,2.06,230.71,normal
2025-04-09T18:00:00,M-103,54.07,2.46,228.25,normal
2025-04-09T19:00:00,M-103,55.41,2.03,232.2,normal
2025-04-09T20:00:00,M-103,52.78,2.16,230.27,normal
2025-04-09T21:00:00,M-103,54.58,2.18,229.32,normal
2025-04-09T22:00:00,M-103,54.4,2.25,232.96,normal
2025-04-09T23:00:00,M-103,55.65,2.28,229.14,normal
2025-04-10T00:00:00,M-103,53.97,2.22,229.01,normal
2025-04-10T01:00:00,M-103,57.08,2.2,232.51,normal
2025-04-10T02:00:00,M-103,54.78,2.39,227.79,normal
2025-04-10T03:00:00,M-103,57.23,2.02,230.44,normal
2025-04-10T04:00:00,M-103,54.85,2.19,231.29,normal
2025-04-10T05:00:00,M-103,53.97,2.28,227.73,normal
2025-04-10T06:00:00,M-103,53.26,2.33,232.12,normal
2025-04-10T07:00:00,M-103,53.84,2.29,229.58,normal
2025-04-10T08:00:00,M-103,57.03,2.27,232.85,normal
2025-04-10T09:00:00,M-103,54.61,2.5,229.18,normal
2025-04-10T10:00:00,M-103,57.19,2.32,227.83,normal
2025-04-10T11:00:00,M-103,56.4,2.24,231.46,normal
2025-04-10T12:00:00,M-103,53.99,2.15,228.13,normal
2025-04-10T13:00:00,M-103,57.06,2.2,226.47,normal
2025-04-10T14:00:00,M-103,56.04,2.24,234.18,normal
2025-04-10T15:00:00,M-103,54.75,2.29,229.5,normal
2025-04-10T16:00:00,M-103,51.27,2.36,229.28,normal
2025-04-10T17:00:00,M-103,56.0,2.22,226.61,normal
2025-04-10T18:00:00,M-103,54.91,2.35,231.61,normal
2025-04-10T19:00:00,M-103,56.28,2.13,228.21,normal
2025-04-10T20:00:00,M-103,55.55,2.05,232.14,normal
2025-04-10T21:00:00,M-103,54.85,2.33,230.65,normal
2025-04-10T22:00:00,M-103,56.14,2.28,230.76,normal
2025-04-10T23:00:00,M-103,55.33,2.09,227.61,normal
2025-04-11T00:00:00,M-103,53.01,2.39,229.0,normal
2025-04-11T01:00:00,M-103,55.59,1.91,229.51,normal
2025-04-11T02:00:00,M-103,57.81,2.52,231.14,normal
2025-04-11T03:00:00,M-103,55.4,2.32,233.35,normal
2025-04-11T04:00:00,M-103,53.6,2.22,229.34,normal
2025-04-11T05:00:00,M-103,51.48,2.23,231.72,normal
2025-04-11T06:00:00,M-103,54.36,2.04,232.22,normal
2025-04-11T07:00:00,M-103,54.36,2.17,229.36,normal
2025-04-11T08:00:00,M-103,54.76,2.24,231.46,normal
2025-04-11T09:00:00,M-103,55.61,2.54,228.36,normal
2025-04-11T10:00:00,M-103,55.41,2.18,233.73,normal
2025-04-11T11:00:00,M-103,53.07,2.2,231.6,normal
2025-04-11T12:00:00,M-103,54.1,2.22,230.31,normal
2025-04-11T13:00:00,M-103,55.66,2.24,228.35,normal
2025-04-11T14:00:00,M-103,56.1,1.84,228.59,normal
2025-04-11T15:00:00,M-103,54.02,2.18,230.36,normal
2025-04-11T16:00:00,M-103,59.37,2.45,230.0,normal
2025-04-11T17:00:00,M-103,55.45,2.43,231.0,normal
2025-04-11T18:00:00,M-103,54.87,1.91,226.8,normal
2025-04-11T19:00:00,M-103,55.72,2.38,229.97,normal
2025-04-11T20:00:00,M-103,58.24,2.26,228.25,normal
2025-04-11T21:00:00,M-103,55.69,2.04,232.04,normal
2025-04-11T22:00:00,M-103,54.6,2.15,229.99,normal
2025-04-11T23:00:00,M-103,56.92,1.98,232.11,normal
2025-04-12T00:00:00,M-103,57.08,2.35,230.07,normal
2025-04-12T01:00:00,M-103,56.32,2.13,228.88,normal
2025-04-12T02:00:00,M-103,56.56,1.98,230.7,normal
2025-04-12T03:00:00,M-103,54.45,2.15,230.1,normal
2025-04-12T04:00:00,M-103,54.41,2.41,228.91,normal
2025-04-12T05:00:00,M-103,53.71,2.0,230.18,normal
2025-04-12T06:00:00,M-103,55.27,2.2,230.3,normal
2025-04-12T07:00:00,M-103,53.69,2.26,231.42,normal
2025-04-12T08:00:00,M-103,53.21,2.17,230.04,normal
2025-04-12T09:00:00,M-103,54.67,2.08,229.12,normal
2025-04-12T10:00:00,M-103,53.73,2.46,228.08,normal
2025-04-12T11:00:00,M-103,53.78,1.97,230.37,normal
2025-04-12T12:00:00,M-103,53.79,2.3,230.2,normal
2025-04-12T13:00:00,M-103,55.54,2.32,230.06,normal
2025-04-12T14:00:00,M-103,54.53,2.22,231.56,normal
2025-04-12T15:00:00,M-103,53.98,2.16,232.65,normal
2025-04-12T16:00:00,M-103,55.49,2.41,231.11,normal
2025-04-12T17:00:00,M-103,52.96,2.14,228.09,normal
2025-04-12T18:00:00,M-103,55.35,2.19,231.18,normal
2025-04-12T19:00:00,M-103,55.39,2.15,231.87,normal
2025-04-12T20:00:00,M-103,53.38,1.95,231.48,normal
2025-04-12T21:00:00,M-103,55.61,2.31,228.66,normal
2025-04-12T22:00:00,M-103,55.88,2.31,230.11,normal
2025-04-12T23:00:00,M-103,55.11,2.18,230.78,normal
2025-04-13T00:00:00,M-103,53.3,2.42,228.59,normal
2025-04-13T01:00:00,M-103,53.79,2.4,229.99,normal
2025-04-13T02:00:00,M-103,53.05,2.24,229.18,normal
2025-04-13T03:00:00,M-103,55.57,2.02,229.95,normal
2025-04-13T04:00:00,M-103,54.51,2.46,228.47,normal
2025-04-13T05:00:00,M-103,56.36,2.35,230.67,normal
2025-04-13T06:00:00,M-103,54.68,2.29,228.77,normal
2025-04-13T07:00:00,M-103,56.38,1.94,232.26,normal
2025-04-13T08:00:00,M-103,54.53,2.12,230.46,normal
2025-04-13T09:00:00,M-103,57.18,2.19,233.26,normal
2025-04-13T10:00:00,M-103,54.9,2.27,227.94,normal
2025-04-13T11:00:00,M-103,55.06,2.19,229.16,normal
2025-04-13T12:00:00,M-103,53.31,2.12,230.58,normal
2025-04-13T13:00:00,M-103,55.94,2.48,226.92,normal
2025-04-13T14:00:00,M-103,57.25,2.35,229.98,normal
2025-04-13T15:00:00,M-103,56.67,2.25,227.58,normal
2025-04-13T16:00:00,M-103,55.9,1.99,231.17,normal
2025-04-13T17:00:00,M-103,53.47,1.94,231.55,normal
2025-04-13T18:00:00,M-103,54.41,2.11,232.84,normal
2025-04-13T19:00:00,M-103,55.1,2.45,229.7,normal
2025-04-13T20:00:00,M-103,54.89,1.89,231.99,normal
2025-04-13T21:00:00,M-103,54.5,2.36,229.04,normal
2025-04-13T22:00:00,M-103,52.67,2.25,231.69,normal
2025-04-13T23:00:00,M-103,52.21,2.02,232.0,normal
2025-04-14T00:00:00,M-103,57.01,2.15,230.43,normal
2025-04-14T01:00:00,M-103,55.79,2.27,228.31,normal
2025-04-14T02:00:00,M-103,56.37,2.47,230.26,normal
2025-04-14T03:00:00,M-103,55.23,2.11,230.9,normal
2025-04-14T04:00:00,M-103,55.86,2.12,227.41,normal
2025-04-14T05:00:00,M-103,53.26,2.29,230.32,normal
2025-04-14T06:00:00,M-103,54.56,1.87,227.7,normal
2025-04-14T07:00:00,M-103,57.11,2.05,228.51,normal
2025-04-14T08:00:00,M-103,56.26,2.4,229.2,normal
2025-04-14T09:00:00,M-103,55.25,2.27,230.81,normal
2025-04-14T10:00:00,M-103,54.43,2.21,230.91,normal
2025-04-14T11:00:00,M-103,56.95,2.27,227.26,normal
2025-04-14T12:00:00,M-103,53.79,2.06,231.2,normal
2025-04-14T13:00:00,M-103,56.89,2.28,228.15,normal
2025-04-14T14:00:00,M-103,54.58,2.19,231.35,normal
2025-04-14T15:00:00,M-103,55.28,2.32,229.33,normal
2025-04-14T16:00:00,M-103,57.39,2.01,229.83,normal
2025-04-14T17:00:00,M-103,56.34,2.33,228.25,normal
2025-04-14T18:00:00,M-103,54.19,2.15,231.33,normal
2025-04-14T19:00:00,M-103,56.11,1.96,229.62,normal
2025-04-14T20:00:00,M-103,55.25,2.36,230.95,normal
2025-04-14T21:00:00,M-103,56.64,2.13,228.97,normal
2025-04-14T22:00:00,M-103,55.21,2.25,233.73,normal
2025-04-14T23:00:00,M-103,55.06,2.18,228.39,normal
2025-04-15T00:00:00,M-103,55.29,2.13,230.99,normal
2025-04-15T01:00:00,M-103,54.85,2.07,228.56,normal
2025-04-15T02:00:00,M-103,54.2,2.19,225.74,normal
2025-04-15T03:00:00,M-103,54.08,2.18,227.91,normal
2025-04-15T04:00:00,M-103,55.77,2.15,231.0,normal
2025-04-15T05:00:00,M-103,55.28,2.14,231.96,normal
2025-04-15T06:00:00,M-103,56.05,2.01,229.64,normal
2025-04-15T07:00:00,M-103,53.31,2.1,229.79,normal
2025-04-15T08:00:00,M-103,54.32,2.16,230.76,normal
2025-04-15T09:00:00,M-103,56.37,2.29,231.47,normal
2025-04-15T10:00:00,M-103,54.23,2.14,231.5,normal
2025-04-15T11:00:00,M-103,54.31,2.27,230.17,normal
2025-04-15T12:00:00,M-103,55.72,2.38,230.21,normal
2025-04-15T13:00:00,M-103,54.33,2.08,232.75,normal
2025-04-15T14:00:00,M-103,56.12,2.0,227.75,normal
2025-04-15T15:00:00,M-103,52.06,2.2,229.0,normal
2025-04-15T16:00:00,M-103,51.91,2.23,230.04,normal
2025-04-15T17:00:00,M-103,57.35,2.21,227.79,normal
2025-04-15T18:00:00,M-103,55.08,2.21,228.26,normal
2025-04-15T19:00:00,M-103,53.35,2.1,229.91,normal
2025-04-15T20:00:00,M-103,56.27,2.08,230.54,normal
2025-04-15T21:00:00,M-103,57.05,2.05,228.29,normal
2025-04-15T22:00:00,M-103,54.21,2.28,228.45,normal
2025-04-15T23:00:00,M-103,56.28,2.1,228.96,normal
2025-04-16T00:00:00,M-103,55.47,2.33,229.32,normal
2025-04-16T01:00:00,M-103,54.82,2.33,232.71,normal
2025-04-16T02:00:00,M-103,54.32,2.33,231.56,normal
2025-04-16T03:00:00,M-103,55.77,2.22,230.38,normal
2025-04-16T04:00:00,M-103,53.65,2.17,228.75,normal
2025-04-16T05:00:00,M-103,54.33,2.23,233.03,normal
2025-04-16T06:00:00,M-103,55.36,2.14,231.84,normal
2025-04-16T07:00:00,M-103,53.8,2.34,228.77,normal
2025-04-16T08:00:00,M-103,55.41,2.5,229.82,normal
2025-04-16T09:00:00,M-103,54.15,2.17,230.89,normal
2025-04-16T10:00:00,M-103,52.3,2.51,228.35,normal
2025-04-16T11:00:00,M-103,55.54,2.29,228.75,normal
2025-04-16T12:00:00,M-103,54.64,2.37,229.34,normal
2025-04-16T13:00:00,M-103,55.81,2.19,229.91,normal
2025-04-16T14:00:00,M-103,55.17,2.25,229.57,normal
2025-04-16T15:00:00,M-103,56.32,2.21,230.18,normal
2025-04-16T16:00:00,M-103,52.21,1.95,231.17,normal
2025-04-16T17:00:00,M-103,55.84,2.24,231.84,normal
2025-04-16T18:00:00,M-103,52.75,2.17,231.06,normal
2025-04-16T19:00:00,M-103,56.01,2.36,231.16,normal
2025-04-16T20:00:00,M-103,54.85,2.41,228.95,normal
2025-04-16T21:00:00,M-103,54.55,2.46,229.53,normal
2025-04-16T22:00:00,M-103,56.7,2.08,229.97,normal
2025-04-16T23:00:00,M-103,56.19,1.95,229.83,normal
2025-04-17T00:00:00,M-103,52.27,2.08,229.8,normal
2025-04-17T01:00:00,M-103,54.97,2.35,228.45,normal
2025-04-17T02:00:00,M-103,57.02,2.14,228.37,normal
2025-04-17T03:00:00,M-103,55.4,2.3,231.3,normal
2025-04-17T04:00:00,M-103,55.66,2.07,227.15,normal
2025-04-17T05:00:00,M-103,57.01,2.23,230.58,normal
2025-04-17T06:00:00,M-103,56.36,2.34,228.24,normal
2025-04-17T07:00:00,M-103,52.98,1.92,227.67,normal
2025-04-17T08:00:00,M-103,55.72,2.21,229.99,normal
2025-04-17T09:00:00,M-103,53.88,2.21,229.38,normal
2025-04-17T10:00:00,M-103,54.9,2.29,230.02,normal
2025-04-17T11:00:00,M-103,55.76,2.17,232.02,normal
2025-04-17T12:00:00,M-103,57.17,2.16,230.18,normal
2025-04-17T13:00:00,M-103,54.82,2.13,231.73,normal
2025-04-17T14:00:00,M-103,55.26,1.83,231.86,normal
2025-04-17T15:00:00,M-103,55.82,1.98,230.22,normal
2025-04-17T16:00:00,M-103,54.6,2.24,230.0,normal
2025-04-17T17:00:00,M-103,58.18,2.36,233.31,normal
2025-04-17T18:00:00,M-103,56.34,2.16,231.97,normal
2025-04-17T19:00:00,M-103,57.08,2.13,230.81,normal
2025-04-17T20:00:00,M-103,55.84,2.3,231.3,normal
2025-04-17T21:00:00,M-103,52.76,2.36,231.68,normal
2025-04-17T22:00:00,M-103,54.68,2.46,230.28,normal
2025-04-17T23:00:00,M-103,57.54,2.25,230.89,normal
2025-04-18T00:00:00,M-103,55.87,2.28,232.09,normal
2025-04-18T01:00:00,M-103,54.26,2.09,228.91,normal
2025-04-18T02:00:00,M-103,56.17,2.14,230.62,normal
2025-04-18T03:00:00,M-103,54.5,2.07,229.32,normal
2025-04-18T04:00:00,M-103,54.92,2.12,232.09,normal
2025-04-18T05:00:00,M-103,55.81,2.31,230.35,normal
2025-04-18T06:00:00,M-103,54.98,1.93,230.0,normal
2025-04-18T07:00:00,M-103,54.11,2.32,229.87,normal
2025-04-18T08:00:00,M-103,55.26,1.95,231.13,normal
2025-04-18T09:00:00,M-103,55.42,1.85,229.3,normal
2025-04-18T10:00:00,M-103,54.09,2.26,233.98,normal
2025-04-18T11:00:00,M-103,54.32,2.46,231.53,normal
2025-04-18T12:00:00,M-103,54.51,2.03,228.8,normal
2025-04-18T13:00:00,M-103,55.41,2.18,231.07,normal
2025-04-18T14:00:00,M-103,55.42,2.2,229.96,normal
2025-04-18T15:00:00,M-103,55.64,2.11,230.0,normal
2025-04-18T16:00:00,M-103,54.1,2.26,230.99,normal
2025-04-18T17:00:00,M-103,56.09,2.19,228.82,normal
2025-04-18T18:00:00,M-103,54.37,2.3,229.12,normal
2025-04-18T19:00:00,M-103,55.34,2.25,231.33,normal
2025-04-18T20:00:00,M-103,53.96,2.42,227.82,normal
2025-04-18T21:00:00,M-103,56.39,2.26,231.99,normal
2025-04-18T22:00:00,M-103,54.61,2.27,228.84,normal
2025-04-18T23:00:00,M-103,54.5,1.96,230.43,normal
2025-04-19T00:00:00,M-103,54.49,2.39,232.79,normal
2025-04-19T01:00:00,M-103,53.79,2.41,230.74,normal
2025-04-19T02:00:00,M-103,53.75,1.95,230.1,normal
2025-04-19T03:00:00,M-103,54.57,2.37,229.25,normal
2025-04-19T04:00:00,M-103,57.02,1.98,230.16,normal
2025-04-19T05:00:00,M-103,55.47,2.46,231.37,normal
2025-04-19T06:00:00,M-103,54.5,2.3,230.7,normal
2025-04-19T07:00:00,M-103,55.58,2.13,229.23,normal
2025-04-19T08:00:00,M-103,53.64,2.03,230.52,normal
2025-04-19T09:00:00,M-103,55.85,2.11,231.38,normal
2025-04-19T10:00:00,M-103,53.59,2.12,229.25,normal
2025-04-19T11:00:00,M-103,53.75,2.04,230.5,normal
2025-04-19T12:00:00,M-103,54.58,2.2,229.92,normal
2025-04-19T13:00:00,M-103,53.95,2.39,229.62,normal
2025-04-19T14:00:00,M-103,57.06,2.57,231.86,normal
2025-04-19T15:00:00,M-103,54.44,2.83,230.02,normal
2025-04-19T16:00:00,M-103,55.93,2.09,226.94,normal
2025-04-19T17:00:00,M-103,54.75,2.28,230.13,normal
2025-04-19T18:00:00,M-103,56.72,2.33,231.3,normal
2025-04-19T19:00:00,M-103,57.63,2.17,231.11,normal
2025-04-19T20:00:00,M-103,56.28,2.17,230.75,normal
2025-04-19T21:00:00,M-103,56.65,1.99,230.53,normal
2025-04-19T22:00:00,M-103,55.53,2.36,230.47,normal
2025-04-19T23:00:00,M-103,55.64,2.31,232.63,normal
2025-04-20T00:00:00,M-103,54.99,2.26,229.51,normal
2025-04-20T01:00:00,M-103,56.14,2.12,227.74,normal
2025-04-20T02:00:00,M-103,53.62,2.13,228.44,normal
2025-04-20T03:00:00,M-103,54.57,2.21,230.35,normal
2025-04-20T04:00:00,M-103,54.2,2.4,231.31,normal
2025-04-20T05:00:00,M-103,55.32,2.36,229.91,normal
2025-04-20T06:00:00,M-103,55.3,2.39,230.86,normal
2025-04-20T07:00:00,M-103,55.17,1.98,229.55,normal
2025-04-20T08:00:00,M-103,54.17,2.31,230.29,normal
2025-04-20T09:00:00,M-103,55.43,1.97,230.77,normal
2025-04-20T10:00:00,M-103,55.68,2.43,231.66,normal
2025-04-20T11:00:00,M-103,52.51,2.48,233.22,normal
2025-04-20T12:00:00,M-103,56.41,2.26,229.56,normal
2025-04-20T13:00:00,M-103,53.74,2.19,232.13,normal
2025-04-20T14:00:00,M-103,55.71,2.24,230.4,normal
2025-04-20T15:00:00,M-103,53.95,1.92,230.68,normal
2025-04-20T16:00:00,M-103,53.63,2.21,231.69,normal
2025-04-20T17:00:00,M-103,54.4,2.05,230.19,normal
2025-04-20T18:00:00,M-103,54.38,2.18,230.54,normal
2025-04-20T19:00:00,M-103,54.99,2.32,232.62,normal
2025-04-20T20:00:00,M-103,53.28,1.78,229.21,normal
2025-04-20T21:00:00,M-103,52.82,2.03,231.97,normal
2025-04-20T22:00:00,M-103,54.85,2.2,229.54,normal
2025-04-20T23:00:00,M-103,56.24,2.44,227.67,normal
2025-04-21T00:00:00,M-103,56.38,2.19,227.61,normal
2025-04-21T01:00:00,M-103,53.64,2.22,230.53,normal
2025-04-21T02:00:00,M-103,53.89,2.34,229.69,normal
2025-04-21T03:00:00,M-103,55.57,2.02,229.87,normal
2025-04-21T04:00:00,M-103,57.25,1.97,230.47,normal
2025-04-21T05:00:00,M-103,54.91,2.32,231.04,normal
2025-04-21T06:00:00,M-103,56.23,2.25,227.34,normal
2025-04-21T07:00:00,M-103,56.61,2.53,228.76,normal
2025-04-21T08:00:00,M-103,54.51,2.28,227.88,normal
2025-04-21T09:00:00,M-103,55.23,2.25,230.1,normal
2025-04-21T10:00:00,M-103,54.86,2.35,229.76,normal
2025-04-21T11:00:00,M-103,56.7,2.15,228.98,normal
2025-04-21T12:00:00,M-103,56.17,2.32,227.86,normal
2025-04-21T13:00:00,M-103,53.67,2.19,231.31,normal
2025-04-21T14:00:00,M-103,54.74,2.15,229.78,normal
2025-04-21T15:00:00,M-103,56.65,1.91,229.35,normal
2025-04-21T16:00:00,M-103,53.99,2.28,232.44,normal
2025-04-21T17:00:00,M-103,56.6,2.24,229.7,normal
2025-04-21T18:00:00,M-103,56.5,2.17,229.01,normal
2025-04-21T19:00:00,M-103,55.88,2.32,231.5,normal
2025-04-21T20:00:00,M-103,53.2,2.15,229.57,normal
2025-04-21T21:00:00,M-103,55.34,2.23,228.27,normal
2025-04-21T22:00:00,M-103,53.38,2.04,227.77,normal
2025-04-21T23:00:00,M-103,57.17,2.22,227.11,normal
2025-04-22T00:00:00,M-103,53.85,2.22,231.42,normal
2025-04-22T01:00:00,M-103,56.9,2.33,228.5,normal
2025-04-22T02:00:00,M-103,55.66,2.05,230.62,normal
2025-04-22T03:00:00,M-103,54.9,2.43,229.0,normal
2025-04-22T04:00:00,M-103,56.6,2.33,228.2,normal
2025-04-22T05:00:00,M-103,53.37,2.24,230.73,normal
2025-04-22T06:00:00,M-103,53.49,2.27,227.3,normal
2025-04-22T07:00:00,M-103,56.84,2.07,230.68,normal
2025-04-22T08:00:00,M-103,54.49,2.32,231.23,normal
2025-04-22T09:00:00,M-103,53.12,2.28,230.3,normal
2025-04-22T10:00:00,M-103,54.2,2.32,230.85,normal
2025-04-22T11:00:00,M-103,56.23,1.92,230.61,normal
2025-04-22T12:00:00,M-103,54.63,2.21,232.81,normal
2025-04-22T13:00:00,M-103,55.73,2.4,229.06,normal
2025-04-22T14:00:00,M-103,54.66,2.09,229.69,normal
2025-04-22T15:00:00,M-103,54.84,2.38,229.04,normal
2025-04-22T16:00:00,M-103,56.67,2.12,233.05,normal
2025-04-22T17:00:00,M-103,54.51,2.12,230.49,normal
2025-04-22T18:00:00,M-103,54.98,2.11,231.46,normal
2025-04-22T19:00:00,M-103,55.87,2.38,228.12,normal
2025-04-22T20:00:00,M-103,56.43,1.92,230.6,normal
2025-04-22T21:00:00,M-103,54.59,2.1,230.78,normal
2025-04-22T22:00:00,M-103,53.9,2.12,228.76,normal
2025-04-22T23:00:00,M-103,56.35,2.38,230.15,normal
2025-04-23T00:00:00,M-103,55.25,2.13,231.85,normal
2025-04-23T01:00:00,M-103,56.12,2.13,228.61,normal
2025-04-23T02:00:00,M-103,56.72,2.04,231.13,normal
2025-04-23T03:00:00,M-103,56.48,1.98,230.67,normal
2025-04-23T04:00:00,M-103,55.89,2.37,232.46,normal
2025-04-23T05:00:00,M-103,54.22,2.3,230.84,normal
2025-04-23T06:00:00,M-103,56.79,2.27,231.04,normal
2025-04-23T07:00:00,M-103,53.69,2.28,230.22,normal
2025-04-23T08:00:00,M-103,55.67,2.03,229.13,normal
2025-04-23T09:00:00,M-103,55.32,2.11,231.8,normal
2025-04-23T10:00:00,M-103,56.13,2.18,232.31,normal
2025-04-23T11:00:00,M-103,55.67,2.3,230.73,normal
2025-04-23T12:00:00,M-103,57.44,2.1,231.83,normal
2025-04-23T13:00:00,M-103,55.87,2.1,231.25,normal
2025-04-23T14:00:00,M-103,54.99,2.11,229.75,normal
2025-04-23T15:00:00,M-103,55.35,2.14,228.92,normal
2025-04-23T16:00:00,M-103,55.22,2.21,228.97,normal
2025-04-23T17:00:00,M-103,54.1,2.06,229.25,normal
2025-04-23T18:00:00,M-103,56.35,2.29,228.82,normal
2025-04-23T19:00:00,M-103,55.13,2.18,230.66,normal
2025-04-23T20:00:00,M-103,55.61,1.95,228.29,normal
2025-04-23T21:00:00,M-103,55.44,2.17,231.36,normal
2025-04-23T22:00:00,M-103,54.15,1.92,234.08,normal
2025-04-23T23:00:00,M-103,57.2,2.15,232.34,normal
2025-04-24T00:00:00,M-103,54.49,2.09,231.36,normal
2025-04-24T01:00:00,M-103,52.49,2.04,228.02,normal
2025-04-24T02:00:00,M-103,57.0,2.03,230.31,normal
2025-04-24T03:00:00,M-103,55.22,2.26,230.64,normal
2025-04-24T04:00:00,M-103,56.38,2.27,229.4,normal
2025-04-24T05:00:00,M-103,55.27,2.27,230.95,normal
2025-04-24T06:00:00,M-103,56.68,2.18,229.32,normal
2025-04-24T07:00:00,M-103,52.42,2.31,229.81,normal
2025-04-24T08:00:00,M-103,56.2,2.06,229.92,normal
2025-04-24T09:00:00,M-103,54.24,2.07,228.32,normal
2025-04-24T10:00:00,M-103,54.88,2.11,231.44,normal
2025-04-24T11:00:00,M-103,55.67,2.32,229.52,normal
2025-04-24T12:00:00,M-103,55.85,2.19,228.07,normal
2025-04-24T13:00:00,M-103,54.0,2.2,231.1,normal
2025-04-24T14:00:00,M-103,53.54,2.5,230.08,normal
2025-04-24T15:00:00,M-103,54.22,2.24,229.46,normal
2025-04-24T16:00:00,M-103,55.34,1.97,231.01,normal
2025-04-24T17:00:00,M-103,55.56,2.58,229.88,normal
2025-04-24T18:00:00,M-103,55.63,2.44,229.07,normal
2025-04-24T19:00:00,M-103,56.19,2.26,229.26,normal
2025-04-24T20:00:00,M-103,54.05,2.57,230.29,normal
2025-04-24T21:00:00,M-103,56.01,2.29,227.12,normal
2025-04-24T22:00:00,M-103,55.06,2.17,232.4,normal
2025-04-24T23:00:00,M-103,56.22,2.03,230.09,normal
2025-04-25T00:00:00,M-103,52.22,2.24,229.79,normal
2025-04-25T01:00:00,M-103,56.5,2.37,228.55,normal
2025-04-25T02:00:00,M-103,55.64,2.19,230.02,normal
2025-04-25T03:00:00,M-103,55.06,2.19,231.95,normal
2025-04-25T04:00:00,M-103,54.8,2.59,226.96,normal
2025-04-25T05:00:00,M-103,54.49,2.18,228.98,normal
2025-04-25T06:00:00,M-103,52.28,1.97,230.21,normal
2025-04-25T07:00:00,M-103,53.94,2.54,229.53,normal
2025-04-25T08:00:00,M-103,55.47,2.05,228.43,normal
2025-04-25T09:00:00,M-103,56.99,2.04,230.08,normal
2025-04-25T10:00:00,M-103,55.66,2.2,231.47,normal
2025-04-25T11:00:00,M-103,56.5,2.19,231.38,normal
2025-04-25T12:00:00,M-103,56.65,2.26,232.72,normal
2025-04-25T13:00:00,M-103,54.09,2.46,229.02,normal
2025-04-25T14:00:00,M-103,55.54,2.31,231.61,normal
2025-04-25T15:00:00,M-103,58.81,2.2,231.92,normal
2025-04-25T16:00:00,M-103,52.82,2.27,227.59,normal
2025-04-25T17:00:00,M-103,52.21,2.05,231.67,normal
2025-04-25T18:00:00,M-103,55.11,2.18,229.69,normal
2025-04-25T19:00:00,M-103,53.81,2.07,230.3,normal
2025-04-25T20:00:00,M-103,51.8,2.33,229.75,normal
2025-04-25T21:00:00,M-103,54.85,2.12,231.87,normal
2025-04-25T22:00:00,M-103,54.62,2.37,228.25,normal
2025-04-25T23:00:00,M-103,55.43,2.31,230.63,normal
2025-04-26T00:00:00,M-103,54.81,2.03,232.36,normal
2025-04-26T01:00:00,M-103,53.29,2.46,233.29,normal
2025-04-26T02:00:00,M-103,54.02,2.31,232.14,normal
2025-04-26T03:00:00,M-103,53.49,2.1,232.66,normal
2025-04-26T04:00:00,M-103,56.43,2.4,229.48,normal
2025-04-26T05:00:00,M-103,54.73,2.1,226.89,normal
2025-04-26T06:00:00,M-103,55.04,2.5,230.69,normal
2025-04-26T07:00:00,M-103,56.5,2.17,228.36,normal
2025-04-26T08:00:00,M-103,54.21,1.91,228.8,normal
2025-04-26T09:00:00,M-103,52.62,2.22,232.52,normal
2025-04-26T10:00:00,M-103,54.57,2.23,230.03,normal
2025-04-26T11:00:00,M-103,54.95,2.16,230.61,normal
2025-04-26T12:00:00,M-103,52.54,2.23,227.25,normal
2025-04-26T13:00:00,M-103,55.41,1.99,230.53,normal
2025-04-26T14:00:00,M-103,55.19,2.28,228.96,normal
2025-04-26T15:00:00,M-103,54.77,2.21,229.12,normal
2025-04-26T16:00:00,M-103,53.95,2.36,229.47,normal
2025-04-26T17:00:00,M-103,55.36,2.14,228.9,normal
2025-04-26T18:00:00,M-103,57.13,2.11,230.3,normal
2025-04-26T19:00:00,M-103,55.31,2.29,230.95,normal
2025-04-26T20:00:00,M-103,53.29,2.26,228.35,normal
2025-04-26T21:00:00,M-103,54.86,2.32,226.92,normal
2025-04-26T22:00:00,M-103,56.01,2.3,228.05,normal
2025-04-26T23:00:00,M-103,56.77,2.37,229.2,normal
2025-04-27T00:00:00,M-103,53.73,2.32,229.03,normal
2025-04-27T01:00:00,M-103,52.53,2.1,230.59,normal
2025-04-27T02:00:00,M-103,56.57,2.1,229.81,normal
2025-04-27T03:00:00,M-103,54.95,2.18,229.78,normal
2025-04-27T04:00:00,M-103,56.14,2.26,231.91,normal
2025-04-27T05:00:00,M-103,52.97,2.37,228.77,normal
2025-04-27T06:00:00,M-103,53.89,2.23,230.87,normal
2025-04-27T07:00:00,M-103,56.35,2.05,230.54,normal
2025-04-27T08:00:00,M-103,56.41,2.01,232.8,normal
2025-04-27T09:00:00,M-103,54.85,1.92,229.18,normal
2025-04-27T10:00:00,M-103,56.05,2.18,231.23,normal
2025-04-27T11:00:00,M-103,55.69,2.17,227.73,normal
2025-04-27T12:00:00,M-103,55.49,2.02,230.96,normal
2025-04-27T13:00:00,M-103,55.64,2.2,230.77,normal
2025-04-27T14:00:00,M-103,55.51,2.11,227.51,normal
2025-04-27T15:00:00,M-103,52.58,2.19,232.95,normal
2025-04-27T16:00:00,M-103,54.33,2.1,228.59,normal
2025-04-27T17:00:00,M-103,55.12,2.19,230.12,normal
2025-04-27T18:00:00,M-103,55.14,1.87,226.65,normal
2025-04-27T19:00:00,M-103,55.56,2.26,228.85,normal
2025-04-27T20:00:00,M-103,55.19,2.31,227.54,normal
2025-04-27T21:00:00,M-103,55.07,2.15,229.36,normal
2025-04-27T22:00:00,M-103,54.43,1.84,230.42,normal
2025-04-27T23:00:00,M-103,55.51,2.09,230.02,normal
2025-04-28T00:00:00,M-103,54.4,2.15,230.85,normal
2025-04-28T01:00:00,M-103,54.47,2.58,230.83,normal
2025-04-28T02:00:00,M-103,53.4,2.28,231.42,normal
2025-04-28T03:00:00,M-103,52.21,2.32,228.96,normal
2025-04-28T04:00:00,M-103,54.72,2.14,227.6,normal
2025-04-28T05:00:00,M-103,54.54,2.19,229.68,normal
2025-04-28T06:00:00,M-103,53.49,2.18,230.03,normal
2025-04-28T07:00:00,M-103,53.71,2.36,230.32,normal
2025-04-28T08:00:00,M-103,56.22,2.16,230.5,normal
2025-04-28T09:00:00,M-103,56.72,2.28,229.74,normal
2025-04-28T10:00:00,M-103,54.67,2.32,230.25,normal
2025-04-28T11:00:00,M-103,54.24,2.12,231.11,normal
2025-04-28T12:00:00,M-103,54.02,2.2,230.64,normal
2025-04-28T13:00:00,M-103,52.64,2.36,229.59,normal
2025-04-28T14:00:00,M-103,54.25,2.33,229.94,normal
2025-04-28T15:00:00,M-103,55.12,2.32,231.24,normal
2025-04-28T16:00:00,M-103,55.34,2.29,228.45,normal
2025-04-28T17:00:00,M-103,54.18,2.35,229.76,normal
2025-04-28T18:00:00,M-103,54.17,2.39,232.02,normal
2025-04-28T19:00:00,M-103,55.61,2.2,232.22,normal
2025-04-28T20:00:00,M-103,54.65,2.06,230.24,normal
2025-04-28T21:00:00,M-103,54.58,2.26,228.91,normal
2025-04-28T22:00:00,M-103,57.06,2.19,231.1,normal
2025-04-28T23:00:00,M-103,56.05,2.64,229.41,normal
2025-04-29T00:00:00,M-103,54.68,2.28,231.1,normal
2025-04-29T01:00:00,M-103,55.51,2.27,232.02,normal
2025-04-29T02:00:00,M-103,56.6,2.35,226.63,normal
2025-04-29T03:00:00,M-103,54.58,2.08,229.12,normal
2025-04-29T04:00:00,M-103,54.49,2.51,230.71,normal
2025-04-29T05:00:00,M-103,53.59,2.25,231.37,normal
2025-04-29T06:00:00,M-103,56.92,2.2,229.72,normal
2025-04-29T07:00:00,M-103,53.89,2.2,229.69,normal
2025-04-29T08:00:00,M-103,53.41,2.06,233.06,normal
2025-04-29T09:00:00,M-103,56.34,1.98,232.25,normal
2025-04-29T10:00:00,M-103,56.19,1.97,229.91,normal
2025-04-29T11:00:00,M-103,55.44,1.83,229.09,normal
2025-04-29T12:00:00,M-103,54.46,2.36,229.21,normal
2025-04-29T13:00:00,M-103,55.36,2.28,228.17,normal
2025-04-29T14:00:00,M-103,53.32,2.3,231.03,normal
2025-04-29T15:00:00,M-103,56.11,2.19,228.83,normal
2025-04-29T16:00:00,M-103,52.76,2.5,227.2,normal
2025-04-29T17:00:00,M-103,55.07,2.22,227.35,normal
2025-04-29T18:00:00,M-103,54.86,2.28,230.76,normal
2025-04-29T19:00:00,M-103,54.12,2.1,229.59,normal
2025-04-29T20:00:00,M-103,55.27,2.2,224.59,normal
2025-04-29T21:00:00,M-103,53.48,2.1,229.4,normal
2025-04-29T22:00:00,M-103,55.55,2.05,227.17,normal
2025-04-29T23:00:00,M-103,54.95,2.26,231.04,normal
2025-04-30T00:00:00,M-103,56.46,2.29,230.11,normal
2025-04-30T01:00:00,M-103,56.35,2.31,227.1,normal
2025-04-30T02:00:00,M-103,57.69,2.24,229.85,normal
2025-04-30T03:00:00,M-103,54.39,2.14,228.29,normal
2025-04-30T04:00:00,M-103,55.67,2.12,230.6,normal
2025-04-30T05:00:00,M-103,53.18,2.35,231.09,normal
2025-04-30T06:00:00,M-103,56.29,2.29,231.22,normal
2025-04-30T07:00:00,M-103,55.16,2.28,231.56,normal
2025-04-30T08:00:00,M-103,55.29,2.01,230.34,normal
2025-04-30T09:00:00,M-103,55.29,2.52,230.56,normal
2025-04-30T10:00:00,M-103,53.57,2.12,229.89,normal
2025-04-30T11:00:00,M-103,57.58,2.33,229.56,normal
2025-04-30T12:00:00,M-103,54.14,2.36,230.23,normal
2025-04-30T13:00:00,M-103,55.53,2.12,230.13,normal
2025-04-30T14:00:00,M-103,57.07,2.42,230.47,normal
2025-04-30T15:00:00,M-103,54.34,2.17,227.85,normal
2025-04-30T16:00:00,M-103,55.66,2.03,230.48,normal
2025-04-30T17:00:00,M-103,54.62,2.3,231.69,normal
2025-04-30T18:00:00,M-103,55.54,2.29,230.01,normal
2025-04-30T19:00:00,M-103,53.04,2.24,231.78,normal
2025-04-30T20:00:00,M-103,56.29,2.21,232.45,normal
2025-04-30T21:00:00,M-103,53.59,2.39,230.5,normal
2025-04-30T22:00:00,M-103,55.34,2.27,232.77,normal
2025-04-30T23:00:00,M-103,53.92,2.39,230.65,normal
2025-05-01T00:00:00,M-103,54.96,2.2,228.6,normal
2025-05-01T01:00:00,M-103,54.89,2.33,231.01,normal
2025-05-01T02:00:00,M-103,54.77,2.39,229.42,normal
2025-05-01T03:00:00,M-103,55.11,2.4,228.97,normal
2025-05-01T04:00:00,M-103,55.24,2.33,232.04,normal
2025-05-01T05:00:00,M-103,56.05,1.98,232.24,normal
2025-05-01T06:00:00,M-103,54.28,2.35,229.59,normal
2025-05-01T07:00:00,M-103,55.46,2.0,232.89,normal
2025-05-01T08:00:00,M-103,54.76,2.47,231.1,normal
2025-05-01T09:00:00,M-103,55.91,1.96,229.06,normal
2025-05-01T10:00:00,M-103,56.15,2.24,230.22,normal
2025-05-01T11:00:00,M-103,57.1,2.24,229.43,normal
2025-05-01T12:00:00,M-103,54.78,2.07,230.45,normal
2025-05-01T13:00:00,M-103,55.55,2.17,229.78,normal
2025-05-01T14:00:00,M-103,54.96,2.24,231.3,normal
2025-05-01T15:00:00,M-103,54.95,2.12,228.91,normal
2025-05-01T16:00:00,M-103,54.7,2.13,230.55,normal
2025-05-01T17:00:00,M-103,54.25,2.15,232.35,normal
2025-05-01T18:00:00,M-103,54.35,2.0,229.09,normal
2025-05-01T19:00:00,M-103,54.8,2.2,230.94,normal
2025-05-01T20:00:00,M-103,55.69,2.27,228.24,normal
2025-05-01T21:00:00,M-103,56.72,2.11,229.51,normal
2025-05-01T22:00:00,M-103,55.0,2.27,230.08,normal
2025-05-01T23:00:00,M-103,53.44,2.37,228.47,normal
2025-05-02T00:00:00,M-103,53.77,2.19,230.07,normal
2025-05-02T01:00:00,M-103,55.08,2.09,229.11,normal
2025-05-02T02:00:00,M-103,54.13,2.15,230.69,normal
2025-05-02T03:00:00,M-103,55.89,2.35,231.35,normal
2025-05-02T04:00:00,M-103,52.33,2.1,228.47,normal
2025-05-02T05:00:00,M-103,55.42,2.03,230.49,normal
2025-05-02T06:00:00,M-103,56.65,2.11,229.94,normal
2025-05-02T07:00:00,M-103,56.22,2.08,229.34,normal
2025-05-02T08:00:00,M-103,56.11,2.15,231.44,normal
2025-05-02T09:00:00,M-103,53.61,2.28,230.61,normal
2025-05-02T10:00:00,M-103,53.31,2.12,229.17,normal
2025-05-02T11:00:00,M-103,55.66,2.12,230.13,normal
2025-05-02T12:00:00,M-103,53.55,2.47,231.44,normal
2025-05-02T13:00:00,M-103,55.48,2.15,230.28,normal
2025-05-02T14:00:00,M-103,53.16,2.21,226.61,normal
2025-05-02T15:00:00,M-103,54.08,2.21,232.67,normal
2025-05-02T16:00:00,M-103,56.19,2.35,232.86,normal
2025-05-02T17:00:00,M-103,55.15,2.32,229.53,normal
2025-05-02T18:00:00,M-103,55.74,2.22,226.52,normal
2025-05-02T19:00:00,M-103,54.85,2.46,228.51,normal
2025-05-02T20:00:00,M-103,55.75,2.43,229.74,normal
2025-05-02T21:00:00,M-103,55.38,2.12,228.69,normal
2025-05-02T22:00:00,M-103,56.21,2.19,229.29,normal
2025-05-02T23:00:00,M-103,56.07,2.31,231.19,normal
2025-05-03T00:00:00,M-103,57.73,2.16,230.29,normal
2025-05-03T01:00:00,M-103,54.32,2.15,231.28,normal
2025-05-03T02:00:00,M-103,55.77,2.23,231.44,normal
2025-05-03T03:00:00,M-103,54.28,2.13,230.48,normal
2025-05-03T04:00:00,M-103,54.66,1.78,230.54,normal
2025-05-03T05:00:00,M-103,56.1,2.13,227.43,normal
2025-05-03T06:00:00,M-103,56.64,2.24,230.37,normal
2025-05-03T07:00:00,M-103,55.34,2.23,228.95,normal
2025-05-03T08:00:00,M-103,54.61,2.28,229.08,normal
2025-05-03T09:00:00,M-103,54.58,2.29,229.84,normal
2025-05-03T10:00:00,M-103,55.0,2.11,231.79,normal
2025-05-03T11:00:00,M-103,54.3,1.97,227.91,normal
2025-05-03T12:00:00,M-103,55.13,2.18,230.27,normal
2025-05-03T13:00:00,M-103,55.36,2.32,232.35,normal
2025-05-03T14:00:00,M-103,54.77,2.13,228.56,normal
2025-05-03T15:00:00,M-103,56.46,1.8,229.84,normal
2025-05-03T16:00:00,M-103,57.06,1.97,228.9,normal
2025-05-03T17:00:00,M-103,55.16,2.32,231.42,normal
2025-05-03T18:00:00,M-103,54.47,2.26,230.63,normal
2025-05-03T19:00:00,M-103,54.78,2.25,229.35,normal
2025-05-03T20:00:00,M-103,54.96,2.23,231.26,normal
2025-05-03T21:00:00,M-103,54.41,2.2,230.31,normal
2025-05-03T22:00:00,M-103,54.44,2.24,229.55,normal
2025-05-03T23:00:00,M-103,55.66,2.19,230.63,normal
2025-05-04T00:00:00,M-103,54.48,2.17,227.94,normal
2025-05-04T01:00:00,M-103,53.0,2.44,232.32,normal
2025-05-04T02:00:00,M-103,54.58,2.31,226.53,normal
2025-05-04T03:00:00,M-103,55.56,2.16,228.36,normal
2025-05-04T04:00:00,M-103,55.96,2.36,229.49,normal
2025-05-04T05:00:00,M-103,55.29,2.21,228.09,normal
2025-05-04T06:00:00,M-103,53.78,1.91,228.75,normal
2025-05-04T07:00:00,M-103,54.45,2.09,228.64,normal
2025-05-04T08:00:00,M-103,55.13,2.22,229.92,normal
2025-05-04T09:00:00,M-103,54.77,2.15,228.85,normal
2025-05-04T10:00:00,M-103,57.05,2.18,230.52,normal
2025-05-04T11:00:00,M-103,56.15,2.0,229.56,normal
2025-05-04T12:00:00,M-103,55.94,2.15,231.07,normal
2025-05-04T13:00:00,M-103,55.98,2.21,231.86,normal
2025-05-04T14:00:00,M-103,56.48,2.19,231.69,normal
2025-05-04T15:00:00,M-103,56.25,2.18,228.18,normal
2025-05-04T16:00:00,M-103,55.35,2.31,228.38,normal
2025-05-04T17:00:00,M-103,53.49,2.27,231.16,normal
2025-05-04T18:00:00,M-103,55.13,2.21,229.22,normal
2025-05-04T19:00:00,M-103,54.56,2.44,227.37,normal
2025-05-04T20:00:00,M-103,53.88,2.33,231.04,normal
2025-05-04T21:00:00,M-103,55.01,2.15,230.49,normal
2025-05-04T22:00:00,M-103,55.32,2.19,228.74,normal
2025-05-04T23:00:00,M-103,54.53,2.66,229.44,normal
2025-05-05T00:00:00,M-103,58.41,2.17,230.45,normal
2025-05-05T01:00:00,M-103,55.65,2.09,230.46,normal
2025-05-05T02:00:00,M-103,55.9,2.05,229.23,normal
2025-05-05T03:00:00,M-103,53.89,2.33,229.45,normal
2025-05-05T04:00:00,M-103,56.1,2.31,228.99,normal
2025-05-05T05:00:00,M-103,54.56,1.95,231.98,normal
2025-05-05T06:00:00,M-103,55.28,2.09,230.62,normal
2025-05-05T07:00:00,M-103,55.58,2.28,228.34,normal
2025-05-05T08:00:00,M-103,55.91,2.22,231.9,normal
2025-05-05T09:00:00,M-103,55.61,1.95,229.4,normal
2025-05-05T10:00:00,M-103,53.37,2.25,229.76,normal
2025-05-05T11:00:00,M-103,55.42,2.44,227.7,normal
2025-05-05T12:00:00,M-103,55.7,2.41,229.95,normal
2025-05-05T13:00:00,M-103,54.65,2.24,228.51,normal
2025-05-05T14:00:00,M-103,55.73,2.37,231.07,normal
2025-05-05T15:00:00,M-103,53.94,2.29,229.66,normal
2025-05-05T16:00:00,M-103,55.19,2.11,232.99,normal
2025-05-05T17:00:00,M-103,53.86,2.18,232.44,normal
2025-05-05T18:00:00,M-103,55.09,2.25,232.27,normal
2025-05-05T19:00:00,M-103,55.38,2.38,230.39,normal
2025-05-05T20:00:00,M-103,54.35,2.21,228.86,normal
2025-05-05T21:00:00,M-103,54.65,2.26,229.16,normal
2025-05-05T22:00:00,M-103,52.49,2.17,230.36,normal
2025-05-05T23:00:00,M-103,54.19,2.17,229.08,normal
2025-05-06T00:00:00,M-103,55.63,2.16,231.55,normal
2025-05-06T01:00:00,M-103,55.56,2.04,230.14,normal
2025-05-06T02:00:00,M-103,54.81,2.22,229.95,normal
2025-05-06T03:00:00,M-103,53.3,2.12,232.78,normal
2025-05-06T04:00:00,M-103,54.76,2.27,230.28,normal
2025-05-06T05:00:00,M-103,55.22,2.18,229.68,normal
2025-05-06T06:00:00,M-103,56.61,2.35,229.82,normal
2025-05-06T07:00:00,M-103,54.49,1.95,233.12,normal
2025-05-06T08:00:00,M-103,55.98,2.08,228.21,normal
2025-05-06T09:00:00,M-103,52.76,2.02,230.41,normal
2025-05-06T10:00:00,M-103,54.89,2.06,231.87,normal
2025-05-06T11:00:00,M-103,54.75,1.99,229.89,normal
2025-05-06T12:00:00,M-103,54.24,2.65,231.73,normal
2025-05-06T13:00:00,M-103,56.85,2.29,231.5,normal
2025-05-06T14:00:00,M-103,56.37,2.04,228.97,normal
2025-05-06T15:00:00,M-103,54.64,2.12,230.66,normal
2025-05-06T16:00:00,M-103,53.38,2.26,231.0,normal
2025-05-06T17:00:00,M-103,55.21,2.52,228.95,normal
2025-05-06T18:00:00,M-103,54.92,2.43,231.13,normal
2025-05-06T19:00:00,M-103,53.01,2.15,230.09,normal
2025-05-06T20:00:00,M-103,54.09,2.08,227.81,normal
2025-05-06T21:00:00,M-103,55.82,2.14,231.45,normal
2025-05-06T22:00:00,M-103,56.63,2.07,230.38,normal
2025-05-06T23:00:00,M-103,54.18,2.06,230.74,normal
2025-05-07T00:00:00,M-103,56.09,2.11,230.23,normal
2025-05-07T01:00:00,M-103,57.55,2.21,230.85,normal
2025-05-07T02:00:00,M-103,55.25,2.34,228.99,normal
2025-05-07T03:00:00,M-103,55.5,2.22,227.68,normal
2025-05-07T04:00:00,M-103,56.08,2.44,230.4,normal
2025-05-07T05:00:00,M-103,54.78,2.27,228.31,normal
2025-05-07T06:00:00,M-103,53.41,2.46,230.69,normal
2025-05-07T07:00:00,M-103,54.88,2.22,229.8,normal
2025-05-07T08:00:00,M-103,54.34,2.22,231.92,normal
2025-05-07T09:00:00,M-103,55.67,2.27,230.46,normal
2025-05-07T10:00:00,M-103,53.79,2.24,229.91,normal
2025-05-07T11:00:00,M-103,54.61,2.03,227.48,normal
2025-05-07T12:00:00,M-103,55.9,2.05,230.37,normal
2025-05-07T13:00:00,M-103,57.65,2.25,228.39,normal
2025-05-07T14:00:00,M-103,54.41,2.25,230.88,normal
2025-05-07T15:00:00,M-103,52.9,2.23,230.1,normal
2025-05-07T16:00:00,M-103,54.45,2.31,230.25,normal
2025-05-07T17:00:00,M-103,54.31,2.21,227.31,normal
2025-05-07T18:00:00,M-103,53.84,2.35,231.56,normal
2025-05-07T19:00:00,M-103,56.81,2.37,228.28,normal
2025-05-07T20:00:00,M-103,56.71,2.33,227.8,normal
2025-05-07T21:00:00,M-103,52.92,2.22,226.94,normal
2025-05-07T22:00:00,M-103,56.11,2.23,229.33,normal
2025-05-07T23:00:00,M-103,56.33,2.14,230.9,normal
2025-05-08T00:00:00,M-103,52.51,2.1,227.46,normal
2025-05-08T01:00:00,M-103,53.58,2.16,230.56,normal
2025-05-08T02:00:00,M-103,53.29,2.11,230.39,normal
2025-05-08T03:00:00,M-103,53.8,1.89,229.88,normal
2025-05-08T04:00:00,M-103,55.06,2.28,230.62,normal
2025-05-08T05:00:00,M-103,56.32,2.25,227.09,normal
2025-05-08T06:00:00,M-103,55.37,2.33,230.42,normal
2025-05-08T07:00:00,M-103,56.6,2.25,229.52,normal
2025-05-08T08:00:00,M-103,53.71,2.01,231.12,normal
2025-05-08T09:00:00,M-103,56.5,2.23,229.38,normal
2025-05-08T10:00:00,M-103,54.62,2.16,229.97,normal
2025-05-08T11:00:00,M-103,54.1,2.22,230.47,normal
2025-05-08T12:00:00,M-103,57.44,2.25,229.93,normal
2025-05-08T13:00:00,M-103,54.56,2.06,230.12,normal
2025-05-08T14:00:00,M-103,54.1,2.38,228.49,normal
2025-05-08T15:00:00,M-103,55.74,2.44,228.35,normal
2025-05-08T16:00:00,M-103,53.47,2.39,229.91,normal
2025-05-08T17:00:00,M-103,57.54,2.21,228.43,normal
2025-05-08T18:00:00,M-103,56.58,2.11,231.49,normal
2025-05-08T19:00:00,M-103,56.29,2.45,230.32,normal
2025-05-08T20:00:00,M-103,54.63,1.98,228.57,normal
2025-05-08T21:00:00,M-103,55.54,2.38,227.92,normal
2025-05-08T22:00:00,M-103,54.93,2.19,229.0,normal
2025-05-08T23:00:00,M-103,52.22,2.05,230.82,normal
2025-05-09T00:00:00,M-103,55.68,2.26,231.03,normal
2025-05-09T01:00:00,M-103,53.6,1.95,228.47,normal
2025-05-09T02:00:00,M-103,56.99,2.0,229.75,normal
2025-05-09T03:00:00,M-103,53.98,2.34,228.08,normal
2025-05-09T04:00:00,M-103,54.46,1.97,230.61,normal
2025-05-09T05:00:00,M-103,55.09,2.16,229.48,normal
2025-05-09T06:00:00,M-103,54.76,2.1,233.29,normal
2025-05-09T07:00:00,M-103,56.31,2.32,230.22,normal
2025-05-09T08:00:00,M-103,53.44,2.33,230.69,normal
2025-05-09T09:00:00,M-103,55.35,2.25,231.93,normal
2025-05-09T10:00:00,M-103,57.59,2.08,230.74,normal
2025-05-09T11:00:00,M-103,55.01,2.17,229.74,normal
2025-05-09T12:00:00,M-103,54.16,2.28,231.0,normal
2025-05-09T13:00:00,M-103,57.58,1.94,230.05,normal
2025-05-09T14:00:00,M-103,54.56,2.65,230.23,normal
2025-05-09T15:00:00,M-103,54.84,2.06,228.06,normal
2025-05-09T16:00:00,M-103,53.07,2.01,231.39,normal
2025-05-09T17:00:00,M-103,57.01,1.81,229.74,normal
2025-05-09T18:00:00,M-103,54.48,2.29,227.16,normal
2025-05-09T19:00:00,M-103,53.76,2.27,231.68,normal
2025-05-09T20:00:00,M-103,54.28,1.89,229.57,normal
2025-05-09T21:00:00,M-103,56.02,2.14,229.12,normal
2025-05-09T22:00:00,M-103,55.54,2.21,227.83,normal
2025-05-09T23:00:00,M-103,56.39,2.28,228.78,normal
2025-05-10T00:00:00,M-103,56.58,2.37,234.25,normal
2025-05-10T01:00:00,M-103,57.01,2.22,228.89,normal
2025-05-10T02:00:00,M-103,55.38,2.27,230.82,normal
2025-05-10T03:00:00,M-103,54.28,1.99,228.41,normal
2025-05-10T04:00:00,M-103,55.31,2.33,229.76,normal
2025-05-10T05:00:00,M-103,56.26,2.25,229.27,normal
2025-05-10T06:00:00,M-103,55.36,2.12,228.73,normal
2025-05-10T07:00:00,M-103,54.67,2.2,230.97,normal
2025-05-10T08:00:00,M-103,54.63,1.83,230.51,normal
2025-05-10T09:00:00,M-103,55.72,2.14,229.87,normal
2025-05-10T10:00:00,M-103,53.54,1.99,231.43,normal
2025-05-10T11:00:00,M-103,55.32,2.3,229.25,normal
2025-05-10T12:00:00,M-103,56.19,2.23,227.68,normal
2025-05-10T13:00:00,M-103,54.47,2.15,230.11,normal
2025-05-10T14:00:00,M-103,53.92,2.05,228.41,normal
2025-05-10T15:00:00,M-103,54.94,2.31,231.06,normal
2025-05-10T16:00:00,M-103,56.68,2.42,230.02,normal
2025-05-10T17:00:00,M-103,54.04,2.15,228.79,normal
2025-05-10T18:00:00,M-103,54.3,2.09,229.85,normal
2025-05-10T19:00:00,M-103,53.31,2.1,233.16,normal
2025-05-10T20:00:00,M-103,51.34,2.49,229.49,normal
2025-05-10T21:00:00,M-103,55.1,2.15,229.52,normal
2025-05-10T22:00:00,M-103,55.81,2.13,228.97,normal
2025-05-10T23:00:00,M-103,54.97,2.12,229.88,normal
2025-05-11T00:00:00,M-103,55.64,2.26,230.18,normal
2025-05-11T01:00:00,M-103,53.14,2.27,231.79,normal
2025-05-11T02:00:00,M-103,54.38,2.27,231.02,normal
2025-05-11T03:00:00,M-103,56.3,2.31,230.39,normal
2025-05-11T04:00:00,M-103,55.96,2.06,231.12,normal
2025-05-11T05:00:00,M-103,54.62,2.07,227.65,normal
2025-05-11T06:00:00,M-103,53.62,2.22,227.29,normal
2025-05-11T07:00:00,M-103,54.44,2.09,229.9,normal
2025-05-11T08:00:00,M-103,53.57,2.23,228.67,normal
2025-05-11T09:00:00,M-103,55.19,2.31,228.34,normal
2025-05-11T10:00:00,M-103,55.5,2.22,231.71,normal
2025-05-11T11:00:00,M-103,51.55,2.3,229.01,normal
2025-05-11T12:00:00,M-103,55.85,2.19,230.33,normal
2025-05-11T13:00:00,M-103,54.52,2.26,233.36,normal
2025-05-11T14:00:00,M-103,54.19,2.22,230.59,normal
2025-05-11T15:00:00,M-103,57.1,2.17,230.92,normal
2025-05-11T16:00:00,M-103,53.56,2.3,229.34,normal
2025-05-11T17:00:00,M-103,53.14,2.18,230.78,normal
2025-05-11T18:00:00,M-103,53.96,2.1,229.57,normal
2025-05-11T19:00:00,M-103,54.28,2.26,228.57,normal
2025-05-11T20:00:00,M-103,55.75,2.1,233.31,normal
2025-05-11T21:00:00,M-103,53.63,2.34,228.78,normal
2025-05-11T22:00:00,M-103,55.19,2.15,229.5,normal
2025-05-11T23:00:00,M-103,53.83,2.26,231.48,normal
2025-05-12T00:00:00,M-103,53.68,1.98,232.48,normal
2025-05-12T01:00:00,M-103,53.71,2.05,230.48,normal
2025-05-12T02:00:00,M-103,55.22,2.43,230.14,normal
2025-05-12T03:00:00,M-103,56.86,2.28,230.32,normal
2025-05-12T04:00:00,M-103,53.39,2.29,227.11,normal
2025-05-12T05:00:00,M-103,55.98,2.49,230.83,normal
2025-05-12T06:00:00,M-103,56.19,2.24,228.55,normal
2025-05-12T07:00:00,M-103,55.27,1.96,231.27,normal
2025-05-12T08:00:00,M-103,54.0,2.16,228.5,normal
2025-05-12T09:00:00,M-103,57.11,2.2,230.82,normal
2025-05-12T10:00:00,M-103,54.59,2.22,229.1,normal
2025-05-12T11:00:00,M-103,53.95,2.11,231.9,normal
2025-05-12T12:00:00,M-103,54.45,2.2,232.89,normal
2025-05-12T13:00:00,M-103,55.56,2.34,229.75,normal
2025-05-12T14:00:00,M-103,55.69,2.35,229.55,normal
2025-05-12T15:00:00,M-103,56.43,2.38,226.72,normal
2025-05-12T16:00:00,M-103,57.48,2.33,232.26,normal
2025-05-12T17:00:00,M-103,57.61,2.34,230.38,normal
2025-05-12T18:00:00,M-103,56.41,2.08,227.59,normal
2025-05-12T19:00:00,M-103,54.76,2.29,228.92,normal
2025-05-12T20:00:00,M-103,56.26,2.01,229.29,normal
2025-05-12T21:00:00,M-103,57.28,2.14,231.4,normal
2025-05-12T22:00:00,M-103,53.49,2.14,231.98,normal
2025-05-12T23:00:00,M-103,53.03,2.15,227.82,normal
2025-05-13T00:00:00,M-103,55.02,1.97,229.11,normal
2025-05-13T01:00:00,M-103,54.37,2.03,230.2,normal
2025-05-13T02:00:00,M-103,56.08,2.18,228.96,normal
2025-05-13T03:00:00,M-103,57.14,2.4,229.4,normal
2025-05-13T04:00:00,M-103,55.07,2.12,229.54,normal
2025-05-13T05:00:00,M-103,54.73,2.18,227.25,normal
2025-05-13T06:00:00,M-103,53.16,2.23,229.04,normal
2025-05-13T07:00:00,M-103,55.46,2.0,231.67,normal
2025-05-13T08:00:00,M-103,55.28,2.1,229.66,normal
2025-05-13T09:00:00,M-103,55.78,2.14,230.13,normal
2025-05-13T10:00:00,M-103,56.18,2.21,230.86,normal
2025-05-13T11:00:00,M-103,53.95,2.26,230.0,normal
2025-05-13T12:00:00,M-103,55.48,2.6,230.58,normal
2025-05-13T13:00:00,M-103,54.78,2.1,231.81,normal
2025-05-13T14:00:00,M-103,53.5,2.13,231.56,normal
2025-05-13T15:00:00,M-103,53.34,2.05,229.54,normal
2025-05-13T16:00:00,M-103,56.14,2.35,230.56,normal
2025-05-13T17:00:00,M-103,54.18,2.4,231.32,normal
2025-05-13T18:00:00,M-103,57.05,2.32,229.16,normal
2025-05-13T19:00:00,M-103,55.56,2.06,232.86,normal
2025-05-13T20:00:00,M-103,54.81,1.93,228.97,normal
2025-05-13T21:00:00,M-103,55.6,2.19,231.21,normal
2025-05-13T22:00:00,M-103,54.27,2.15,230.91,normal
2025-05-13T23:00:00,M-103,54.64,2.24,228.61,normal
2025-05-14T00:00:00,M-103,55.35,2.4,230.29,normal
2025-05-14T01:00:00,M-103,57.94,2.02,228.07,normal
2025-05-14T02:00:00,M-103,55.06,1.94,229.06,normal
2025-05-14T03:00:00,M-103,55.15,2.07,229.8,normal
2025-05-14T04:00:00,M-103,53.41,2.32,230.42,normal
2025-05-14T05:00:00,M-103,52.99,2.35,229.22,normal
2025-05-14T06:00:00,M-103,55.62,1.9,228.04,normal
2025-05-14T07:00:00,M-103,56.21,2.35,231.08,normal
2025-05-14T08:00:00,M-103,53.95,2.25,232.95,normal
2025-05-14T09:00:00,M-103,54.66,2.29,229.43,normal
2025-05-14T10:00:00,M-103,54.66,2.28,228.59,normal
2025-05-14T11:00:00,M-103,56.21,2.35,229.76,normal
2025-05-14T12:00:00,M-103,54.78,1.97,230.56,normal
2025-05-14T13:00:00,M-103,55.77,2.18,229.15,normal
2025-05-14T14:00:00,M-103,54.51,2.15,234.32,normal
2025-05-14T15:00:00,M-103,55.36,2.02,231.6,normal
2025-05-14T16:00:00,M-103,54.81,1.96,233.46,normal
2025-05-14T17:00:00,M-103,53.78,2.15,230.39,normal
2025-05-14T18:00:00,M-103,56.69,2.17,232.33,normal
2025-05-14T19:00:00,M-103,54.49,2.14,229.12,normal
2025-05-14T20:00:00,M-103,54.17,2.15,232.59,normal
2025-05-14T21:00:00,M-103,54.53,2.26,230.35,normal
2025-05-14T22:00:00,M-103,54.9,2.15,230.62,normal
2025-05-14T23:00:00,M-103,54.91,1.87,229.16,normal
2025-05-15T00:00:00,M-103,52.61,2.36,229.46,normal
2025-05-15T01:00:00,M-103,54.5,2.38,228.49,normal
2025-05-15T02:00:00,M-103,53.89,2.05,230.81,normal
2025-05-15T03:00:00,M-103,55.24,2.17,231.03,normal
2025-05-15T04:00:00,M-103,56.9,2.02,230.25,normal
2025-05-15T05:00:00,M-103,54.15,2.18,230.4,normal
2025-05-15T06:00:00,M-103,53.51,1.91,231.49,normal
2025-05-15T07:00:00,M-103,54.55,2.32,228.7,normal
2025-05-15T08:00:00,M-103,56.06,2.2,231.67,normal
2025-05-15T09:00:00,M-103,54.47,2.05,228.24,normal
2025-05-15T10:00:00,M-103,54.96,2.29,228.57,normal
2025-05-15T11:00:00,M-103,55.61,2.28,228.21,normal
2025-05-15T12:00:00,M-103,54.51,2.22,230.9,normal
2025-05-15T13:00:00,M-103,55.56,2.14,229.64,normal
2025-05-15T14:00:00,M-103,55.83,2.33,230.03,normal
2025-05-15T15:00:00,M-103,56.54,2.28,228.99,normal
2025-05-15T16:00:00,M-103,56.06,2.22,231.15,normal
2025-05-15T17:00:00,M-103,56.2,2.35,231.28,normal
2025-05-15T18:00:00,M-103,57.1,2.22,228.35,normal
2025-05-15T19:00:00,M-103,53.7,1.87,227.26,normal
2025-05-15T20:00:00,M-103,54.44,2.14,229.87,normal
2025-05-15T21:00:00,M-103,56.29,2.28,232.07,normal
2025-05-15T22:00:00,M-103,55.4,2.1,231.01,normal
2025-05-15T23:00:00,M-103,55.98,2.02,229.85,normal
2025-05-16T00:00:00,M-103,55.53,2.13,232.62,normal
2025-05-16T01:00:00,M-103,55.6,2.34,229.72,normal
2025-05-16T02:00:00,M-103,54.83,1.93,229.34,normal
2025-05-16T03:00:00,M-103,55.82,2.13,229.72,normal
2025-05-16T04:00:00,M-103,52.61,2.09,229.99,normal
2025-05-16T05:00:00,M-103,54.88,2.1,229.52,normal
2025-05-16T06:00:00,M-103,55.95,2.34,230.98,normal
2025-05-16T07:00:00,M-103,56.44,2.05,231.16,normal
2025-05-16T08:00:00,M-103,55.56,2.19,230.35,normal
2025-05-16T09:00:00,M-103,55.85,2.07,232.93,normal
2025-05-16T10:00:00,M-103,55.07,2.42,228.7,normal
2025-05-16T11:00:00,M-103,55.05,2.17,227.89,normal
2025-05-16T12:00:00,M-103,56.21,1.95,231.1,normal
2025-05-16T13:00:00,M-103,54.89,2.28,228.83,normal
2025-05-16T14:00:00,M-103,54.99,2.27,228.87,normal
2025-05-16T15:00:00,M-103,55.16,2.24,228.81,normal
2025-05-16T16:00:00,M-103,55.16,2.29,229.75,normal
2025-05-16T17:00:00,M-103,53.37,2.11,229.06,normal
2025-05-16T18:00:00,M-103,55.35,2.03,231.09,normal
2025-05-16T19:00:00,M-103,53.73,2.26,228.08,normal
2025-05-16T20:00:00,M-103,54.87,2.26,229.54,normal
2025-05-16T21:00:00,M-103,57.31,2.16,227.5,normal
2025-05-16T22:00:00,M-103,54.98,2.41,228.86,normal
2025-05-16T23:00:00,M-103,55.24,2.23,231.1,normal
2025-05-17T00:00:00,M-103,55.01,2.36,228.41,normal
2025-05-17T01:00:00,M-103,55.04,2.03,229.6,normal
2025-05-17T02:00:00,M-103,53.19,2.13,228.84,normal
2025-05-17T03:00:00,M-103,57.11,2.23,233.23,normal
2025-05-17T04:00:00,M-103,54.97,2.25,230.93,normal
2025-05-17T05:00:00,M-103,56.21,2.09,229.44,normal
2025-05-17T06:00:00,M-103,56.48,2.13,230.02,normal
2025-05-17T07:00:00,M-103,53.28,2.0,229.36,normal
2025-05-17T08:00:00,M-103,54.39,2.19,231.81,normal
2025-05-17T09:00:00,M-103,53.34,2.19,229.12,normal
2025-05-17T10:00:00,M-103,54.96,2.21,228.55,normal
2025-05-17T11:00:00,M-103,54.19,1.88,232.69,normal
2025-05-17T12:00:00,M-103,54.06,2.43,228.31,normal
2025-05-17T13:00:00,M-103,54.13,2.0,231.22,normal
2025-05-17T14:00:00,M-103,54.8,2.22,226.17,normal
2025-05-17T15:00:00,M-103,54.97,2.24,229.26,normal
2025-05-17T16:00:00,M-103,55.49,2.17,231.89,normal
2025-05-17T17:00:00,M-103,55.82,2.02,229.21,normal
2025-05-17T18:00:00,M-103,55.38,2.06,230.33,normal
2025-05-17T19:00:00,M-103,55.73,2.13,230.29,normal
2025-05-17T20:00:00,M-103,54.55,2.29,225.79,normal
2025-05-17T21:00:00,M-103,54.87,2.19,229.13,normal
2025-05-17T22:00:00,M-103,56.61,1.97,230.4,normal
2025-05-17T23:00:00,M-103,53.7,1.99,229.56,normal
2025-05-18T00:00:00,M-103,52.89,2.16,233.56,normal
2025-05-18T01:00:00,M-103,55.8,2.25,227.69,normal
2025-05-18T02:00:00,M-103,52.39,2.11,228.22,normal
2025-05-18T03:00:00,M-103,55.34,2.01,229.2,normal
2025-05-18T04:00:00,M-103,57.67,2.04,231.17,normal
2025-05-18T05:00:00,M-103,55.62,2.56,227.96,normal
2025-05-18T06:00:00,M-103,54.24,2.15,230.7,normal
2025-05-18T07:00:00,M-103,54.87,2.4,230.54,normal
2025-05-18T08:00:00,M-103,53.8,2.25,232.41,normal
2025-05-18T09:00:00,M-103,55.29,2.18,231.55,normal
2025-05-18T10:00:00,M-103,54.2,2.26,231.97,normal
2025-05-18T11:00:00,M-103,55.35,2.22,231.62,normal
2025-05-18T12:00:00,M-103,56.98,2.26,233.52,normal
2025-05-18T13:00:00,M-103,54.41,1.99,230.37,normal
2025-05-18T14:00:00,M-103,55.08,2.33,233.29,normal
2025-05-18T15:00:00,M-103,55.79,2.23,231.35,normal
2025-05-18T16:00:00,M-103,53.22,2.18,229.85,normal
2025-05-18T17:00:00,M-103,56.5,2.31,230.54,normal
2025-05-18T18:00:00,M-103,55.39,2.1,228.47,normal
2025-05-18T19:00:00,M-103,54.8,2.19,230.77,normal
2025-05-18T20:00:00,M-103,55.99,2.17,230.23,normal
2025-05-18T21:00:00,M-103,53.52,2.37,227.1,normal
2025-05-18T22:00:00,M-103,54.68,2.14,229.13,normal
2025-05-18T23:00:00,M-103,56.05,2.25,232.98,normal
2025-05-19T00:00:00,M-103,55.05,2.01,232.02,normal
2025-05-19T01:00:00,M-103,54.68,2.28,232.36,normal
2025-05-19T02:00:00,M-103,56.95,2.32,229.06,normal
2025-05-19T03:00:00,M-103,55.72,2.27,227.57,normal
2025-05-19T04:00:00,M-103,54.16,2.22,231.34,normal
2025-05-19T05:00:00,M-103,54.5,2.18,226.07,normal
2025-05-19T06:00:00,M-103,57.55,2.0,230.44,normal
2025-05-19T07:00:00,M-103,57.04,2.02,231.62,normal
2025-05-19T08:00:00,M-103,54.0,2.16,228.02,normal
2025-05-19T09:00:00,M-103,54.83,2.23,230.65,normal
2025-05-19T10:00:00,M-103,56.12,2.21,228.21,normal
2025-05-19T11:00:00,M-103,54.71,1.94,227.76,normal
2025-05-19T12:00:00,M-103,54.58,2.3,228.97,normal
2025-05-19T13:00:00,M-103,54.93,2.29,229.66,normal
2025-05-19T14:00:00,M-103,54.35,2.3,230.39,normal
2025-05-19T15:00:00,M-103,55.84,2.05,229.93,normal
2025-05-19T16:00:00,M-103,55.55,2.09,230.81,normal
2025-05-19T17:00:00,M-103,56.04,2.06,230.92,normal
2025-05-19T18:00:00,M-103,55.2,2.41,227.49,normal
2025-05-19T19:00:00,M-103,54.72,2.31,231.67,normal
2025-05-19T20:00:00,M-103,55.23,2.21,229.37,normal
2025-05-19T21:00:00,M-103,56.97,2.29,231.2,normal
2025-05-19T22:00:00,M-103,55.6,2.08,232.29,normal
2025-05-19T23:00:00,M-103,55.54,2.31,228.48,normal
2025-05-20T00:00:00,M-103,56.54,2.33,231.85,normal
2025-05-20T01:00:00,M-103,54.18,1.87,229.5,normal
2025-05-20T02:00:00,M-103,55.17,2.06,229.46,normal
2025-05-20T03:00:00,M-103,53.21,2.2,229.02,normal
2025-05-20T04:00:00,M-103,53.89,2.25,228.67,normal
2025-05-20T05:00:00,M-103,56.27,2.14,229.59,normal
2025-05-20T06:00:00,M-103,54.65,2.47,230.4,normal
2025-05-20T07:00:00,M-103,55.43,2.17,229.36,normal
2025-05-20T08:00:00,M-103,52.73,2.2,232.2,normal
2025-05-20T09:00:00,M-103,55.27,2.27,230.85,normal
2025-05-20T10:00:00,M-103,55.56,2.01,230.95,normal
2025-05-20T11:00:00,M-103,54.88,2.24,230.88,normal
2025-05-20T12:00:00,M-103,55.33,2.13,228.52,normal
2025-05-20T13:00:00,M-103,53.62,2.51,231.88,normal
2025-05-20T14:00:00,M-103,57.14,1.91,229.37,normal
2025-05-20T15:00:00,M-103,54.84,2.11,230.9,normal
2025-05-20T16:00:00,M-103,53.72,2.08,231.17,normal
2025-05-20T17:00:00,M-103,53.57,2.07,229.58,normal
2025-05-20T18:00:00,M-103,55.85,2.22,229.86,normal
2025-05-20T19:00:00,M-103,54.51,2.19,230.63,normal
2025-05-20T20:00:00,M-103,57.22,1.98,230.27,normal
2025-05-20T21:00:00,M-103,53.15,2.46,226.96,normal
2025-05-20T22:00:00,M-103,54.98,2.31,230.63,normal
2025-05-20T23:00:00,M-103,55.06,2.18,229.65,normal
2025-05-21T00:00:00,M-103,53.17,2.22,229.11,normal
2025-05-21T01:00:00,M-103,56.85,2.24,230.82,normal
2025-05-21T02:00:00,M-103,54.95,2.32,229.61,normal
2025-05-21T03:00:00,M-103,54.05,2.17,229.33,normal
2025-05-21T04:00:00,M-103,55.36,2.31,230.62,normal
2025-05-21T05:00:00,M-103,54.13,2.25,230.36,normal
2025-05-21T06:00:00,M-103,54.42,2.15,229.71,normal
2025-05-21T07:00:00,M-103,54.42,2.06,232.35,normal
2025-05-21T08:00:00,M-103,54.72,2.17,227.97,normal
2025-05-21T09:00:00,M-103,53.5,2.04,231.36,normal
2025-05-21T10:00:00,M-103,54.81,2.37,229.22,normal
2025-05-21T11:00:00,M-103,54.61,2.13,232.81,normal
2025-05-21T12:00:00,M-103,54.31,2.28,228.31,normal
2025-05-21T13:00:00,M-103,56.86,2.19,230.46,normal
2025-05-21T14:00:00,M-103,56.46,2.05,230.21,normal
2025-05-21T15:00:00,M-103,56.49,2.29,229.98,normal
2025-05-21T16:00:00,M-103,54.15,2.43,231.41,normal
2025-05-21T17:00:00,M-103,53.45,2.23,230.53,normal
2025-05-21T18:00:00,M-103,55.58,2.35,230.76,normal
2025-05-21T19:00:00,M-103,53.5,2.13,228.24,normal
2025-05-21T20:00:00,M-103,54.39,1.96,230.87,normal
2025-05-21T21:00:00,M-103,53.41,2.01,230.46,normal
2025-05-21T22:00:00,M-103,55.63,2.27,230.16,normal
2025-05-21T23:00:00,M-103,53.15,2.36,230.88,normal
2025-05-22T00:00:00,M-103,56.31,2.12,229.49,normal
2025-05-22T01:00:00,M-103,53.88,2.36,228.61,normal
2025-05-22T02:00:00,M-103,55.48,2.41,226.35,normal
2025-05-22T03:00:00,M-103,55.65,2.2,231.32,normal
2025-05-22T04:00:00,M-103,54.59,2.22,228.17,normal
2025-05-22T05:00:00,M-103,53.88,2.63,230.86,normal
2025-05-22T06:00:00,M-103,54.45,2.13,231.06,normal
2025-05-22T07:00:00,M-103,55.1,2.13,228.6,normal
2025-05-22T08:00:00,M-103,54.73,2.47,231.59,normal
2025-05-22T09:00:00,M-103,53.56,2.36,227.38,normal
2025-05-22T10:00:00,M-103,53.6,2.05,230.26,normal
2025-05-22T11:00:00,M-103,55.77,1.93,229.9,normal
2025-05-22T12:00:00,M-103,55.02,2.3,228.66,normal
2025-05-22T13:00:00,M-103,55.11,2.36,230.96,normal
2025-05-22T14:00:00,M-103,54.67,2.17,232.86,normal
2025-05-22T15:00:00,M-103,53.5,2.13,230.45,normal
2025-05-22T16:00:00,M-103,56.29,2.27,230.62,normal
2025-05-22T17:00:00,M-103,55.46,2.06,231.11,normal
2025-05-22T18:00:00,M-103,53.34,2.05,229.04,normal
2025-05-22T19:00:00,M-103,55.24,1.94,228.34,normal
2025-05-22T20:00:00,M-103,53.87,2.19,228.27,normal
2025-05-22T21:00:00,M-103,53.16,2.38,230.7,normal
2025-05-22T22:00:00,M-103,54.77,2.12,231.17,normal
2025-05-22T23:00:00,M-103,54.76,2.01,229.15,normal
2025-05-23T00:00:00,M-103,55.37,2.3,231.89,warning
2025-05-23T01:00:00,M-103,55.3,2.46,228.69,warning
2025-05-23T02:00:00,M-103,54.17,2.43,229.63,warning
2025-05-23T03:00:00,M-103,56.5,1.88,231.25,warning
2025-05-23T04:00:00,M-103,55.48,2.52,232.17,warning
2025-05-23T05:00:00,M-103,53.81,2.08,228.23,warning
2025-05-23T06:00:00,M-103,57.85,2.34,230.23,warning
2025-05-23T07:00:00,M-103,56.54,2.36,227.08,warning
2025-05-23T08:00:00,M-103,56.16,2.02,231.6,warning
2025-05-23T09:00:00,M-103,55.19,2.16,228.99,warning
2025-05-23T10:00:00,M-103,55.18,2.37,230.43,warning
2025-05-23T11:00:00,M-103,54.54,2.42,229.79,warning
2025-05-23T12:00:00,M-103,54.5,1.98,228.7,warning
2025-05-23T13:00:00,M-103,54.19,2.05,232.23,warning
2025-05-23T14:00:00,M-103,53.97,2.49,230.33,warning
2025-05-23T15:00:00,M-103,56.79,2.26,228.04,warning
2025-05-23T16:00:00,M-103,55.34,2.03,228.42,warning
2025-05-23T17:00:00,M-103,57.31,2.41,233.14,warning
2025-05-23T18:00:00,M-103,54.96,2.11,229.78,warning
2025-05-23T19:00:00,M-103,54.79,2.4,231.5,warning
2025-05-23T20:00:00,M-103,55.22,2.24,225.78,warning
2025-05-23T21:00:00,M-103,53.63,1.96,230.91,warning
2025-05-23T22:00:00,M-103,55.45,2.27,230.46,warning
2025-05-23T23:00:00,M-103,55.0,2.27,230.36,warning
2025-05-24T00:00:00,M-103,57.1,2.46,230.2,warning
2025-05-24T01:00:00,M-103,56.42,2.25,230.47,warning
2025-05-24T02:00:00,M-103,54.72,2.4,230.09,warning
2025-05-24T03:00:00,M-103,58.21,2.43,230.41,warning
2025-05-24T04:00:00,M-103,57.78,2.5,233.01,warning
2025-05-24T05:00:00,M-103,55.4,2.58,229.55,warning
2025-05-24T06:00:00,M-103,57.81,2.71,230.56,warning
2025-05-24T07:00:00,M-103,56.28,2.6,229.31,warning
2025-05-24T08:00:00,M-103,54.32,2.41,228.56,warning
2025-05-24T09:00:00,M-103,55.98,2.77,230.44,warning
2025-05-24T10:00:00,M-103,55.58,2.46,231.63,warning
2025-05-24T11:00:00,M-103,56.55,2.82,232.49,warning
2025-05-24T12:00:00,M-103,56.77,2.52,229.25,warning
2025-05-24T13:00:00,M-103,53.6,2.44,230.45,warning
2025-05-24T14:00:00,M-103,55.88,2.74,229.74,warning
2025-05-24T15:00:00,M-103,57.26,2.61,229.44,warning
2025-05-24T16:00:00,M-103,55.67,2.53,230.24,warning
2025-05-24T17:00:00,M-103,56.99,2.26,229.05,warning
2025-05-24T18:00:00,M-103,58.54,2.54,226.78,warning
2025-05-24T19:00:00,M-103,55.07,2.6,229.43,warning
2025-05-24T20:00:00,M-103,57.19,2.63,227.09,warning
2025-05-24T21:00:00,M-103,54.86,2.57,228.0,warning
2025-05-24T22:00:00,M-103,56.8,2.45,230.51,warning
2025-05-24T23:00:00,M-103,55.28,2.15,231.05,warning
2025-05-25T00:00:00,M-103,57.79,2.82,230.0,warning
2025-05-25T01:00:00,M-103,58.4,2.66,229.5,warning
2025-05-25T02:00:00,M-103,56.81,2.83,230.99,warning
2025-05-25T03:00:00,M-103,55.46,3.02,230.58,warning
2025-05-25T04:00:00,M-103,58.51,2.83,228.67,warning
2025-05-25T05:00:00,M-103,57.31,2.65,230.33,warning
2025-05-25T06:00:00,M-103,60.03,2.69,229.52,warning
2025-05-25T07:00:00,M-103,57.89,2.8,230.53,warning
2025-05-25T08:00:00,M-103,59.16,3.03,230.18,warning
2025-05-25T09:00:00,M-103,56.72,2.86,228.59,warning
2025-05-25T10:00:00,M-103,59.95,2.85,227.5,warning
2025-05-25T11:00:00,M-103,56.09,2.81,230.4,warning
2025-05-25T12:00:00,M-103,58.59,2.69,228.2,warning
2025-05-25T13:00:00,M-103,56.35,2.93,229.69,warning
2025-05-25T14:00:00,M-103,58.41,2.98,228.72,warning
2025-05-25T15:00:00,M-103,59.72,2.92,228.54,warning
2025-05-25T16:00:00,M-103,58.27,2.68,230.7,warning
2025-05-25T17:00:00,M-103,57.03,3.19,229.71,warning
2025-05-25T18:00:00,M-103,56.07,2.98,232.61,warning
2025-05-25T19:00:00,M-103,59.79,2.84,227.49,warning
2025-05-25T20:00:00,M-103,56.84,2.87,231.05,warning
2025-05-25T21:00:00,M-103,57.66,2.88,228.03,warning
2025-05-25T22:00:00,M-103,58.63,2.69,230.95,warning
2025-05-25T23:00:00,M-103,58.96,2.85,233.97,warning
2025-05-26T00:00:00,M-103,59.49,3.01,229.22,warning
2025-05-26T01:00:00,M-103,59.6,3.3,230.56,warning
2025-05-26T02:00:00,M-103,58.65,3.1,229.62,warning
2025-05-26T03:00:00,M-103,60.25,3.11,229.24,warning
2025-05-26T04:00:00,M-103,60.12,2.87,228.41,warning
2025-05-26T05:00:00,M-103,59.43,3.12,231.04,warning
2025-05-26T06:00:00,M-103,58.75,3.42,229.83,warning
2025-05-26T07:00:00,M-103,57.06,3.18,227.86,warning
2025-05-26T08:00:00,M-103,58.73,3.19,229.18,warning
2025-05-26T09:00:00,M-103,57.34,3.26,231.45,warning
2025-05-26T10:00:00,M-103,59.17,3.12,230.28,warning
2025-05-26T11:00:00,M-103,57.98,3.18,230.38,warning
2025-05-26T12:00:00,M-103,61.03,3.12,233.24,warning
2025-05-26T13:00:00,M-103,57.96,3.18,229.52,warning
2025-05-26T14:00:00,M-103,56.62,3.08,230.14,warning
2025-05-26T15:00:00,M-103,57.29,3.14,230.45,warning
2025-05-26T16:00:00,M-103,59.17,3.1,228.28,warning
2025-05-26T17:00:00,M-103,58.57,2.93,229.25,warning
2025-05-26T18:00:00,M-103,60.46,3.04,232.12,warning
2025-05-26T19:00:00,M-103,58.11,2.98,229.19,warning
2025-05-26T20:00:00,M-103,60.52,3.33,230.32,warning
2025-05-26T21:00:00,M-103,59.28,3.16,229.44,warning
2025-05-26T22:00:00,M-103,59.16,3.43,229.99,warning
2025-05-26T23:00:00,M-103,57.95,2.98,229.1,warning
2025-05-27T00:00:00,M-103,61.69,3.27,232.1,warning
2025-05-27T01:00:00,M-103,61.01,3.41,229.25,warning
2025-05-27T02:00:00,M-103,59.95,3.51,229.64,warning
2025-05-27T03:00:00,M-103,61.53,3.47,232.32,warning
2025-05-27T04:00:00,M-103,60.66,3.33,230.34,warning
2025-05-27T05:00:00,M-103,61.27,3.53,232.82,warning
2025-05-27T06:00:00,M-103,62.2,3.4,228.82,warning
2025-05-27T07:00:00,M-103,58.7,3.25,226.93,warning
2025-05-27T08:00:00,M-103,60.99,3.49,227.56,warning
2025-05-27T09:00:00,M-103,61.43,3.28,229.08,warning
2025-05-27T10:00:00,M-103,60.23,3.59,229.6,warning
2025-05-27T11:00:00,M-103,59.14,3.59,229.42,warning
2025-05-27T12:00:00,M-103,58.45,3.77,231.55,warning
2025-05-27T13:00:00,M-103,58.08,3.19,230.62,warning
2025-05-27T14:00:00,M-103,60.04,3.46,229.42,warning
2025-05-27T15:00:00,M-103,60.92,3.18,228.54,warning
2025-05-27T16:00:00,M-103,59.77,3.32,228.21,warning
2025-05-27T17:00:00,M-103,59.81,3.28,231.96,warning
2025-05-27T18:00:00,M-103,61.47,3.5,226.33,warning
2025-05-27T19:00:00,M-103,60.16,3.26,229.95,warning
2025-05-27T20:00:00,M-103,60.54,3.33,228.73,warning
2025-05-27T21:00:00,M-103,61.21,3.69,231.57,warning
2025-05-27T22:00:00,M-103,59.31,3.42,228.09,warning
2025-05-27T23:00:00,M-103,61.49,3.21,229.42,warning
2025-05-28T00:00:00,M-103,60.53,3.76,228.57,warning
2025-05-28T01:00:00,M-103,62.66,4.07,228.14,warning
2025-05-28T02:00:00,M-103,63.02,3.6,230.3,warning
2025-05-28T03:00:00,M-103,60.15,3.81,227.61,warning
2025-05-28T04:00:00,M-103,63.93,4.15,227.95,warning
2025-05-28T05:00:00,M-103,62.18,3.6,228.63,warning
2025-05-28T06:00:00,M-103,60.74,3.67,228.85,warning
2025-05-28T07:00:00,M-103,64.32,3.76,230.89,warning
2025-05-28T08:00:00,M-103,62.54,3.54,228.81,warning
2025-05-28T09:00:00,M-103,61.45,3.98,228.87,warning
2025-05-28T10:00:00,M-103,61.6,3.55,230.44,warning
2025-05-28T11:00:00,M-103,62.78,3.55,229.06,warning
2025-05-28T12:00:00,M-103,62.37,3.93,228.45,warning
2025-05-28T13:00:00,M-103,60.83,3.83,231.48,warning
2025-05-28T14:00:00,M-103,62.72,3.61,229.3,warning
2025-05-28T15:00:00,M-103,63.01,3.93,229.42,warning
2025-05-28T16:00:00,M-103,63.53,3.68,229.91,warning
2025-05-28T17:00:00,M-103,61.42,3.5,227.48,warning
2025-05-28T18:00:00,M-103,62.04,3.67,229.41,warning
2025-05-28T19:00:00,M-103,61.8,3.88,232.03,warning
2025-05-28T20:00:00,M-103,60.95,3.66,230.61,warning
2025-05-28T21:00:00,M-103,59.87,3.72,232.47,warning
2025-05-28T22:00:00,M-103,61.92,3.74,227.84,warning
2025-05-28T23:00:00,M-103,62.76,3.91,228.33,warning
2025-05-29T00:00:00,M-103,64.07,3.93,227.79,warning
2025-05-29T01:00:00,M-103,65.31,4.15,228.56,warning
2025-05-29T02:00:00,M-103,61.45,3.96,227.58,warning
2025-05-29T03:00:00,M-103,62.81,4.03,228.71,warning
2025-05-29T04:00:00,M-103,65.69,3.97,230.87,warning
2025-05-29T05:00:00,M-103,65.0,4.13,228.89,warning
2025-05-29T06:00:00,M-103,64.14,3.99,228.37,warning
2025-05-29T07:00:00,M-103,64.24,4.15,233.92,warning
2025-05-29T08:00:00,M-103,63.93,4.21,228.58,warning
2025-05-29T09:00:00,M-103,64.06,4.11,231.56,warning
2025-05-29T10:00:00,M-103,64.46,3.78,227.66,warning
2025-05-29T11:00:00,M-103,63.65,3.91,230.99,warning
2025-05-29T12:00:00,M-103,64.14,4.02,229.54,warning
2025-05-29T13:00:00,M-103,64.15,4.09,226.77,warning
2025-05-29T14:00:00,M-103,65.93,4.07,229.55,warning
2025-05-29T15:00:00,M-103,62.23,4.09,230.22,warning
2025-05-29T16:00:00,M-103,64.75,4.04,230.63,warning
2025-05-29T17:00:00,M-103,63.55,4.1,230.56,warning
2025-05-29T18:00:00,M-103,64.23,4.25,232.77,warning
2025-05-29T19:00:00,M-103,64.67,3.72,230.47,warning
2025-05-29T20:00:00,M-103,64.48,4.25,228.33,warning
2025-05-29T21:00:00,M-103,62.5,3.9,230.11,warning
2025-05-29T22:00:00,M-103,65.26,4.08,230.46,warning
2025-05-29T23:00:00,M-103,64.56,3.95,230.07,warning
2025-05-30T00:00:00,M-103,64.01,4.31,231.23,critical
2025-05-30T01:00:00,M-103,64.54,4.39,229.56,critical
2025-05-30T02:00:00,M-103,64.39,4.37,230.06,critical
2025-05-30T03:00:00,M-103,62.84,4.41,228.24,critical
2025-05-30T04:00:00,M-103,66.3,4.41,232.05,critical
2025-05-30T05:00:00,M-103,62.21,4.3,228.52,critical
2025-05-30T06:00:00,M-103,65.65,4.46,230.08,critical
2025-05-30T07:00:00,M-103,65.83,4.52,230.59,critical
2025-05-30T08:00:00,M-103,64.17,4.43,230.69,critical
2025-05-30T09:00:00,M-103,62.78,4.59,229.79,critical
2025-05-30T10:00:00,M-103,64.6,4.31,228.45,critical
2025-05-30T11:00:00,M-103,63.11,4.51,228.45,critical
2025-05-30T12:00:00,M-103,64.92,4.39,230.67,critical
2025-05-30T13:00:00,M-103,62.1,4.48,230.31,critical
2025-05-30T14:00:00,M-103,65.35,4.25,228.75,critical
2025-05-30T15:00:00,M-103,64.53,4.11,231.04,critical
2025-05-30T16:00:00,M-103,65.65,4.38,227.59,critical
2025-05-30T17:00:00,M-103,65.07,4.31,229.79,critical
2025-05-30T18:00:00,M-103,64.29,4.44,229.18,critical
2025-05-30T19:00:00,M-103,64.23,4.44,233.47,critical
2025-05-30T20:00:00,M-103,65.5,4.71,230.15,critical
2025-05-30T21:00:00,M-103,65.15,4.34,230.27,critical
2025-05-30T22:00:00,M-103,65.62,4.35,228.41,critical
2025-05-30T23:00:00,M-103,65.12,4.67,228.45,critical
2025-05-31T00:00:00,M-103,64.55,4.87,231.41,critical
2025-05-31T01:00:00,M-103,64.5,4.47,231.91,critical
2025-05-31T02:00:00,M-103,67.11,4.81,228.96,critical
2025-05-31T03:00:00,M-103,67.07,4.72,226.76,critical
2025-05-31T04:00:00,M-103,67.17,4.98,230.63,critical
2025-05-31T05:00:00,M-103,66.68,4.55,233.3,critical
2025-05-31T06:00:00,M-103,67.97,4.5,230.91,critical
2025-05-31T07:00:00,M-103,66.4,4.99,232.33,critical
2025-05-31T08:00:00,M-103,65.97,4.77,229.49,critical
2025-05-31T09:00:00,M-103,66.2,4.36,229.25,critical
2025-05-31T10:00:00,M-103,66.11,4.56,228.03,critical
2025-05-31T11:00:00,M-103,65.78,4.68,228.79,critical
2025-05-31T12:00:00,M-103,66.25,4.67,229.2,critical
2025-05-31T13:00:00,M-103,65.52,4.8,231.03,critical
2025-05-31T14:00:00,M-103,65.93,4.72,228.97,critical
2025-05-31T15:00:00,M-103,64.4,4.88,228.38,critical
2025-05-31T16:00:00,M-103,66.66,4.97,231.0,critical
2025-05-31T17:00:00,M-103,67.2,4.72,229.34,critical
2025-05-31T18:00:00,M-103,66.51,4.79,228.95,critical
2025-05-31T19:00:00,M-103,67.45,4.39,228.79,critical
2025-05-31T20:00:00,M-103,67.02,4.74,230.44,critical
2025-05-31T21:00:00,M-103,66.03,4.52,230.18,critical
2025-05-31T22:00:00,M-103,65.3,4.8,229.03,critical
2025-05-31T23:00:00,M-103,66.97,5.1,230.39,critical
2025-06-01T00:00:00,M-103,68.37,4.72,229.23,critical
2025-06-01T01:00:00,M-103,66.34,4.75,228.91,critical
2025-06-01T02:00:00,M-103,65.93,5.19,228.73,critical
2025-06-01T03:00:00,M-103,68.32,4.94,231.08,critical
2025-06-01T04:00:00,M-103,68.42,5.09,228.44,critical
2025-06-01T05:00:00,M-103,68.75,5.13,233.17,critical
2025-06-01T06:00:00,M-103,70.11,4.97,228.67,critical
2025-06-01T07:00:00,M-103,67.77,4.84,229.97,critical
2025-06-01T08:00:00,M-103,68.05,4.79,231.19,critical
2025-06-01T09:00:00,M-103,66.59,5.15,230.71,critical
2025-06-01T10:00:00,M-103,68.21,4.73,230.35,critical
2025-06-01T11:00:00,M-103,66.91,4.84,228.77,critical
2025-06-01T12:00:00,M-103,67.58,4.94,230.78,critical
2025-06-01T13:00:00,M-103,68.85,4.87,233.05,critical
2025-06-01T14:00:00,M-103,67.46,4.73,228.6,critical
2025-06-01T15:00:00,M-103,68.89,4.92,228.88,critical
2025-06-01T16:00:00,M-103,67.08,5.11,230.59,critical
2025-06-01T17:00:00,M-103,65.94,4.9,229.22,critical
2025-06-01T18:00:00,M-103,66.88,5.21,230.04,critical
2025-06-01T19:00:00,M-103,68.18,4.69,228.34,critical
2025-06-01T20:00:00,M-103,68.4,4.97,230.17,critical
2025-06-01T21:00:00,M-103,67.89,4.87,231.12,critical
2025-06-01T22:00:00,M-103,68.3,4.98,231.4,critical
2025-06-01T23:00:00,M-103,65.61,5.2,226.53,critical
2025-06-02T00:00:00,M-103,67.76,5.49,231.33,failure
2025-06-02T01:00:00,M-103,68.92,5.54,229.84,failure
2025-06-02T02:00:00,M-103,68.26,5.42,228.52,failure
2025-06-02T03:00:00,M-103,69.31,5.21,228.62,failure
2025-06-02T04:00:00,M-103,69.87,5.4,231.15,failure
2025-06-02T05:00:00,M-103,69.68,5.29,229.96,failure
2025-06-02T06:00:00,M-103,68.6,4.94,230.83,failure
2025-06-02T07:00:00,M-103,70.42,5.38,230.11,failure
2025-06-02T08:00:00,M-103,68.92,5.32,231.37,failure
2025-06-02T09:00:00,M-103,69.04,5.12,231.43,failure
2025-06-02T10:00:00,M-103,68.51,5.16,228.48,failure
2025-06-02T11:00:00,M-103,69.16,5.38,231.04,failure
2025-06-02T12:00:00,M-103,67.24,5.54,232.62,failure
2025-06-02T13:00:00,M-103,68.68,4.97,230.98,failure
2025-06-02T14:00:00,M-103,69.57,5.31,229.79,failure
2025-06-02T15:00:00,M-103,70.04,5.43,225.74,failure
2025-06-02T16:00:00,M-103,67.02,5.46,228.54,failure
2025-06-02T17:00:00,M-103,70.86,5.13,230.28,failure
2025-06-02T18:00:00,M-103,68.42,5.27,227.57,failure
2025-06-02T19:00:00,M-103,67.71,5.21,229.11,failure
2025-06-02T20:00:00,M-103,68.67,5.35,232.25,failure
2025-06-02T21:00:00,M-103,69.61,5.3,229.35,failure
2025-06-02T22:00:00,M-103,68.32,5.55,229.64,failure
2025-06-02T23:00:00,M-103,67.28,5.22,228.8,failure
2025-06-03T00:00:00,M-103,55.19,2.35,230.92,normal
2025-06-03T01:00:00,M-103,54.56,2.1,230.64,normal
2025-06-03T02:00:00,M-103,53.47,2.09,232.07,normal
2025-06-03T03:00:00,M-103,54.56,2.15,230.08,normal
2025-06-03T04:00:00,M-103,53.0,2.02,232.03,normal
2025-06-03T05:00:00,M-103,52.67,2.29,230.21,normal
2025-06-03T06:00:00,M-103,55.24,1.91,229.44,normal
2025-06-03T07:00:00,M-103,54.22,2.22,228.74,normal
2025-06-03T08:00:00,M-103,56.66,2.1,227.82,normal
2025-06-03T09:00:00,M-103,56.12,2.25,230.8,normal
2025-06-03T10:00:00,M-103,55.65,2.2,232.94,normal
2025-06-03T11:00:00,M-103,56.48,2.05,230.48,normal
2025-06-03T12:00:00,M-103,55.62,2.22,229.59,normal
2025-06-03T13:00:00,M-103,56.4,2.22,228.43,normal
2025-06-03T14:00:00,M-103,55.14,2.2,229.7,normal
2025-06-03T15:00:00,M-103,55.66,2.1,228.28,normal
2025-06-03T16:00:00,M-103,55.86,2.45,229.64,normal
2025-06-03T17:00:00,M-103,54.91,2.14,230.53,normal
2025-06-03T18:00:00,M-103,55.91,2.03,229.78,normal
2025-06-03T19:00:00,M-103,54.37,2.23,230.43,normal
2025-06-03T20:00:00,M-103,53.31,2.13,229.09,normal
2025-06-03T21:00:00,M-103,53.72,2.15,230.3,normal
2025-06-03T22:00:00,M-103,56.3,2.07,229.72,normal
2025-06-03T23:00:00,M-103,54.09,1.89,227.29,normal
2025-06-04T00:00:00,M-103,53.2,2.08,229.78,normal
2025-06-04T01:00:00,M-103,54.99,2.35,230.45,normal
2025-06-04T02:00:00,M-103,55.15,1.96,231.61,normal
2025-06-04T03:00:00,M-103,56.65,2.4,231.73,normal
2025-06-04T04:00:00,M-103,54.16,2.1,230.57,normal
2025-06-04T05:00:00,M-103,55.78,2.23,229.52,normal
2025-06-04T06:00:00,M-103,55.6,2.01,230.11,normal
2025-06-04T07:00:00,M-103,53.72,2.16,229.4,normal
2025-06-04T08:00:00,M-103,54.41,2.17,234.26,normal
2025-06-04T09:00:00,M-103,55.59,2.09,228.97,normal
2025-06-04T10:00:00,M-103,56.54,2.23,230.98,normal
2025-06-04T11:00:00,M-103,55.87,2.41,228.62,normal
2025-06-04T12:00:00,M-103,53.67,2.04,229.98,normal
2025-06-04T13:00:00,M-103,54.94,2.04,228.2,normal
2025-06-04T14:00:00,M-103,54.67,2.21,231.36,normal
2025-06-04T15:00:00,M-103,54.65,2.2,230.88,normal
2025-06-04T16:00:00,M-103,54.42,2.29,228.6,normal
2025-06-04T17:00:00,M-103,55.29,2.28,232.27,normal
2025-06-04T18:00:00,M-103,55.24,2.15,231.46,normal
2025-06-04T19:00:00,M-103,54.63,2.28,231.75,normal
2025-06-04T20:00:00,M-103,54.75,2.11,229.89,normal
2025-06-04T21:00:00,M-103,56.66,2.25,231.15,normal
2025-06-04T22:00:00,M-103,55.13,2.15,231.8,normal
2025-06-04T23:00:00,M-103,51.53,2.21,232.18,normal
2025-06-05T00:00:00,M-103,53.52,2.25,225.88,normal
2025-06-05T01:00:00,M-103,56.6,2.24,228.85,normal
2025-06-05T02:00:00,M-103,56.29,2.08,229.47,normal
2025-06-05T03:00:00,M-103,54.13,2.25,228.83,normal
2025-06-05T04:00:00,M-103,56.28,2.24,230.52,normal
2025-06-05T05:00:00,M-103,52.93,2.24,231.75,normal
2025-06-05T06:00:00,M-103,54.71,2.17,230.38,normal
2025-06-05T07:00:00,M-103,55.8,2.45,229.73,normal
2025-06-05T08:00:00,M-103,54.37,2.2,227.23,normal
2025-06-05T09:00:00,M-103,55.36,2.08,225.53,normal
2025-06-05T10:00:00,M-103,53.66,2.29,228.29,normal
2025-06-05T11:00:00,M-103,55.91,1.97,230.71,normal
2025-06-05T12:00:00,M-103,56.74,2.17,230.35,normal
2025-06-05T13:00:00,M-103,55.1,1.8,231.27,normal
2025-06-05T14:00:00,M-103,53.27,2.09,231.74,normal
2025-06-05T15:00:00,M-103,54.47,2.04,228.78,normal
2025-06-05T16:00:00,M-103,56.09,2.25,226.98,normal
2025-06-05T17:00:00,M-103,55.1,2.33,230.29,normal
2025-06-05T18:00:00,M-103,53.74,2.14,228.53,normal
2025-06-05T19:00:00,M-103,54.79,2.25,231.99,normal
2025-06-05T20:00:00,M-103,54.6,2.18,227.76,normal
2025-06-05T21:00:00,M-103,55.1,2.45,228.12,normal
2025-06-05T22:00:00,M-103,54.52,1.95,227.85,normal
2025-06-05T23:00:00,M-103,54.95,2.13,227.47,normal
2025-06-06T00:00:00,M-103,55.3,2.17,230.72,normal
2025-06-06T01:00:00,M-103,54.67,2.13,229.52,normal
2025-06-06T02:00:00,M-103,54.24,2.23,230.66,normal
2025-06-06T03:00:00,M-103,54.94,2.37,226.69,normal
2025-06-06T04:00:00,M-103,53.62,2.18,230.88,normal
2025-06-06T05:00:00,M-103,56.96,2.15,227.03,normal
2025-06-06T06:00:00,M-103,55.44,2.52,229.55,normal
2025-06-06T07:00:00,M-103,56.42,2.31,228.19,normal
2025-06-06T08:00:00,M-103,57.73,2.04,230.19,normal
2025-06-06T09:00:00,M-103,54.32,2.12,230.49,normal
2025-06-06T10:00:00,M-103,54.88,2.19,229.24,normal
2025-06-06T11:00:00,M-103,54.42,2.1,229.5,normal
2025-06-06T12:00:00,M-103,53.06,2.28,230.0,normal
2025-06-06T13:00:00,M-103,55.31,2.51,228.24,normal
2025-06-06T14:00:00,M-103,55.2,2.12,229.99,normal
2025-06-06T15:00:00,M-103,52.64,2.47,230.5,normal
2025-06-06T16:00:00,M-103,54.76,2.34,229.99,normal
2025-06-06T17:00:00,M-103,55.99,2.48,227.6,normal
2025-06-06T18:00:00,M-103,54.48,2.03,230.53,normal
2025-06-06T19:00:00,M-103,55.19,2.29,231.84,normal
2025-06-06T20:00:00,M-103,54.22,2.11,231.72,normal
2025-06-06T21:00:00,M-103,56.17,2.06,230.19,normal
2025-06-06T22:00:00,M-103,53.61,2.24,230.22,normal
2025-06-06T23:00:00,M-103,55.98,2.14,229.22,normal
2025-06-07T00:00:00,M-103,52.82,2.52,231.77,normal
2025-06-07T01:00:00,M-103,53.75,2.14,229.09,normal
2025-06-07T02:00:00,M-103,53.5,2.27,230.7,normal
2025-06-07T03:00:00,M-103,53.47,2.47,231.69,normal
2025-06-07T04:00:00,M-103,54.5,2.22,228.19,normal
2025-06-07T05:00:00,M-103,53.92,2.32,229.56,normal
2025-06-07T06:00:00,M-103,53.72,2.36,228.91,normal
2025-06-07T07:00:00,M-103,54.6,2.37,228.95,normal
2025-06-07T08:00:00,M-103,55.52,2.19,229.57,normal
2025-06-07T09:00:00,M-103,55.6,2.6,228.95,normal
2025-06-07T10:00:00,M-103,52.45,2.44,230.01,normal
2025-06-07T11:00:00,M-103,52.37,2.21,229.75,normal
2025-06-07T12:00:00,M-103,55.29,2.38,226.65,normal
2025-06-07T13:00:00,M-103,55.85,2.35,229.61,normal
2025-06-07T14:00:00,M-103,54.06,2.13,230.81,normal
2025-06-07T15:00:00,M-103,54.31,1.89,232.35,normal
2025-06-07T16:00:00,M-103,54.89,2.28,227.73,normal
2025-06-07T17:00:00,M-103,54.45,2.27,228.94,normal
2025-06-07T18:00:00,M-103,54.59,2.33,232.72,normal
2025-06-07T19:00:00,M-103,54.39,1.84,230.32,normal
2025-06-07T20:00:00,M-103,54.74,2.38,230.13,normal
2025-06-07T21:00:00,M-103,53.78,2.25,229.87,normal
2025-06-07T22:00:00,M-103,55.21,2.27,229.55,normal
2025-06-07T23:00:00,M-103,54.67,2.25,230.3,normal
2025-06-08T00:00:00,M-103,56.35,1.89,231.75,normal
2025-06-08T01:00:00,M-103,54.22,2.14,232.84,normal
2025-06-08T02:00:00,M-103,55.14,2.08,229.59,normal
2025-06-08T03:00:00,M-103,55.52,1.96,228.89,normal
2025-06-08T04:00:00,M-103,54.7,2.32,229.1,normal
2025-06-08T05:00:00,M-103,56.14,2.45,229.94,normal
2025-06-08T06:00:00,M-103,55.43,2.25,228.74,normal
2025-06-08T07:00:00,M-103,55.01,2.27,230.72,normal
2025-06-08T08:00:00,M-103,53.64,2.33,228.11,normal
2025-06-08T09:00:00,M-103,54.41,1.97,229.74,normal
2025-06-08T10:00:00,M-103,55.32,2.23,230.34,normal
2025-06-08T11:00:00,M-103,55.02,2.3,230.8,normal
2025-06-08T12:00:00,M-103,56.09,2.18,230.34,normal
2025-06-08T13:00:00,M-103,54.09,2.5,233.66,normal
2025-06-08T14:00:00,M-103,56.22,2.07,227.11,normal
2025-06-08T15:00:00,M-103,55.23,1.87,231.5,normal
2025-06-08T16:00:00,M-103,55.44,2.42,233.35,normal
2025-06-08T17:00:00,M-103,55.71,1.9,231.04,normal
2025-06-08T18:00:00,M-103,55.75,2.35,228.28,normal
2025-06-08T19:00:00,M-103,55.74,1.98,229.3,normal
2025-06-08T20:00:00,M-103,55.42,1.97,229.72,normal
2025-06-08T21:00:00,M-103,55.74,2.16,230.11,normal
2025-06-08T22:00:00,M-103,55.0,2.18,229.35,normal
2025-06-08T23:00:00,M-103,54.42,2.11,228.58,normal
2025-06-09T00:00:00,M-103,56.25,2.35,229.29,normal
2025-06-09T01:00:00,M-103,55.98,2.34,229.19,normal
2025-06-09T02:00:00,M-103,53.5,2.42,228.32,normal
2025-06-09T03:00:00,M-103,55.55,2.18,229.8,normal
2025-06-09T04:00:00,M-103,53.63,2.3,231.11,normal
2025-06-09T05:00:00,M-103,57.08,2.05,230.58,normal
2025-06-09T06:00:00,M-103,56.06,2.02,225.97,normal
2025-06-09T07:00:00,M-103,54.29,2.28,231.99,normal
2025-06-09T08:00:00,M-103,53.61,2.19,228.55,normal
2025-06-09T09:00:00,M-103,51.58,2.15,230.29,normal
2025-06-09T10:00:00,M-103,56.13,2.37,229.45,normal
2025-06-09T11:00:00,M-103,53.47,2.04,232.87,normal
2025-06-09T12:00:00,M-103,55.84,2.2,230.37,normal
2025-06-09T13:00:00,M-103,54.48,1.91,232.2,normal
2025-06-09T14:00:00,M-103,56.45,2.11,230.81,normal
2025-06-09T15:00:00,M-103,55.17,2.17,229.88,normal
2025-06-09T16:00:00,M-103,54.44,1.98,227.82,normal
2025-06-09T17:00:00,M-103,53.23,2.22,230.78,normal
2025-06-09T18:00:00,M-103,54.71,2.14,230.17,normal
2025-06-09T19:00:00,M-103,56.02,1.98,233.04,normal
2025-06-09T20:00:00,M-103,53.18,2.22,230.38,normal
2025-06-09T21:00:00,M-103,54.35,2.21,229.18,normal
2025-06-09T22:00:00,M-103,57.55,2.1,229.91,normal
2025-06-09T23:00:00,M-103,55.81,2.25,229.28,normal
2025-06-10T00:00:00,M-103,55.72,2.21,231.23,normal
2025-06-10T01:00:00,M-103,55.8,2.21,229.14,normal
2025-06-10T02:00:00,M-103,53.3,1.93,229.49,normal
2025-06-10T03:00:00,M-103,55.56,2.18,232.92,normal
2025-06-10T04:00:00,M-103,54.09,2.36,228.52,normal
2025-06-10T05:00:00,M-103,54.38,2.3,229.6,normal
2025-06-10T06:00:00,M-103,55.43,2.09,229.49,normal
2025-06-10T07:00:00,M-103,55.95,2.14,229.69,normal
2025-06-10T08:00:00,M-103,54.78,2.36,228.95,normal
2025-06-10T09:00:00,M-103,54.87,2.29,229.22,normal
2025-06-10T10:00:00,M-103,54.25,2.17,231.69,normal
2025-06-10T11:00:00,M-103,56.36,2.24,232.01,normal
2025-06-10T12:00:00,M-103,55.13,2.31,229.79,normal
2025-06-10T13:00:00,M-103,53.75,2.31,227.95,normal
2025-06-10T14:00:00,M-103,55.25,2.04,229.15,normal
2025-06-10T15:00:00,M-103,56.55,2.11,230.66,normal
2025-06-10T16:00:00,M-103,55.82,2.21,228.79,normal
2025-06-10T17:00:00,M-103,55.44,2.19,228.03,normal
2025-06-10T18:00:00,M-103,55.6,2.23,231.24,normal
2025-06-10T19:00:00,M-103,55.17,2.26,227.76,normal
2025-06-10T20:00:00,M-103,54.42,2.05,231.63,normal
2025-06-10T21:00:00,M-103,57.23,2.28,228.97,normal
2025-06-10T22:00:00,M-103,54.51,2.17,229.57,normal
2025-06-10T23:00:00,M-103,55.17,2.25,230.45,normal
2025-06-11T00:00:00,M-103,53.48,2.12,226.61,normal
2025-06-11T01:00:00,M-103,56.4,2.47,231.67,normal
2025-06-11T02:00:00,M-103,55.78,2.1,230.76,normal
2025-06-11T03:00:00,M-103,54.71,2.28,230.35,normal
2025-06-11T04:00:00,M-103,54.28,2.08,231.02,normal
2025-06-11T05:00:00,M-103,53.78,2.35,229.47,normal
2025-06-11T06:00:00,M-103,55.18,2.36,229.61,normal
2025-06-11T07:00:00,M-103,56.21,2.3,227.09,normal
2025-06-11T08:00:00,M-103,57.0,2.01,229.84,normal
2025-06-11T09:00:00,M-103,54.56,2.23,231.08,normal
2025-06-11T10:00:00,M-103,55.64,2.09,227.22,normal
2025-06-11T11:00:00,M-103,53.26,2.16,232.54,normal
2025-06-11T12:00:00,M-103,54.05,2.17,227.7,normal
2025-06-11T13:00:00,M-103,56.7,2.08,231.44,normal
2025-06-11T14:00:00,M-103,56.04,2.21,229.15,normal
2025-06-11T15:00:00,M-103,54.76,2.2,229.17,normal
2025-06-11T16:00:00,M-103,53.61,2.72,230.65,normal
2025-06-11T17:00:00,M-103,53.9,2.51,229.31,normal
2025-06-11T18:00:00,M-103,55.2,2.21,233.0,normal
2025-06-11T19:00:00,M-103,55.5,2.22,230.04,normal
2025-06-11T20:00:00,M-103,53.21,2.09,231.91,normal
2025-06-11T21:00:00,M-103,51.72,2.03,230.06,normal
2025-06-11T22:00:00,M-103,54.15,2.46,230.64,normal
2025-06-11T23:00:00,M-103,55.29,2.32,232.14,normal
2025-06-12T00:00:00,M-103,55.34,2.05,230.02,normal
2025-06-12T01:00:00,M-103,56.37,2.3,230.4,normal
2025-06-12T02:00:00,M-103,56.88,2.48,226.69,normal
2025-06-12T03:00:00,M-103,56.41,2.27,231.26,normal
2025-06-12T04:00:00,M-103,51.5,2.17,232.61,normal
2025-06-12T05:00:00,M-103,57.92,2.43,227.45,normal
2025-06-12T06:00:00,M-103,54.69,2.39,231.28,normal
2025-06-12T07:00:00,M-103,53.34,2.11,228.75,normal
2025-06-12T08:00:00,M-103,54.8,2.43,229.25,normal
2025-06-12T09:00:00,M-103,55.15,2.25,229.6,normal
2025-06-12T10:00:00,M-103,53.19,2.27,232.22,normal
2025-06-12T11:00:00,M-103,54.93,2.4,232.36,normal
2025-06-12T12:00:00,M-103,53.48,2.36,231.87,normal
2025-06-12T13:00:00,M-103,54.18,2.21,230.76,normal
2025-06-12T14:00:00,M-103,56.34,2.25,230.51,normal
2025-06-12T15:00:00,M-103,57.28,2.23,229.51,normal
2025-06-12T16:00:00,M-103,54.67,2.18,230.79,normal
2025-06-12T17:00:00,M-103,56.35,2.12,230.83,normal
2025-06-12T18:00:00,M-103,54.55,2.31,228.88,normal
2025-06-12T19:00:00,M-103,56.07,2.5,229.92,normal
2025-06-12T20:00:00,M-103,55.28,2.17,231.4,normal
2025-06-12T21:00:00,M-103,52.96,2.51,229.03,normal
2025-06-12T22:00:00,M-103,55.02,2.23,230.49,normal
2025-06-12T23:00:00,M-103,54.69,2.14,229.09,normal
2025-06-13T00:00:00,M-103,55.41,2.05,230.41,normal
2025-06-13T01:00:00,M-103,55.81,2.28,231.3,normal
2025-06-13T02:00:00,M-103,55.11,2.23,231.62,normal
2025-06-13T03:00:00,M-103,54.48,2.19,228.67,normal
2025-06-13T04:00:00,M-103,56.27,2.45,227.83,normal
2025-06-13T05:00:00,M-103,55.79,2.25,231.36,normal
2025-06-13T06:00:00,M-103,55.71,2.3,233.31,normal
2025-06-13T07:00:00,M-103,52.2,2.12,232.17,normal
2025-06-13T08:00:00,M-103,55.34,2.34,230.93,normal
2025-06-13T09:00:00,M-103,56.63,2.14,231.82,normal
2025-06-13T10:00:00,M-103,55.17,2.45,230.11,normal
2025-06-13T11:00:00,M-103,56.02,2.09,231.99,normal
2025-06-13T12:00:00,M-103,53.98,2.48,232.85,normal
2025-06-13T13:00:00,M-103,56.9,2.2,226.93,normal
2025-06-13T14:00:00,M-103,52.41,2.21,232.64,normal
2025-06-13T15:00:00,M-103,53.58,2.29,228.9,normal
2025-06-13T16:00:00,M-103,53.95,1.99,229.32,normal
2025-06-13T17:00:00,M-103,54.9,2.02,225.85,normal
2025-06-13T18:00:00,M-103,54.21,2.21,228.95,normal
2025-06-13T19:00:00,M-103,55.64,2.07,229.09,normal
2025-06-13T20:00:00,M-103,53.32,2.34,229.74,normal
2025-06-13T21:00:00,M-103,54.49,2.34,233.12,normal
2025-06-13T22:00:00,M-103,54.57,2.15,232.32,normal
2025-06-13T23:00:00,M-103,53.82,2.05,229.2,normal
2025-06-14T00:00:00,M-103,54.04,2.37,226.18,normal
2025-06-14T01:00:00,M-103,55.33,2.28,228.79,normal
2025-06-14T02:00:00,M-103,55.23,2.33,229.59,normal
2025-06-14T03:00:00,M-103,53.41,2.24,231.57,normal
2025-06-14T04:00:00,M-103,53.83,2.16,230.94,normal
2025-06-14T05:00:00,M-103,55.56,1.9,231.39,normal
2025-06-14T06:00:00,M-103,54.48,2.05,232.3,normal
2025-06-14T07:00:00,M-103,54.02,2.14,230.37,normal
2025-06-14T08:00:00,M-103,56.37,2.36,228.76,normal
2025-06-14T09:00:00,M-103,56.08,2.04,232.32,normal
2025-06-14T10:00:00,M-103,53.44,1.9,230.32,normal
2025-06-14T11:00:00,M-103,53.23,2.47,229.45,normal
2025-06-14T12:00:00,M-103,57.36,1.99,231.49,normal
2025-06-14T13:00:00,M-103,54.8,2.23,228.56,normal
2025-06-14T14:00:00,M-103,55.47,2.24,234.38,normal
2025-06-14T15:00:00,M-103,55.04,2.29,229.5,normal
2025-06-14T16:00:00,M-103,56.27,2.15,230.28,normal
2025-06-14T17:00:00,M-103,54.97,2.22,230.52,normal
2025-06-14T18:00:00,M-103,55.01,2.01,231.37,normal
2025-06-14T19:00:00,M-103,54.49,2.05,228.64,normal
2025-06-14T20:00:00,M-103,55.11,2.23,231.45,normal
2025-06-14T21:00:00,M-103,54.39,2.09,231.0,normal
2025-06-14T22:00:00,M-103,56.39,2.37,226.81,normal
2025-06-14T23:00:00,M-103,55.76,2.21,229.96,normal
2025-06-15T00:00:00,M-103,54.76,2.5,230.46,normal
2025-06-15T01:00:00,M-103,56.21,1.99,229.51,normal
2025-06-15T02:00:00,M-103,55.87,2.36,231.73,normal
2025-06-15T03:00:00,M-103,55.04,2.45,229.54,normal
2025-06-15T04:00:00,M-103,54.17,2.17,232.27,normal
2025-06-15T05:00:00,M-103,54.65,2.0,230.29,normal
2025-06-15T06:00:00,M-103,54.13,2.38,230.18,normal
2025-06-15T07:00:00,M-103,55.41,2.25,227.42,normal
2025-06-15T08:00:00,M-103,53.47,2.18,228.64,normal
2025-06-15T09:00:00,M-103,55.73,2.24,229.54,normal
2025-06-15T10:00:00,M-103,55.37,2.21,227.57,normal
2025-06-15T11:00:00,M-103,55.31,2.33,229.04,normal
2025-06-15T12:00:00,M-103,54.16,2.18,231.1,normal
2025-06-15T13:00:00,M-103,55.36,2.09,229.96,normal
2025-06-15T14:00:00,M-103,54.36,1.98,227.51,normal
2025-06-15T15:00:00,M-103,54.31,2.39,231.9,normal
2025-06-15T16:00:00,M-103,53.76,2.54,229.01,normal
2025-06-15T17:00:00,M-103,53.58,1.92,227.83,normal
2025-06-15T18:00:00,M-103,56.25,2.24,230.2,normal
2025-06-15T19:00:00,M-103,53.72,2.34,228.57,normal
2025-06-15T20:00:00,M-103,52.28,2.16,230.18,normal
2025-06-15T21:00:00,M-103,56.6,2.04,232.63,normal
2025-06-15T22:00:00,M-103,57.28,2.13,230.8,normal
2025-06-15T23:00:00,M-103,53.75,2.21,228.95,normal
2025-06-16T00:00:00,M-103,51.6,2.22,230.79,normal
2025-06-16T01:00:00,M-103,55.65,2.42,231.31,normal
2025-06-16T02:00:00,M-103,52.81,2.27,230.18,normal
2025-06-16T03:00:00,M-103,54.98,2.23,228.77,normal
2025-06-16T04:00:00,M-103,54.36,2.01,231.15,normal
2025-06-16T05:00:00,M-103,53.51,2.25,231.0,normal
2025-06-16T06:00:00,M-103,54.53,2.31,229.71,normal
2025-06-16T07:00:00,M-103,56.08,2.25,231.6,normal
2025-06-16T08:00:00,M-103,55.01,2.22,228.76,normal
2025-06-16T09:00:00,M-103,55.71,2.38,230.47,normal
2025-06-16T10:00:00,M-103,56.12,2.12,228.29,normal
2025-06-16T11:00:00,M-103,53.76,2.04,229.9,normal
2025-06-16T12:00:00,M-103,53.72,2.13,230.27,normal
2025-06-16T13:00:00,M-103,54.76,2.05,230.43,normal
2025-06-16T14:00:00,M-103,55.33,2.01,233.33,normal
2025-06-16T15:00:00,M-103,56.5,2.28,228.35,normal
2025-06-16T16:00:00,M-103,54.18,2.34,233.09,normal
2025-06-16T17:00:00,M-103,54.43,1.96,231.94,normal
2025-06-16T18:00:00,M-103,54.48,2.35,228.77,normal
2025-06-16T19:00:00,M-103,54.76,2.13,228.27,normal
2025-06-16T20:00:00,M-103,56.09,2.0,229.82,normal
2025-06-16T21:00:00,M-103,55.7,2.12,229.52,normal
2025-06-16T22:00:00,M-103,55.0,2.34,228.88,normal
2025-06-16T23:00:00,M-103,55.26,2.39,229.9,normal
2025-06-17T00:00:00,M-103,53.42,2.23,225.89,normal
2025-06-17T01:00:00,M-103,54.9,2.25,231.06,normal
2025-06-17T02:00:00,M-103,55.49,2.06,231.29,normal
2025-06-17T03:00:00,M-103,56.07,2.23,230.09,normal
2025-06-17T04:00:00,M-103,54.62,2.05,230.08,normal
2025-06-17T05:00:00,M-103,54.28,2.34,231.66,normal
2025-06-17T06:00:00,M-103,54.82,2.48,230.68,normal
2025-06-17T07:00:00,M-103,57.79,2.36,232.39,normal
2025-06-17T08:00:00,M-103,53.0,2.18,232.67,normal
2025-06-17T09:00:00,M-103,54.47,1.97,228.45,normal
2025-06-17T10:00:00,M-103,54.73,2.09,228.96,normal
2025-06-17T11:00:00,M-103,52.83,2.13,228.78,normal
2025-06-17T12:00:00,M-103,55.57,2.46,230.2,normal
2025-06-17T13:00:00,M-103,56.04,2.19,230.2,normal
2025-06-17T14:00:00,M-103,53.8,2.19,231.22,normal
2025-06-17T15:00:00,M-103,54.22,2.3,227.78,normal
2025-06-17T16:00:00,M-103,55.73,2.2,230.71,normal
2025-06-17T17:00:00,M-103,54.28,2.18,230.6,normal
2025-06-17T18:00:00,M-103,57.57,2.11,230.95,normal
2025-06-17T19:00:00,M-103,57.9,2.24,230.32,normal
2025-06-17T20:00:00,M-103,56.77,2.0,228.21,normal
2025-06-17T21:00:00,M-103,54.08,2.53,228.51,normal
2025-06-17T22:00:00,M-103,54.89,2.09,230.69,normal
2025-06-17T23:00:00,M-103,55.18,2.09,229.63,normal
2025-06-18T00:00:00,M-103,55.97,2.18,229.12,normal
2025-06-18T01:00:00,M-103,53.72,2.55,226.54,normal
2025-06-18T02:00:00,M-103,54.8,2.2,229.34,normal
2025-06-18T03:00:00,M-103,55.72,1.89,229.69,normal
2025-06-18T04:00:00,M-103,53.59,2.21,229.56,normal
2025-06-18T05:00:00,M-103,55.41,1.93,230.0,normal
2025-06-18T06:00:00,M-103,54.82,2.15,229.17,normal
2025-06-18T07:00:00,M-103,54.36,2.45,231.33,normal
2025-06-18T08:00:00,M-103,54.97,2.26,231.44,normal
2025-06-18T09:00:00,M-103,54.45,2.01,230.86,normal
2025-06-18T10:00:00,M-103,54.55,2.3,230.43,normal
2025-06-18T11:00:00,M-103,53.18,2.37,229.46,normal
2025-06-18T12:00:00,M-103,56.44,2.2,231.9,normal
2025-06-18T13:00:00,M-103,54.71,2.04,228.98,normal
2025-06-18T14:00:00,M-103,55.51,2.56,229.91,normal
2025-06-18T15:00:00,M-103,53.06,2.27,230.77,normal
2025-06-18T16:00:00,M-103,55.24,2.27,229.08,normal
2025-06-18T17:00:00,M-103,54.9,2.12,228.45,normal
2025-06-18T18:00:00,M-103,54.69,2.08,228.0,normal
2025-06-18T19:00:00,M-103,56.04,1.89,228.32,normal
2025-06-18T20:00:00,M-103,56.31,2.29,229.9,normal
2025-06-18T21:00:00,M-103,56.3,2.38,227.62,normal
2025-06-18T22:00:00,M-103,54.58,2.19,228.77,normal
2025-06-18T23:00:00,M-103,53.32,2.2,227.16,normal
2025-06-19T00:00:00,M-103,54.17,2.13,229.77,normal
2025-06-19T01:00:00,M-103,55.88,2.17,231.15,normal
2025-06-19T02:00:00,M-103,56.11,2.33,228.26,normal
2025-06-19T03:00:00,M-103,53.71,2.15,232.17,normal
2025-06-19T04:00:00,M-103,56.45,2.3,228.45,normal
2025-06-19T05:00:00,M-103,54.96,2.15,230.92,normal
2025-06-19T06:00:00,M-103,56.36,1.95,228.23,normal
2025-06-19T07:00:00,M-103,54.89,1.8,229.24,normal
2025-06-19T08:00:00,M-103,54.74,2.17,230.82,normal
2025-06-19T09:00:00,M-103,53.96,2.44,230.89,normal
2025-06-19T10:00:00,M-103,54.33,2.24,230.4,normal
2025-06-19T11:00:00,M-103,55.14,2.07,231.92,normal
2025-06-19T12:00:00,M-103,55.32,2.12,230.23,normal
2025-06-19T13:00:00,M-103,55.93,2.18,227.78,normal
2025-06-19T14:00:00,M-103,53.43,2.27,230.15,normal
2025-06-19T15:00:00,M-103,55.62,2.13,228.58,normal
2025-06-19T16:00:00,M-103,56.9,2.24,229.63,normal
2025-06-19T17:00:00,M-103,56.69,2.05,231.96,normal
2025-06-19T18:00:00,M-103,52.46,2.31,229.39,normal
2025-06-19T19:00:00,M-103,54.49,2.4,230.21,normal
2025-06-19T20:00:00,M-103,56.13,2.28,231.49,normal
2025-06-19T21:00:00,M-103,57.59,2.18,231.6,normal
2025-06-19T22:00:00,M-103,55.65,2.14,229.54,normal
2025-06-19T23:00:00,M-103,55.08,2.19,233.24,normal
2025-06-20T00:00:00,M-103,54.48,2.32,230.71,normal
2025-06-20T01:00:00,M-103,54.19,2.05,230.16,normal
2025-06-20T02:00:00,M-103,54.55,2.3,229.8,normal
2025-06-20T03:00:00,M-103,56.29,1.99,231.11,normal
2025-06-20T04:00:00,M-103,54.78,2.32,229.65,normal
2025-06-20T05:00:00,M-103,55.93,2.22,229.82,normal
2025-06-20T06:00:00,M-103,55.57,2.1,230.41,normal
2025-06-20T07:00:00,M-103,54.91,2.14,228.3,normal
2025-06-20T08:00:00,M-103,52.01,2.14,233.24,normal
2025-06-20T09:00:00,M-103,54.21,2.23,231.21,normal
2025-06-20T10:00:00,M-103,56.05,2.1,229.35,normal
2025-06-20T11:00:00,M-103,53.67,2.01,228.83,normal
2025-06-20T12:00:00,M-103,55.6,2.05,231.02,normal
2025-06-20T13:00:00,M-103,55.21,2.38,226.52,normal
2025-06-20T14:00:00,M-103,53.82,2.12,229.2,normal
2025-06-20T15:00:00,M-103,56.48,2.04,230.05,normal
2025-06-20T16:00:00,M-103,55.85,2.27,229.34,normal
2025-06-20T17:00:00,M-103,53.99,2.18,228.72,normal
2025-06-20T18:00:00,M-103,55.93,2.03,231.94,normal
2025-06-20T19:00:00,M-103,57.31,1.94,232.44,normal
2025-06-20T20:00:00,M-103,52.24,2.51,231.42,normal
2025-06-20T21:00:00,M-103,54.06,2.31,227.83,normal
2025-06-20T22:00:00,M-103,54.51,2.07,232.42,normal
2025-06-20T23:00:00,M-103,54.21,2.11,227.71,normal
2025-06-21T00:00:00,M-103,54.96,2.27,231.28,normal
2025-06-21T01:00:00,M-103,54.75,2.26,233.1,normal
2025-06-21T02:00:00,M-103,54.71,2.15,229.55,normal
2025-06-21T03:00:00,M-103,55.27,2.26,229.75,normal
2025-06-21T04:00:00,M-103,54.66,2.42,229.16,normal
2025-06-21T05:00:00,M-103,54.59,2.08,230.93,normal
2025-06-21T06:00:00,M-103,54.88,2.19,227.92,normal
2025-06-21T07:00:00,M-103,55.22,2.14,228.02,normal
2025-06-21T08:00:00,M-103,54.25,2.1,228.68,normal
2025-06-21T09:00:00,M-103,56.79,2.12,232.02,normal
2025-06-21T10:00:00,M-103,52.69,2.0,231.58,normal
2025-06-21T11:00:00,M-103,56.02,2.28,231.99,normal
2025-06-21T12:00:00,M-103,55.73,2.37,229.5,normal
2025-06-21T13:00:00,M-103,55.66,2.15,228.63,normal
2025-06-21T14:00:00,M-103,53.51,2.09,232.17,normal
2025-06-21T15:00:00,M-103,56.63,2.05,229.47,normal
2025-06-21T16:00:00,M-103,55.43,2.21,228.41,normal
2025-06-21T17:00:00,M-103,55.98,2.13,228.68,normal
2025-06-21T18:00:00,M-103,53.27,2.29,229.98,normal
2025-06-21T19:00:00,M-103,52.56,2.27,228.88,normal
2025-06-21T20:00:00,M-103,53.96,2.08,226.43,normal
2025-06-21T21:00:00,M-103,55.63,2.37,229.25,normal
2025-06-21T22:00:00,M-103,55.05,2.18,230.61,normal
2025-06-21T23:00:00,M-103,57.24,2.45,228.93,normal
2025-06-22T00:00:00,M-103,57.45,2.11,230.53,normal
2025-06-22T01:00:00,M-103,55.07,2.39,226.38,normal
2025-06-22T02:00:00,M-103,54.3,2.32,229.05,normal
2025-06-22T03:00:00,M-103,54.04,2.16,229.08,normal
2025-06-22T04:00:00,M-103,55.58,1.9,232.19,normal
2025-06-22T05:00:00,M-103,56.61,2.43,228.98,normal
2025-06-22T06:00:00,M-103,55.65,2.09,231.83,normal
2025-06-22T07:00:00,M-103,54.47,2.26,234.22,normal
2025-06-22T08:00:00,M-103,54.78,2.29,231.09,normal
2025-06-22T09:00:00,M-103,54.77,2.12,230.67,normal
2025-06-22T10:00:00,M-103,54.46,2.14,228.47,normal
2025-06-22T11:00:00,M-103,55.25,2.29,230.48,normal
2025-06-22T12:00:00,M-103,53.32,1.97,230.16,normal
2025-06-22T13:00:00,M-103,54.76,2.26,231.38,normal
2025-06-22T14:00:00,M-103,55.79,2.09,228.72,normal
2025-06-22T15:00:00,M-103,55.39,2.25,231.29,normal
2025-06-22T16:00:00,M-103,55.62,2.3,226.24,normal
2025-06-22T17:00:00,M-103,55.22,1.8,228.54,normal
2025-06-22T18:00:00,M-103,53.36,1.98,230.36,normal
2025-06-22T19:00:00,M-103,53.18,2.48,229.44,normal
2025-06-22T20:00:00,M-103,54.98,2.2,230.86,normal
2025-06-22T21:00:00,M-103,54.29,2.49,228.67,normal
2025-06-22T22:00:00,M-103,56.63,2.07,228.5,normal
2025-06-22T23:00:00,M-103,55.77,2.55,227.84,normal
2025-06-23T00:00:00,M-103,55.7,1.93,226.42,normal
2025-06-23T01:00:00,M-103,55.49,2.24,229.24,normal
2025-06-23T02:00:00,M-103,55.36,2.2,229.61,normal
2025-06-23T03:00:00,M-103,55.12,2.12,229.88,normal
2025-06-23T04:00:00,M-103,55.97,1.86,230.17,normal
2025-06-23T05:00:00,M-103,57.1,2.39,231.87,normal
2025-06-23T06:00:00,M-103,56.86,2.32,228.63,normal
2025-06-23T07:00:00,M-103,52.04,2.08,229.72,normal
2025-06-23T08:00:00,M-103,55.45,2.31,228.54,normal
2025-06-23T09:00:00,M-103,55.01,1.77,231.58,normal
2025-06-23T10:00:00,M-103,55.5,2.19,229.81,normal
2025-06-23T11:00:00,M-103,56.14,2.09,230.27,normal
2025-06-23T12:00:00,M-103,54.27,2.29,231.67,normal
2025-06-23T13:00:00,M-103,53.31,2.0,229.47,normal
2025-06-23T14:00:00,M-103,54.27,2.24,230.22,normal
2025-06-23T15:00:00,M-103,54.27,2.38,231.01,normal
2025-06-23T16:00:00,M-103,54.25,2.17,230.8,normal
2025-06-23T17:00:00,M-103,56.67,2.29,228.72,normal
2025-06-23T18:00:00,M-103,54.55,2.36,230.63,normal
2025-06-23T19:00:00,M-103,56.21,2.11,228.89,normal
2025-06-23T20:00:00,M-103,55.09,2.24,230.83,normal
2025-06-23T21:00:00,M-103,54.36,2.41,229.94,normal
2025-06-23T22:00:00,M-103,53.53,2.17,229.4,normal
2025-06-23T23:00:00,M-103,57.31,2.09,228.37,normal
2025-06-24T00:00:00,M-103,55.41,2.26,229.59,normal
2025-06-24T01:00:00,M-103,54.46,2.15,231.13,normal
2025-06-24T02:00:00,M-103,55.36,2.17,226.52,normal
2025-06-24T03:00:00,M-103,54.07,1.91,229.69,normal
2025-06-24T04:00:00,M-103,53.82,2.08,229.12,normal
2025-06-24T05:00:00,M-103,55.69,2.38,229.35,normal
2025-06-24T06:00:00,M-103,53.74,2.28,230.42,normal
2025-06-24T07:00:00,M-103,53.15,1.99,231.72,normal
2025-06-24T08:00:00,M-103,55.29,2.01,231.39,normal
2025-06-24T09:00:00,M-103,54.92,2.38,231.13,normal
2025-06-24T10:00:00,M-103,53.26,1.87,229.56,normal
2025-06-24T11:00:00,M-103,53.36,2.26,231.64,normal
2025-06-24T12:00:00,M-103,55.49,2.33,230.17,normal
2025-06-24T13:00:00,M-103,56.97,2.56,228.45,normal
2025-06-24T14:00:00,M-103,54.56,2.45,228.89,normal
2025-06-24T15:00:00,M-103,53.38,2.25,232.36,normal
2025-06-24T16:00:00,M-103,55.41,2.4,227.62,normal
2025-06-24T17:00:00,M-103,55.3,2.03,232.35,normal
2025-06-24T18:00:00,M-103,54.89,2.41,229.67,normal
2025-06-24T19:00:00,M-103,56.27,2.28,228.89,normal
2025-06-24T20:00:00,M-103,55.43,2.12,230.25,normal
2025-06-24T21:00:00,M-103,55.48,2.23,231.76,normal
2025-06-24T22:00:00,M-103,56.04,2.2,228.57,normal
2025-06-24T23:00:00,M-103,56.65,1.98,230.78,normal
2025-06-25T00:00:00,M-103,54.89,2.02,228.31,normal
2025-06-25T01:00:00,M-103,54.22,2.36,230.52,normal
2025-06-25T02:00:00,M-103,56.48,2.14,229.32,normal
2025-06-25T03:00:00,M-103,55.0,2.32,231.77,normal
2025-06-25T04:00:00,M-103,54.65,2.39,231.49,normal
2025-06-25T05:00:00,M-103,57.3,2.24,229.23,normal
2025-06-25T06:00:00,M-103,55.2,2.33,230.98,normal
2025-06-25T07:00:00,M-103,54.75,1.99,227.65,normal
2025-06-25T08:00:00,M-103,55.68,2.14,231.83,normal
2025-06-25T09:00:00,M-103,53.86,2.2,232.3,normal
2025-06-25T10:00:00,M-103,55.57,2.17,231.7,normal
2025-06-25T11:00:00,M-103,57.84,2.29,229.57,normal
2025-06-25T12:00:00,M-103,55.43,2.0,231.75,normal
2025-06-25T13:00:00,M-103,51.67,2.06,230.95,normal
2025-06-25T14:00:00,M-103,55.5,2.19,227.73,normal
2025-06-25T15:00:00,M-103,54.12,2.18,231.13,normal
2025-06-25T16:00:00,M-103,54.82,1.93,231.95,normal
2025-06-25T17:00:00,M-103,56.35,2.3,227.58,normal
2025-06-25T18:00:00,M-103,54.96,2.19,229.24,normal
2025-06-25T19:00:00,M-103,53.76,2.21,230.45,normal
2025-06-25T20:00:00,M-103,55.52,2.33,230.89,normal
2025-06-25T21:00:00,M-103,54.06,2.0,228.28,normal
2025-06-25T22:00:00,M-103,54.67,2.19,229.67,normal
2025-06-25T23:00:00,M-103,56.45,2.21,229.04,normal
2025-06-26T00:00:00,M-103,55.36,1.91,228.65,normal
2025-06-26T01:00:00,M-103,54.29,2.19,228.53,normal
2025-06-26T02:00:00,M-103,56.25,2.25,229.74,normal
2025-06-26T03:00:00,M-103,56.11,2.51,230.14,normal
2025-06-26T04:00:00,M-103,54.85,2.19,227.38,normal
2025-06-26T05:00:00,M-103,54.06,2.22,230.61,normal
2025-06-26T06:00:00,M-103,55.95,2.24,230.54,normal
2025-06-26T07:00:00,M-103,54.34,2.16,229.88,normal
2025-06-26T08:00:00,M-103,56.32,2.08,228.91,normal
2025-06-26T09:00:00,M-103,55.14,2.11,229.6,normal
2025-06-26T10:00:00,M-103,54.77,2.29,228.71,normal
2025-06-26T11:00:00,M-103,53.86,2.23,228.78,normal
2025-06-26T12:00:00,M-103,55.43,2.01,232.75,normal
2025-06-26T13:00:00,M-103,55.56,1.68,228.33,normal
2025-06-26T14:00:00,M-103,54.62,2.35,231.95,normal
2025-06-26T15:00:00,M-103,54.68,1.82,228.79,normal
2025-06-26T16:00:00,M-103,55.46,2.21,229.36,normal
2025-06-26T17:00:00,M-103,55.53,1.96,232.2,normal
2025-06-26T18:00:00,M-103,55.58,2.15,232.74,normal
2025-06-26T19:00:00,M-103,52.64,2.35,231.33,normal
2025-06-26T20:00:00,M-103,56.74,2.19,231.05,normal
2025-06-26T21:00:00,M-103,54.44,2.26,229.85,normal
2025-06-26T22:00:00,M-103,55.44,2.25,231.0,normal
2025-06-26T23:00:00,M-103,56.39,2.1,228.01,normal
2025-06-27T00:00:00,M-103,54.92,2.04,231.34,normal
2025-06-27T01:00:00,M-103,54.83,2.12,231.79,normal
2025-06-27T02:00:00,M-103,55.92,2.42,230.06,normal
2025-06-27T03:00:00,M-103,54.8,2.14,232.04,normal
2025-06-27T04:00:00,M-103,55.93,2.22,231.03,normal
2025-06-27T05:00:00,M-103,56.28,2.47,229.38,normal
2025-06-27T06:00:00,M-103,55.74,2.2,229.5,normal
2025-06-27T07:00:00,M-103,54.03,2.36,228.46,normal
2025-06-27T08:00:00,M-103,54.87,2.28,229.95,normal
2025-06-27T09:00:00,M-103,54.41,2.3,229.54,normal
2025-06-27T10:00:00,M-103,57.5,2.33,230.39,normal
2025-06-27T11:00:00,M-103,55.56,2.41,226.63,normal
2025-06-27T12:00:00,M-103,53.94,2.25,230.28,normal
2025-06-27T13:00:00,M-103,56.09,2.31,230.21,normal
2025-06-27T14:00:00,M-103,56.18,2.08,230.6,normal
2025-06-27T15:00:00,M-103,55.55,2.32,229.73,normal
2025-06-27T16:00:00,M-103,55.07,2.47,232.13,normal
2025-06-27T17:00:00,M-103,55.23,2.1,230.85,normal
2025-06-27T18:00:00,M-103,54.74,2.45,231.12,normal
2025-06-27T19:00:00,M-103,54.07,2.42,230.67,normal
2025-06-27T20:00:00,M-103,56.17,2.33,231.19,normal
2025-06-27T21:00:00,M-103,54.88,2.05,226.97,normal
2025-06-27T22:00:00,M-103,56.97,2.11,230.84,normal
2025-06-27T23:00:00,M-103,56.27,2.29,231.29,normal
2025-06-28T00:00:00,M-103,55.85,2.35,230.37,normal
2025-06-28T01:00:00,M-103,53.94,1.92,228.3,normal
2025-06-28T02:00:00,M-103,56.22,2.07,229.44,normal
2025-06-28T03:00:00,M-103,54.04,1.98,231.37,normal
2025-06-28T04:00:00,M-103,55.82,2.11,228.94,normal
2025-06-28T05:00:00,M-103,56.17,2.22,230.03,normal
2025-06-28T06:00:00,M-103,54.92,2.31,229.36,normal
2025-06-28T07:00:00,M-103,53.82,2.11,230.13,normal
2025-06-28T08:00:00,M-103,54.32,2.06,228.63,normal
2025-06-28T09:00:00,M-103,54.7,2.3,230.94,normal
2025-06-28T10:00:00,M-103,55.63,2.42,228.28,normal
2025-06-28T11:00:00,M-103,54.77,1.95,230.25,normal
2025-06-28T12:00:00,M-103,55.09,1.87,230.79,normal
2025-06-28T13:00:00,M-103,53.6,2.19,229.37,normal
2025-06-28T14:00:00,M-103,55.57,2.49,229.51,normal
2025-06-28T15:00:00,M-103,57.35,2.05,228.47,normal
2025-06-28T16:00:00,M-103,56.65,2.07,232.01,normal
2025-06-28T17:00:00,M-103,53.24,2.3,231.12,normal
2025-06-28T18:00:00,M-103,52.71,2.26,229.43,normal
2025-06-28T19:00:00,M-103,54.89,2.2,231.34,normal
2025-06-28T20:00:00,M-103,56.4,2.25,229.92,normal
2025-06-28T21:00:00,M-103,55.53,1.85,231.14,normal
2025-06-28T22:00:00,M-103,53.94,2.23,230.3,normal
2025-06-28T23:00:00,M-103,55.93,2.04,231.46,normal
2025-06-29T00:00:00,M-103,57.47,2.35,227.59,normal
2025-06-29T01:00:00,M-103,55.34,1.92,231.12,normal
2025-06-29T02:00:00,M-103,55.35,2.04,229.75,normal
2025-06-29T03:00:00,M-103,55.49,2.03,229.94,normal
2025-06-29T04:00:00,M-103,54.57,2.0,229.98,normal
2025-06-29T05:00:00,M-103,55.17,2.25,231.58,normal
2025-06-29T06:00:00,M-103,56.28,2.21,227.54,normal
2025-06-29T07:00:00,M-103,54.33,2.3,233.34,normal
2025-06-29T08:00:00,M-103,54.16,2.34,229.6,normal
2025-06-29T09:00:00,M-103,53.47,2.44,230.92,normal
2025-06-29T10:00:00,M-103,54.29,2.09,230.18,normal
2025-06-29T11:00:00,M-103,58.42,2.14,230.53,normal
2025-06-29T12:00:00,M-103,53.46,2.06,230.43,normal
2025-06-29T13:00:00,M-103,55.83,2.27,230.9,normal
2025-06-29T14:00:00,M-103,55.17,2.2,229.27,normal
2025-06-29T15:00:00,M-103,55.8,2.31,229.64,normal
2025-06-29T16:00:00,M-103,56.2,2.27,230.01,normal
2025-06-29T17:00:00,M-103,53.61,2.08,228.86,normal
2025-06-29T18:00:00,M-103,56.08,2.08,230.98,normal
2025-06-29T19:00:00,M-103,55.11,2.18,229.87,normal
2025-06-29T20:00:00,M-103,56.38,2.26,231.94,normal
2025-06-29T21:00:00,M-103,53.92,1.85,229.17,normal
2025-06-29T22:00:00,M-103,54.79,2.0,228.54,normal
2025-06-29T23:00:00,M-103,54.5,2.1,230.89,normal
2025-04-01T00:00:00,M-104,54.07,2.04,229.05,normal
2025-04-01T01:00:00,M-104,53.25,2.14,230.61,normal
2025-04-01T02:00:00,M-104,54.14,2.36,228.96,normal
2025-04-01T03:00:00,M-104,54.85,2.06,231.06,normal
2025-04-01T04:00:00,M-104,55.69,2.19,228.54,normal
2025-04-01T05:00:00,M-104,57.1,2.26,231.71,normal
2025-04-01T06:00:00,M-104,52.82,2.11,231.72,normal
2025-04-01T07:00:00,M-104,54.23,1.87,230.27,normal
2025-04-01T08:00:00,M-104,55.67,2.32,228.91,normal
2025-04-01T09:00:00,M-104,54.28,2.13,229.64,normal
2025-04-01T10:00:00,M-104,55.63,2.19,230.0,normal
2025-04-01T11:00:00,M-104,54.56,2.24,229.31,normal
2025-04-01T12:00:00,M-104,53.87,2.15,228.72,normal
2025-04-01T13:00:00,M-104,54.7,2.41,229.12,normal
2025-04-01T14:00:00,M-104,55.07,2.2,228.81,normal
2025-04-01T15:00:00,M-104,54.02,2.38,229.33,normal
2025-04-01T16:00:00,M-104,54.51,2.22,229.66,normal
2025-04-01T17:00:00,M-104,54.03,2.49,229.36,normal
2025-04-01T18:00:00,M-104,55.37,2.12,229.12,normal
2025-04-01T19:00:00,M-104,54.72,2.17,228.63,normal
2025-04-01T20:00:00,M-104,55.08,2.16,231.78,normal
2025-04-01T21:00:00,M-104,57.16,2.07,229.21,normal
2025-04-01T22:00:00,M-104,55.87,2.21,229.31,normal
2025-04-01T23:00:00,M-104,56.29,2.15,229.36,normal
2025-04-02T00:00:00,M-104,55.01,2.19,231.24,normal
2025-04-02T01:00:00,M-104,54.23,2.15,227.8,normal
2025-04-02T02:00:00,M-104,53.87,2.4,232.32,normal
2025-04-02T03:00:00,M-104,53.37,2.23,228.68,normal
2025-04-02T04:00:00,M-104,54.96,2.03,229.92,normal
2025-04-02T05:00:00,M-104,54.59,2.1,229.28,normal
2025-04-02T06:00:00,M-104,53.06,2.14,230.25,normal
2025-04-02T07:00:00,M-104,55.97,2.2,228.51,normal
2025-04-02T08:00:00,M-104,54.25,2.1,229.33,normal
2025-04-02T09:00:00,M-104,53.38,2.06,229.94,normal
2025-04-02T10:00:00,M-104,53.71,2.4,230.33,normal
2025-04-02T11:00:00,M-104,54.0,2.13,231.15,normal
2025-04-02T12:00:00,M-104,54.27,1.82,231.82,normal
2025-04-02T13:00:00,M-104,56.5,2.27,232.5,normal
2025-04-02T14:00:00,M-104,54.28,2.06,230.84,normal
2025-04-02T15:00:00,M-104,54.37,2.11,229.86,normal
2025-04-02T16:00:00,M-104,53.92,2.29,228.7,normal
2025-04-02T17:00:00,M-104,53.5,2.24,230.38,normal
2025-04-02T18:00:00,M-104,54.51,2.29,229.76,normal
2025-04-02T19:00:00,M-104,56.69,2.17,227.79,normal
2025-04-02T20:00:00,M-104,55.08,2.03,229.35,normal
2025-04-02T21:00:00,M-104,54.91,2.24,228.6,normal
2025-04-02T22:00:00,M-104,55.24,2.25,230.93,normal
2025-04-02T23:00:00,M-104,55.74,2.56,228.5,normal
2025-04-03T00:00:00,M-104,55.98,2.16,230.23,normal
2025-04-03T01:00:00,M-104,55.65,2.24,231.93,normal
2025-04-03T02:00:00,M-104,54.05,2.2,230.79,normal
2025-04-03T03:00:00,M-104,53.72,2.41,227.75,normal
2025-04-03T04:00:00,M-104,53.84,2.16,231.51,normal
2025-04-03T05:00:00,M-104,54.63,2.12,230.88,normal
2025-04-03T06:00:00,M-104,53.4,2.21,229.26,normal
2025-04-03T07:00:00,M-104,53.97,2.44,231.27,normal
2025-04-03T08:00:00,M-104,54.81,2.2,229.29,normal
2025-04-03T09:00:00,M-104,53.05,2.08,230.08,normal
2025-04-03T10:00:00,M-104,52.88,2.43,228.24,normal
2025-04-03T11:00:00,M-104,54.82,2.33,229.67,normal
2025-04-03T12:00:00,M-104,55.67,2.42,228.9,normal
2025-04-03T13:00:00,M-104,54.76,2.43,229.46,normal
2025-04-03T14:00:00,M-104,56.53,2.29,230.78,normal
2025-04-03T15:00:00,M-104,55.37,1.9,230.39,normal
2025-04-03T16:00:00,M-104,55.46,2.23,229.94,normal
2025-04-03T17:00:00,M-104,54.4,1.94,231.05,normal
2025-04-03T18:00:00,M-104,55.38,2.37,231.1,normal
2025-04-03T19:00:00,M-104,55.47,2.24,231.19,normal
2025-04-03T20:00:00,M-104,54.46,2.27,230.53,normal
2025-04-03T21:00:00,M-104,53.39,2.39,231.21,normal
2025-04-03T22:00:00,M-104,55.3,2.27,231.22,normal
2025-04-03T23:00:00,M-104,53.52,2.5,232.64,normal
2025-04-04T00:00:00,M-104,55.1,2.25,229.06,normal
2025-04-04T01:00:00,M-104,54.83,2.07,230.39,normal
2025-04-04T02:00:00,M-104,55.69,2.11,227.2,normal
2025-04-04T03:00:00,M-104,55.13,2.14,227.64,normal
2025-04-04T04:00:00,M-104,53.97,2.27,228.72,normal
2025-04-04T05:00:00,M-104,53.44,2.19,232.17,normal
2025-04-04T06:00:00,M-104,55.5,2.22,229.72,normal
2025-04-04T07:00:00,M-104,55.27,2.33,231.07,normal
2025-04-04T08:00:00,M-104,54.35,2.13,231.3,normal
2025-04-04T09:00:00,M-104,55.2,2.42,231.82,normal
2025-04-04T10:00:00,M-104,54.75,2.13,228.94,normal
2025-04-04T11:00:00,M-104,55.31,2.17,232.39,normal
2025-04-04T12:00:00,M-104,55.96,1.95,230.17,normal
2025-04-04T13:00:00,M-104,53.62,2.24,227.57,normal
2025-04-04T14:00:00,M-104,55.87,2.16,231.3,normal
2025-04-04T15:00:00,M-104,53.56,2.0,229.58,normal
2025-04-04T16:00:00,M-104,55.53,2.2,230.45,normal
2025-04-04T17:00:00,M-104,54.1,2.2,229.45,normal
2025-04-04T18:00:00,M-104,55.49,2.17,227.62,normal
2025-04-04T19:00:00,M-104,54.75,2.49,228.02,normal
2025-04-04T20:00:00,M-104,56.08,2.08,230.04,normal
2025-04-04T21:00:00,M-104,54.18,2.03,228.12,normal
2025-04-04T22:00:00,M-104,54.47,2.37,232.96,normal
2025-04-04T23:00:00,M-104,53.84,1.84,229.98,normal
2025-04-05T00:00:00,M-104,55.44,1.93,231.83,normal
2025-04-05T01:00:00,M-104,52.48,2.24,228.98,normal
2025-04-05T02:00:00,M-104,55.96,2.16,231.06,normal
2025-04-05T03:00:00,M-104,56.0,2.22,231.76,normal
2025-04-05T04:00:00,M-104,54.73,2.28,229.59,normal
2025-04-05T05:00:00,M-104,56.79,1.97,227.85,normal
2025-04-05T06:00:00,M-104,54.06,2.32,231.07,normal
2025-04-05T07:00:00,M-104,56.72,2.26,227.37,normal
2025-04-05T08:00:00,M-104,53.45,2.18,230.51,normal
2025-04-05T09:00:00,M-104,55.63,2.19,229.44,normal
2025-04-05T10:00:00,M-104,55.42,2.12,228.96,normal
2025-04-05T11:00:00,M-104,55.84,2.17,229.82,normal
2025-04-05T12:00:00,M-104,52.75,2.39,229.23,normal
2025-04-05T13:00:00,M-104,55.68,2.18,231.31,normal
2025-04-05T14:00:00,M-104,54.45,2.21,230.28,normal
2025-04-05T15:00:00,M-104,54.99,2.04,229.82,normal
2025-04-05T16:00:00,M-104,54.41,1.98,228.66,normal
2025-04-05T17:00:00,M-104,55.37,2.74,229.66,normal
2025-04-05T18:00:00,M-104,53.57,2.03,232.39,normal
2025-04-05T19:00:00,M-104,54.97,2.48,230.19,normal
2025-04-05T20:00:00,M-104,55.75,2.55,231.46,normal
2025-04-05T21:00:00,M-104,55.83,2.04,232.53,normal
2025-04-05T22:00:00,M-104,53.99,1.95,231.17,normal
2025-04-05T23:00:00,M-104,55.58,2.49,229.78,normal
2025-04-06T00:00:00,M-104,54.71,2.39,231.53,normal
2025-04-06T01:00:00,M-104,55.25,2.41,230.8,normal
2025-04-06T02:00:00,M-104,53.67,2.11,231.32,normal
2025-04-06T03:00:00,M-104,54.19,2.15,232.39,normal
2025-04-06T04:00:00,M-104,55.16,2.58,231.07,normal
2025-04-06T05:00:00,M-104,55.2,2.06,229.11,normal
2025-04-06T06:00:00,M-104,53.22,2.28,231.72,normal
2025-04-06T07:00:00,M-104,55.95,2.36,230.96,normal
2025-04-06T08:00:00,M-104,56.84,2.37,228.83,normal
2025-04-06T09:00:00,M-104,55.5,2.02,227.72,normal
2025-04-06T10:00:00,M-104,54.04,2.1,230.79,normal
2025-04-06T11:00:00,M-104,52.63,2.2,228.64,normal
2025-04-06T12:00:00,M-104,53.72,2.03,232.91,normal
2025-04-06T13:00:00,M-104,55.11,2.03,223.87,normal
2025-04-06T14:00:00,M-104,54.8,2.42,232.94,normal
2025-04-06T15:00:00,M-104,53.29,2.34,230.09,normal
2025-04-06T16:00:00,M-104,56.61,2.3,227.68,normal
2025-04-06T17:00:00,M-104,55.0,2.27,232.17,normal
2025-04-06T18:00:00,M-104,54.58,2.22,228.2,normal
2025-04-06T19:00:00,M-104,55.73,2.06,227.39,normal
2025-04-06T20:00:00,M-104,55.55,2.22,228.87,normal
2025-04-06T21:00:00,M-104,54.8,2.24,226.79,normal
2025-04-06T22:00:00,M-104,54.31,2.56,232.11,normal
2025-04-06T23:00:00,M-104,55.29,2.11,226.89,normal
2025-04-07T00:00:00,M-104,54.16,2.17,227.74,normal
2025-04-07T01:00:00,M-104,54.98,2.17,228.88,normal
2025-04-07T02:00:00,M-104,54.72,2.28,229.16,normal
2025-04-07T03:00:00,M-104,56.25,2.58,229.96,normal
2025-04-07T04:00:00,M-104,53.43,1.99,229.05,normal
2025-04-07T05:00:00,M-104,53.78,2.11,231.97,normal
2025-04-07T06:00:00,M-104,56.96,2.15,231.45,normal
2025-04-07T07:00:00,M-104,57.05,2.28,229.06,normal
2025-04-07T08:00:00,M-104,54.43,2.16,228.97,normal
2025-04-07T09:00:00,M-104,55.67,2.4,230.83,normal
2025-04-07T10:00:00,M-104,54.1,2.06,229.78,normal
2025-04-07T11:00:00,M-104,53.56,1.94,231.05,normal
2025-04-07T12:00:00,M-104,53.38,2.35,229.4,normal
2025-04-07T13:00:00,M-104,54.32,2.12,231.45,normal
2025-04-07T14:00:00,M-104,53.9,2.12,228.39,normal
2025-04-07T15:00:00,M-104,54.95,1.9,229.91,normal
2025-04-07T16:00:00,M-104,56.28,2.36,225.47,normal
2025-04-07T17:00:00,M-104,56.45,2.17,231.52,normal
2025-04-07T18:00:00,M-104,56.18,2.13,229.24,normal
2025-04-07T19:00:00,M-104,56.11,2.46,227.64,normal
2025-04-07T20:00:00,M-104,54.8,2.27,230.74,normal
2025-04-07T21:00:00,M-104,56.13,1.99,232.46,normal
2025-04-07T22:00:00,M-104,52.61,2.41,230.64,normal
2025-04-07T23:00:00,M-104,56.72,2.1,229.56,normal
2025-04-08T00:00:00,M-104,53.26,2.29,230.47,normal
2025-04-08T01:00:00,M-104,53.6,2.16,230.51,normal
2025-04-08T02:00:00,M-104,53.89,1.99,233.05,normal
2025-04-08T03:00:00,M-104,55.92,2.16,232.54,normal
2025-04-08T04:00:00,M-104,53.69,2.21,227.6,normal
2025-04-08T05:00:00,M-104,56.76,2.35,231.74,normal
2025-04-08T06:00:00,M-104,55.3,2.17,229.9,normal
2025-04-08T07:00:00,M-104,55.08,2.03,228.48,normal
2025-04-08T08:00:00,M-104,55.23,2.01,228.67,normal
2025-04-08T09:00:00,M-104,56.23,2.0,230.3,normal
2025-04-08T10:00:00,M-104,56.62,2.25,229.76,normal
2025-04-08T11:00:00,M-104,53.76,2.26,230.91,normal
2025-04-08T12:00:00,M-104,56.22,2.22,230.98,normal
2025-04-08T13:00:00,M-104,56.53,2.29,228.28,normal
2025-04-08T14:00:00,M-104,53.6,2.23,229.9,normal
2025-04-08T15:00:00,M-104,56.8,2.38,228.09,normal
2025-04-08T16:00:00,M-104,54.58,2.09,228.63,normal
2025-04-08T17:00:00,M-104,52.89,2.2,231.06,normal
2025-04-08T18:00:00,M-104,55.41,1.99,230.97,normal
2025-04-08T19:00:00,M-104,55.71,2.19,230.14,normal
2025-04-08T20:00:00,M-104,56.18,2.16,229.41,normal
2025-04-08T21:00:00,M-104,54.25,2.05,232.46,normal
2025-04-08T22:00:00,M-104,54.2,2.0,227.26,normal
2025-04-08T23:00:00,M-104,54.12,2.5,230.31,normal
2025-04-09T00:00:00,M-104,56.17,1.96,232.05,normal
2025-04-09T01:00:00,M-104,55.8,2.29,229.61,normal
2025-04-09T02:00:00,M-104,54.66,2.14,230.74,normal
2025-04-09T03:00:00,M-104,55.28,2.57,229.36,normal
2025-04-09T04:00:00,M-104,55.82,2.21,228.96,normal
2025-04-09T05:00:00,M-104,55.34,2.21,230.6,normal
2025-04-09T06:00:00,M-104,53.71,2.33,229.18,normal
2025-04-09T07:00:00,M-104,54.76,1.99,228.92,normal
2025-04-09T08:00:00,M-104,53.08,2.36,230.96,normal
2025-04-09T09:00:00,M-104,54.68,2.13,229.91,normal
2025-04-09T10:00:00,M-104,54.97,2.06,229.32,normal
2025-04-09T11:00:00,M-104,54.54,2.22,231.36,normal
2025-04-09T12:00:00,M-104,56.06,1.98,232.31,normal
2025-04-09T13:00:00,M-104,55.73,2.34,232.43,normal
2025-04-09T14:00:00,M-104,55.46,2.28,229.38,normal
2025-04-09T15:00:00,M-104,54.5,2.18,231.35,normal
2025-04-09T16:00:00,M-104,53.33,2.17,229.97,normal
2025-04-09T17:00:00,M-104,55.83,2.31,226.55,normal
2025-04-09T18:00:00,M-104,54.31,1.84,229.11,normal
2025-04-09T19:00:00,M-104,55.88,2.26,230.85,normal
2025-04-09T20:00:00,M-104,55.05,1.96,232.88,normal
2025-04-09T21:00:00,M-104,55.97,2.48,229.5,normal
2025-04-09T22:00:00,M-104,54.91,2.19,230.44,normal
2025-04-09T23:00:00,M-104,55.35,2.33,231.05,normal
2025-04-10T00:00:00,M-104,55.78,2.22,231.77,normal
2025-04-10T01:00:00,M-104,56.06,2.0,232.02,normal
2025-04-10T02:00:00,M-104,54.81,2.46,230.22,normal
2025-04-10T03:00:00,M-104,55.63,2.11,229.12,normal
2025-04-10T04:00:00,M-104,54.9,1.99,232.87,normal
2025-04-10T05:00:00,M-104,56.38,2.33,229.67,normal
2025-04-10T06:00:00,M-104,54.57,2.1,228.32,normal
2025-04-10T07:00:00,M-104,57.36,2.09,230.56,normal
2025-04-10T08:00:00,M-104,55.63,1.82,229.95,normal
2025-04-10T09:00:00,M-104,56.08,2.4,232.4,normal
2025-04-10T10:00:00,M-104,53.43,2.53,230.89,normal
2025-04-10T11:00:00,M-104,53.13,2.03,231.52,normal
2025-04-10T12:00:00,M-104,55.84,2.23,231.72,normal
2025-04-10T13:00:00,M-104,54.7,2.38,230.75,normal
2025-04-10T14:00:00,M-104,54.61,2.42,231.61,normal
2025-04-10T15:00:00,M-104,52.94,2.52,232.08,normal
2025-04-10T16:00:00,M-104,55.06,2.16,229.2,normal
2025-04-10T17:00:00,M-104,54.43,2.13,229.8,normal
2025-04-10T18:00:00,M-104,56.02,1.92,229.17,normal
2025-04-10T19:00:00,M-104,55.56,2.27,228.1,normal
2025-04-10T20:00:00,M-104,55.81,2.06,231.23,normal
2025-04-10T21:00:00,M-104,55.39,2.09,231.08,normal
2025-04-10T22:00:00,M-104,56.19,2.27,230.34,normal
2025-04-10T23:00:00,M-104,54.48,2.3,228.76,normal
2025-04-11T00:00:00,M-104,53.63,2.29,230.61,normal
2025-04-11T01:00:00,M-104,54.66,2.32,229.83,normal
2025-04-11T02:00:00,M-104,55.67,2.26,231.42,normal
2025-04-11T03:00:00,M-104,56.29,2.23,229.74,normal
2025-04-11T04:00:00,M-104,56.0,2.06,229.77,normal
2025-04-11T05:00:00,M-104,55.34,2.1,228.82,normal
2025-04-11T06:00:00,M-104,54.61,2.28,229.82,normal
2025-04-11T07:00:00,M-104,54.88,2.21,229.58,normal
2025-04-11T08:00:00,M-104,56.41,1.9,232.41,normal
2025-04-11T09:00:00,M-104,55.13,2.13,231.45,normal
2025-04-11T10:00:00,M-104,54.7,2.19,231.0,normal
2025-04-11T11:00:00,M-104,54.7,2.27,229.99,normal
2025-04-11T12:00:00,M-104,54.67,2.2,232.35,normal
2025-04-11T13:00:00,M-104,54.28,2.35,231.82,normal
2025-04-11T14:00:00,M-104,52.72,2.26,230.28,normal
2025-04-11T15:00:00,M-104,52.59,2.18,231.2,normal
2025-04-11T16:00:00,M-104,54.59,2.35,230.78,normal
2025-04-11T17:00:00,M-104,55.88,2.23,231.33,normal
2025-04-11T18:00:00,M-104,55.74,1.7,229.38,normal
2025-04-11T19:00:00,M-104,55.08,2.32,228.45,normal
2025-04-11T20:00:00,M-104,54.65,2.35,229.62,normal
2025-04-11T21:00:00,M-104,55.2,2.12,230.16,normal
2025-04-11T22:00:00,M-104,53.66,2.25,230.63,normal
2025-04-11T23:00:00,M-104,55.06,2.33,227.88,normal
2025-04-12T00:00:00,M-104,52.84,2.24,228.04,normal
2025-04-12T01:00:00,M-104,55.52,2.42,229.09,normal
2025-04-12T02:00:00,M-104,53.82,2.35,230.32,normal
2025-04-12T03:00:00,M-104,52.41,2.34,230.56,normal
2025-04-12T04:00:00,M-104,55.32,2.15,232.26,normal
2025-04-12T05:00:00,M-104,54.78,2.5,229.78,normal
2025-04-12T06:00:00,M-104,53.83,2.2,231.48,normal
2025-04-12T07:00:00,M-104,54.63,2.19,230.82,normal
2025-04-12T08:00:00,M-104,53.2,2.01,231.88,normal
2025-04-12T09:00:00,M-104,54.11,2.09,227.99,normal
2025-04-12T10:00:00,M-104,56.01,2.02,228.45,normal
2025-04-12T11:00:00,M-104,54.48,2.12,230.31,normal
2025-04-12T12:00:00,M-104,54.8,2.5,232.12,normal
2025-04-12T13:00:00,M-104,53.91,2.36,231.48,normal
2025-04-12T14:00:00,M-104,55.49,2.21,232.29,normal
2025-04-12T15:00:00,M-104,54.07,2.44,231.52,normal
2025-04-12T16:00:00,M-104,56.39,2.12,228.75,normal
2025-04-12T17:00:00,M-104,54.63,2.05,229.12,normal
2025-04-12T18:00:00,M-104,56.1,2.1,231.67,normal
2025-04-12T19:00:00,M-104,53.72,2.04,228.83,normal
2025-04-12T20:00:00,M-104,56.72,2.21,230.55,normal
2025-04-12T21:00:00,M-104,54.92,2.19,229.05,normal
2025-04-12T22:00:00,M-104,54.87,1.97,231.86,normal
2025-04-12T23:00:00,M-104,56.18,1.96,229.42,normal
2025-04-13T00:00:00,M-104,54.67,2.13,230.53,normal
2025-04-13T01:00:00,M-104,54.54,2.05,227.7,normal
2025-04-13T02:00:00,M-104,55.12,1.84,228.51,normal
2025-04-13T03:00:00,M-104,58.04,2.1,231.14,normal
2025-04-13T04:00:00,M-104,54.81,2.08,230.45,normal
2025-04-13T05:00:00,M-104,55.77,2.38,228.02,normal
2025-04-13T06:00:00,M-104,56.03,2.15,229.3,normal
2025-04-13T07:00:00,M-104,55.65,2.28,231.32,normal
2025-04-13T08:00:00,M-104,55.74,2.22,231.07,normal
2025-04-13T09:00:00,M-104,54.85,1.88,230.2,normal
2025-04-13T10:00:00,M-104,55.37,1.95,229.78,normal
2025-04-13T11:00:00,M-104,55.48,2.08,233.46,normal
2025-04-13T12:00:00,M-104,56.29,2.02,230.27,normal
2025-04-13T13:00:00,M-104,54.58,2.16,230.93,normal
2025-04-13T14:00:00,M-104,57.27,2.12,230.48,normal
2025-04-13T15:00:00,M-104,55.14,2.33,229.4,normal
2025-04-13T16:00:00,M-104,55.59,2.45,229.3,normal
2025-04-13T17:00:00,M-104,56.29,1.97,229.06,normal
2025-04-13T18:00:00,M-104,55.41,2.27,229.88,normal
2025-04-13T19:00:00,M-104,53.87,2.02,227.88,normal
2025-04-13T20:00:00,M-104,54.46,2.05,226.3,normal
2025-04-13T21:00:00,M-104,56.69,2.28,230.99,normal
2025-04-13T22:00:00,M-104,54.97,2.27,229.24,normal
2025-04-13T23:00:00,M-104,55.74,2.53,232.69,normal
2025-04-14T00:00:00,M-104,54.69,2.25,231.26,normal
2025-04-14T01:00:00,M-104,54.11,2.11,227.93,normal
2025-04-14T02:00:00,M-104,54.33,2.41,229.34,normal
2025-04-14T03:00:00,M-104,59.13,2.47,229.26,normal
2025-04-14T04:00:00,M-104,56.14,2.18,230.43,normal
2025-04-14T05:00:00,M-104,54.4,2.34,228.23,normal
2025-04-14T06:00:00,M-104,54.19,2.34,232.75,normal
2025-04-14T07:00:00,M-104,55.1,1.98,227.11,normal
2025-04-14T08:00:00,M-104,53.89,2.22,230.48,normal
2025-04-14T09:00:00,M-104,55.11,2.46,228.94,normal
2025-04-14T10:00:00,M-104,54.84,2.13,229.82,normal
2025-04-14T11:00:00,M-104,54.39,2.25,229.01,normal
2025-04-14T12:00:00,M-104,52.93,2.14,230.44,normal
2025-04-14T13:00:00,M-104,55.34,2.16,230.49,normal
2025-04-14T14:00:00,M-104,54.52,2.05,226.53,normal
2025-04-14T15:00:00,M-104,55.25,1.94,228.02,normal
2025-04-14T16:00:00,M-104,55.6,2.42,230.59,normal
2025-04-14T17:00:00,M-104,56.6,2.02,229.51,normal
2025-04-14T18:00:00,M-104,54.34,2.22,230.96,normal
2025-04-14T19:00:00,M-104,53.43,2.2,229.61,normal
2025-04-14T20:00:00,M-104,55.87,2.53,229.5,normal
2025-04-14T21:00:00,M-104,54.62,2.46,227.58,normal
2025-04-14T22:00:00,M-104,54.39,2.05,229.7,normal
2025-04-14T23:00:00,M-104,55.42,1.86,233.99,normal
2025-04-15T00:00:00,M-104,54.2,2.11,228.21,normal
2025-04-15T01:00:00,M-104,55.5,2.41,233.69,normal
2025-04-15T02:00:00,M-104,53.47,2.49,228.68,normal
2025-04-15T03:00:00,M-104,55.47,2.01,229.93,normal
2025-04-15T04:00:00,M-104,56.91,2.29,231.83,normal
2025-04-15T05:00:00,M-104,54.53,2.25,230.22,normal
2025-04-15T06:00:00,M-104,55.08,2.18,227.16,normal
2025-04-15T07:00:00,M-104,55.58,2.09,230.41,normal
2025-04-15T08:00:00,M-104,53.36,2.17,229.56,normal
2025-04-15T09:00:00,M-104,57.52,2.27,230.29,normal
2025-04-15T10:00:00,M-104,53.83,2.12,230.38,normal
2025-04-15T11:00:00,M-104,54.23,2.12,228.72,normal
2025-04-15T12:00:00,M-104,54.84,2.4,231.23,normal
2025-04-15T13:00:00,M-104,53.55,2.37,232.61,normal
2025-04-15T14:00:00,M-104,53.75,1.97,229.41,normal
2025-04-15T15:00:00,M-104,56.44,2.43,230.03,normal
2025-04-15T16:00:00,M-104,53.98,2.09,228.17,normal
2025-04-15T17:00:00,M-104,55.77,2.24,229.1,normal
2025-04-15T18:00:00,M-104,56.12,2.17,228.44,normal
2025-04-15T19:00:00,M-104,54.6,2.24,228.25,normal
2025-04-15T20:00:00,M-104,54.82,2.25,227.04,normal
2025-04-15T21:00:00,M-104,53.78,2.29,229.72,normal
2025-04-15T22:00:00,M-104,53.64,1.9,230.58,normal
2025-04-15T23:00:00,M-104,54.73,2.16,227.0,normal
2025-04-16T00:00:00,M-104,55.9,2.22,229.62,normal
2025-04-16T01:00:00,M-104,55.18,2.26,228.0,normal
2025-04-16T02:00:00,M-104,53.69,2.06,228.98,normal
2025-04-16T03:00:00,M-104,55.62,2.38,230.16,normal
2025-04-16T04:00:00,M-104,55.78,2.26,230.68,normal
2025-04-16T05:00:00,M-104,53.95,2.3,231.55,normal
2025-04-16T06:00:00,M-104,52.77,2.27,230.6,normal
2025-04-16T07:00:00,M-104,55.41,2.06,229.91,normal
2025-04-16T08:00:00,M-104,55.55,2.38,232.02,normal
2025-04-16T09:00:00,M-104,52.99,2.45,231.39,normal
2025-04-16T10:00:00,M-104,56.7,2.45,229.92,normal
2025-04-16T11:00:00,M-104,56.05,2.0,229.31,normal
2025-04-16T12:00:00,M-104,55.6,2.2,230.76,normal
2025-04-16T13:00:00,M-104,53.74,2.04,231.29,normal
2025-04-16T14:00:00,M-104,55.33,2.12,231.78,normal
2025-04-16T15:00:00,M-104,56.41,2.2,232.97,normal
2025-04-16T16:00:00,M-104,55.36,2.07,233.05,normal
2025-04-16T17:00:00,M-104,53.46,2.18,230.55,normal
2025-04-16T18:00:00,M-104,54.33,2.39,230.2,normal
2025-04-16T19:00:00,M-104,56.33,2.2,229.15,normal
2025-04-16T20:00:00,M-104,54.74,2.33,231.21,normal
2025-04-16T21:00:00,M-104,55.58,2.48,230.56,normal
2025-04-16T22:00:00,M-104,54.71,2.49,231.09,normal
2025-04-16T23:00:00,M-104,56.83,2.14,230.91,normal
2025-04-17T00:00:00,M-104,56.74,2.23,230.01,normal
2025-04-17T01:00:00,M-104,56.51,2.13,230.12,normal
2025-04-17T02:00:00,M-104,54.7,2.16,228.32,normal
2025-04-17T03:00:00,M-104,56.6,1.97,230.94,normal
2025-04-17T04:00:00,M-104,54.44,2.12,227.3,normal
2025-04-17T05:00:00,M-104,54.1,2.22,227.19,normal
2025-04-17T06:00:00,M-104,55.3,1.96,230.7,normal
2025-04-17T07:00:00,M-104,55.69,2.43,231.63,normal
2025-04-17T08:00:00,M-104,53.94,2.33,229.43,normal
2025-04-17T09:00:00,M-104,53.33,2.36,229.76,normal
2025-04-17T10:00:00,M-104,55.29,2.28,228.84,normal
2025-04-17T11:00:00,M-104,56.24,2.3,228.65,normal
2025-04-17T12:00:00,M-104,54.15,2.07,230.43,normal
2025-04-17T13:00:00,M-104,53.73,2.55,231.4,normal
2025-04-17T14:00:00,M-104,54.85,2.29,230.17,normal
2025-04-17T15:00:00,M-104,55.57,1.97,229.97,normal
2025-04-17T16:00:00,M-104,54.85,2.16,229.37,normal
2025-04-17T17:00:00,M-104,55.8,1.99,232.74,normal
2025-04-17T18:00:00,M-104,53.83,2.45,229.77,normal
2025-04-17T19:00:00,M-104,53.11,2.02,231.4,normal
2025-04-17T20:00:00,M-104,56.39,1.93,228.89,normal
2025-04-17T21:00:00,M-104,56.12,2.14,228.6,normal
2025-04-17T22:00:00,M-104,56.53,2.21,227.64,normal
2025-04-17T23:00:00,M-104,53.41,2.27,228.63,normal
2025-04-18T00:00:00,M-104,57.0,2.07,230.45,normal
2025-04-18T01:00:00,M-104,55.68,2.28,229.72,normal
2025-04-18T02:00:00,M-104,53.89,2.21,224.77,normal
2025-04-18T03:00:00,M-104,56.75,2.33,231.6,normal
2025-04-18T04:00:00,M-104,56.15,2.08,229.52,normal
2025-04-18T05:00:00,M-104,56.97,2.3,229.42,normal
2025-04-18T06:00:00,M-104,56.73,1.87,230.34,normal
2025-04-18T07:00:00,M-104,56.49,2.25,229.63,normal
2025-04-18T08:00:00,M-104,56.92,2.04,230.4,normal
2025-04-18T09:00:00,M-104,56.06,2.01,228.39,normal
2025-04-18T10:00:00,M-104,55.99,2.15,230.12,normal
2025-04-18T11:00:00,M-104,53.71,1.88,232.62,normal
2025-04-18T12:00:00,M-104,56.22,2.2,227.89,normal
2025-04-18T13:00:00,M-104,55.77,2.44,231.2,normal
2025-04-18T14:00:00,M-104,54.72,2.15,229.46,normal
2025-04-18T15:00:00,M-104,54.72,2.23,230.51,normal
2025-04-18T16:00:00,M-104,54.18,2.36,228.5,normal
2025-04-18T17:00:00,M-104,52.46,2.13,227.93,normal
2025-04-18T18:00:00,M-104,55.04,2.19,230.57,normal
2025-04-18T19:00:00,M-104,56.47,2.35,231.06,normal
2025-04-18T20:00:00,M-104,56.22,2.23,228.63,normal
2025-04-18T21:00:00,M-104,52.29,2.39,231.11,normal
2025-04-18T22:00:00,M-104,54.85,2.08,227.8,normal
2025-04-18T23:00:00,M-104,54.9,2.23,229.87,normal
2025-04-19T00:00:00,M-104,55.57,2.14,228.25,normal
2025-04-19T01:00:00,M-104,56.11,2.11,228.23,normal
2025-04-19T02:00:00,M-104,54.89,2.32,230.16,normal
2025-04-19T03:00:00,M-104,57.62,2.0,232.65,normal
2025-04-19T04:00:00,M-104,55.75,2.37,230.61,normal
2025-04-19T05:00:00,M-104,55.46,2.3,231.09,normal
2025-04-19T06:00:00,M-104,56.23,2.19,230.31,normal
2025-04-19T07:00:00,M-104,55.38,2.1,229.9,normal
2025-04-19T08:00:00,M-104,54.7,1.92,229.19,normal
2025-04-19T09:00:00,M-104,54.64,2.08,231.04,normal
2025-04-19T10:00:00,M-104,55.35,2.07,230.43,normal
2025-04-19T11:00:00,M-104,56.98,2.0,228.45,normal
2025-04-19T12:00:00,M-104,55.62,2.08,229.72,normal
2025-04-19T13:00:00,M-104,54.52,2.17,230.22,normal
2025-04-19T14:00:00,M-104,55.07,2.36,230.19,normal
2025-04-19T15:00:00,M-104,54.12,2.34,229.58,normal
2025-04-19T16:00:00,M-104,55.29,2.13,229.54,normal
2025-04-19T17:00:00,M-104,56.02,2.4,228.71,normal
2025-04-19T18:00:00,M-104,53.98,2.28,227.72,normal
2025-04-19T19:00:00,M-104,53.48,2.26,229.7,normal
2025-04-19T20:00:00,M-104,54.29,2.25,226.9,normal
2025-04-19T21:00:00,M-104,56.77,2.11,230.35,normal
2025-04-19T22:00:00,M-104,55.45,2.25,231.25,normal
2025-04-19T23:00:00,M-104,54.63,2.6,228.74,normal
2025-04-20T00:00:00,M-104,54.41,1.97,229.33,normal
2025-04-20T01:00:00,M-104,54.47,2.31,230.16,normal
2025-04-20T02:00:00,M-104,55.74,2.29,231.9,normal
2025-04-20T03:00:00,M-104,54.31,2.19,231.29,normal
2025-04-20T04:00:00,M-104,54.82,2.25,229.38,normal
2025-04-20T05:00:00,M-104,53.88,2.13,230.55,normal
2025-04-20T06:00:00,M-104,55.28,2.32,231.34,normal
2025-04-20T07:00:00,M-104,54.32,2.12,228.61,normal
2025-04-20T08:00:00,M-104,53.02,2.2,230.11,normal
2025-04-20T09:00:00,M-104,54.77,2.29,228.85,normal
2025-04-20T10:00:00,M-104,53.01,2.32,230.69,normal
2025-04-20T11:00:00,M-104,53.09,2.25,231.99,normal
2025-04-20T12:00:00,M-104,56.32,2.28,229.17,normal
2025-04-20T13:00:00,M-104,53.73,2.11,229.51,normal
2025-04-20T14:00:00,M-104,54.44,2.16,231.97,normal
2025-04-20T15:00:00,M-104,56.29,2.12,230.77,normal
2025-04-20T16:00:00,M-104,55.23,1.95,230.86,normal
2025-04-20T17:00:00,M-104,53.78,2.13,230.44,normal
2025-04-20T18:00:00,M-104,53.54,2.1,229.63,normal
2025-04-20T19:00:00,M-104,56.13,2.28,229.66,normal
2025-04-20T20:00:00,M-104,54.99,2.26,232.38,normal
2025-04-20T21:00:00,M-104,55.64,2.21,231.44,normal
2025-04-20T22:00:00,M-104,55.67,2.16,228.97,normal
2025-04-20T23:00:00,M-104,56.23,2.04,228.58,normal
2025-04-21T00:00:00,M-104,55.26,2.12,230.21,normal
2025-04-21T01:00:00,M-104,55.11,2.16,231.58,normal
2025-04-21T02:00:00,M-104,56.21,2.48,228.28,normal
2025-04-21T03:00:00,M-104,55.83,2.14,229.29,normal
2025-04-21T04:00:00,M-104,53.96,2.14,228.47,normal
2025-04-21T05:00:00,M-104,53.36,2.11,230.63,normal
2025-04-21T06:00:00,M-104,55.27,2.47,230.0,normal
2025-04-21T07:00:00,M-104,54.52,1.9,232.3,normal
2025-04-21T08:00:00,M-104,55.2,2.42,229.75,normal
2025-04-21T09:00:00,M-104,53.08,2.38,231.75,normal
2025-04-21T10:00:00,M-104,56.88,2.36,227.92,normal
2025-04-21T11:00:00,M-104,54.09,2.16,232.44,normal
2025-04-21T12:00:00,M-104,54.15,2.35,235.48,normal
2025-04-21T13:00:00,M-104,56.39,2.28,231.9,normal
2025-04-21T14:00:00,M-104,54.74,2.28,229.9,normal
2025-04-21T15:00:00,M-104,54.53,2.01,231.94,normal
2025-04-21T16:00:00,M-104,54.45,2.41,231.95,normal
2025-04-21T17:00:00,M-104,55.67,2.06,229.01,normal
2025-04-21T18:00:00,M-104,54.71,1.92,229.12,normal
2025-04-21T19:00:00,M-104,54.24,2.44,228.67,normal
2025-04-21T20:00:00,M-104,56.25,2.0,229.93,normal
2025-04-21T21:00:00,M-104,54.27,2.34,229.56,normal
2025-04-21T22:00:00,M-104,55.42,2.2,230.23,normal
2025-04-21T23:00:00,M-104,55.22,2.27,231.1,normal
2025-04-22T00:00:00,M-104,55.72,2.32,230.36,normal
2025-04-22T01:00:00,M-104,55.31,2.06,230.99,normal
2025-04-22T02:00:00,M-104,54.3,2.17,230.48,normal
2025-04-22T03:00:00,M-104,54.33,2.01,230.06,normal
2025-04-22T04:00:00,M-104,55.14,2.03,230.62,normal
2025-04-22T05:00:00,M-104,53.32,1.94,229.91,normal
2025-04-22T06:00:00,M-104,56.5,2.07,230.14,normal
2025-04-22T07:00:00,M-104,55.29,2.51,228.64,normal
2025-04-22T08:00:00,M-104,52.74,2.39,231.17,normal
2025-04-22T09:00:00,M-104,54.78,2.15,228.3,normal
2025-04-22T10:00:00,M-104,55.52,2.21,229.95,normal
2025-04-22T11:00:00,M-104,53.47,2.15,230.39,normal
2025-04-22T12:00:00,M-104,55.48,2.26,229.08,normal
2025-04-22T13:00:00,M-104,53.53,2.2,231.57,normal
2025-04-22T14:00:00,M-104,55.0,2.02,229.37,normal
2025-04-22T15:00:00,M-104,56.42,2.14,227.88,normal
2025-04-22T16:00:00,M-104,56.33,2.5,228.55,normal
2025-04-22T17:00:00,M-104,56.89,2.15,228.49,normal
2025-04-22T18:00:00,M-104,55.38,2.5,229.58,normal
2025-04-22T19:00:00,M-104,54.27,2.14,229.51,normal
2025-04-22T20:00:00,M-104,56.24,1.99,229.02,normal
2025-04-22T21:00:00,M-104,53.07,2.33,229.26,normal
2025-04-22T22:00:00,M-104,53.51,2.32,228.72,normal
2025-04-22T23:00:00,M-104,56.21,2.17,226.34,normal
2025-04-23T00:00:00,M-104,56.7,1.94,230.52,normal
2025-04-23T01:00:00,M-104,54.39,2.32,229.4,normal
2025-04-23T02:00:00,M-104,55.07,2.09,228.54,normal
2025-04-23T03:00:00,M-104,55.26,2.16,228.6,normal
2025-04-23T04:00:00,M-104,55.26,2.17,230.83,normal
2025-04-23T05:00:00,M-104,56.3,2.03,230.45,normal
2025-04-23T06:00:00,M-104,54.95,2.34,232.35,normal
2025-04-23T07:00:00,M-104,54.49,1.94,233.09,normal
2025-04-23T08:00:00,M-104,55.9,2.17,229.24,normal
2025-04-23T09:00:00,M-104,55.73,2.37,229.72,normal
2025-04-23T10:00:00,M-104,57.11,2.22,231.74,normal
2025-04-23T11:00:00,M-104,54.52,2.32,226.98,normal
2025-04-23T12:00:00,M-104,56.23,2.37,231.29,normal
2025-04-23T13:00:00,M-104,53.47,2.08,233.43,normal
2025-04-23T14:00:00,M-104,54.7,2.35,230.74,normal
2025-04-23T15:00:00,M-104,55.08,2.19,230.29,normal
2025-04-23T16:00:00,M-104,55.56,2.27,233.65,normal
2025-04-23T17:00:00,M-104,51.89,2.11,229.36,normal
2025-04-23T18:00:00,M-104,55.0,1.99,228.9,normal
2025-04-23T19:00:00,M-104,52.86,1.93,231.73,normal
2025-04-23T20:00:00,M-104,53.92,2.17,228.64,normal
2025-04-23T21:00:00,M-104,57.58,2.32,232.66,normal
2025-04-23T22:00:00,M-104,54.96,2.19,230.49,normal
2025-04-23T23:00:00,M-104,54.44,2.31,231.77,normal
2025-04-24T00:00:00,M-104,55.62,2.06,231.75,normal
2025-04-24T01:00:00,M-104,53.26,2.11,232.43,normal
2025-04-24T02:00:00,M-104,55.2,2.02,228.79,normal
2025-04-24T03:00:00,M-104,53.79,2.34,230.92,normal
2025-04-24T04:00:00,M-104,55.06,2.15,229.82,normal
2025-04-24T05:00:00,M-104,56.3,2.29,232.54,normal
2025-04-24T06:00:00,M-104,54.46,2.29,230.43,normal
2025-04-24T07:00:00,M-104,53.15,2.42,231.39,normal
2025-04-24T08:00:00,M-104,55.56,2.21,227.65,normal
2025-04-24T09:00:00,M-104,54.37,2.24,233.46,normal
2025-04-24T10:00:00,M-104,56.31,1.98,229.97,normal
2025-04-24T11:00:00,M-104,56.0,2.13,227.95,normal
2025-04-24T12:00:00,M-104,54.06,1.91,230.53,normal
2025-04-24T13:00:00,M-104,54.41,2.4,230.01,normal
2025-04-24T14:00:00,M-104,55.0,2.13,229.58,normal
2025-04-24T15:00:00,M-104,57.2,2.32,228.24,normal
2025-04-24T16:00:00,M-104,55.86,2.14,229.32,normal
2025-04-24T17:00:00,M-104,55.25,2.38,229.06,normal
2025-04-24T18:00:00,M-104,55.11,2.09,228.72,normal
2025-04-24T19:00:00,M-104,51.68,2.42,229.88,normal
2025-04-24T20:00:00,M-104,52.29,2.25,229.38,normal
2025-04-24T21:00:00,M-104,55.57,2.17,231.93,normal
2025-04-24T22:00:00,M-104,56.62,2.22,227.37,normal
2025-04-24T23:00:00,M-104,51.73,2.21,230.68,normal
2025-04-25T00:00:00,M-104,54.67,2.29,230.03,normal
2025-04-25T01:00:00,M-104,55.12,2.18,230.92,normal
2025-04-25T02:00:00,M-104,53.19,2.28,228.8,normal
2025-04-25T03:00:00,M-104,53.68,2.29,231.26,normal
2025-04-25T04:00:00,M-104,54.41,1.94,231.6,normal
2025-04-25T05:00:00,M-104,56.08,2.48,228.76,normal
2025-04-25T06:00:00,M-104,54.22,2.54,232.05,normal
2025-04-25T07:00:00,M-104,53.74,2.2,226.83,normal
2025-04-25T08:00:00,M-104,55.06,2.33,228.91,normal
2025-04-25T09:00:00,M-104,55.82,2.3,231.05,normal
2025-04-25T10:00:00,M-104,55.98,1.83,229.52,normal
2025-04-25T11:00:00,M-104,53.66,2.31,232.36,normal
2025-04-25T12:00:00,M-104,55.8,2.63,230.91,normal
2025-04-25T13:00:00,M-104,52.44,2.17,230.06,normal
2025-04-25T14:00:00,M-104,55.48,2.31,228.19,normal
2025-04-25T15:00:00,M-104,54.87,2.28,229.3,normal
2025-04-25T16:00:00,M-104,54.36,2.06,225.46,normal
2025-04-25T17:00:00,M-104,54.73,2.06,231.19,normal
2025-04-25T18:00:00,M-104,53.16,2.38,229.24,normal
2025-04-25T19:00:00,M-104,56.0,2.37,230.34,normal
2025-04-25T20:00:00,M-104,54.38,2.47,230.21,normal
2025-04-25T21:00:00,M-104,53.14,2.34,228.14,normal
2025-04-25T22:00:00,M-104,54.11,2.14,230.36,normal
2025-04-25T23:00:00,M-104,55.02,2.01,228.04,normal
2025-04-26T00:00:00,M-104,55.65,2.36,229.06,normal
2025-04-26T01:00:00,M-104,57.36,2.18,229.24,normal
2025-04-26T02:00:00,M-104,54.05,2.42,230.45,normal
2025-04-26T03:00:00,M-104,54.16,2.05,227.87,normal
2025-04-26T04:00:00,M-104,55.14,2.1,230.97,normal
2025-04-26T05:00:00,M-104,56.87,1.99,231.91,normal
2025-04-26T06:00:00,M-104,56.05,2.02,229.17,normal
2025-04-26T07:00:00,M-104,54.36,2.31,227.96,normal
2025-04-26T08:00:00,M-104,56.68,2.41,231.12,normal
2025-04-26T09:00:00,M-104,54.23,2.42,230.3,normal
2025-04-26T10:00:00,M-104,56.77,2.26,229.98,normal
2025-04-26T11:00:00,M-104,55.03,2.35,231.48,normal
2025-04-26T12:00:00,M-104,54.72,2.53,230.32,normal
2025-04-26T13:00:00,M-104,55.74,2.33,232.62,normal
2025-04-26T14:00:00,M-104,53.86,1.9,229.3,normal
2025-04-26T15:00:00,M-104,53.83,2.35,230.83,normal
2025-04-26T16:00:00,M-104,55.09,2.01,230.51,normal
2025-04-26T17:00:00,M-104,55.03,2.18,229.16,normal
2025-04-26T18:00:00,M-104,55.46,2.22,231.28,normal
2025-04-26T19:00:00,M-104,55.41,2.39,233.11,normal
2025-04-26T20:00:00,M-104,56.83,2.35,228.88,normal
2025-04-26T21:00:00,M-104,54.88,2.45,231.88,normal
2025-04-26T22:00:00,M-104,55.31,2.21,228.02,normal
2025-04-26T23:00:00,M-104,54.62,2.11,230.05,normal
2025-04-27T00:00:00,M-104,54.72,2.37,230.42,normal
2025-04-27T01:00:00,M-104,54.48,1.93,230.27,normal
2025-04-27T02:00:00,M-104,55.11,2.1,231.44,normal
2025-04-27T03:00:00,M-104,56.09,2.3,229.1,normal
2025-04-27T04:00:00,M-104,53.79,2.53,231.33,normal
2025-04-27T05:00:00,M-104,53.84,2.25,227.59,normal
2025-04-27T06:00:00,M-104,51.77,2.29,230.91,normal
2025-04-27T07:00:00,M-104,54.07,2.44,231.08,normal
2025-04-27T08:00:00,M-104,54.39,2.2,228.26,normal
2025-04-27T09:00:00,M-104,54.29,2.26,231.13,normal
2025-04-27T10:00:00,M-104,55.39,2.13,227.6,normal
2025-04-27T11:00:00,M-104,53.69,2.37,231.11,normal
2025-04-27T12:00:00,M-104,53.91,2.21,228.92,normal
2025-04-27T13:00:00,M-104,54.14,2.26,231.54,normal
2025-04-27T14:00:00,M-104,54.27,2.33,230.23,normal
2025-04-27T15:00:00,M-104,54.18,2.44,229.18,normal
2025-04-27T16:00:00,M-104,55.53,2.14,231.42,normal
2025-04-27T17:00:00,M-104,54.78,2.14,231.14,normal
2025-04-27T18:00:00,M-104,55.68,2.13,231.09,normal
2025-04-27T19:00:00,M-104,56.6,2.1,226.86,normal
2025-04-27T20:00:00,M-104,53.84,2.1,232.57,normal
2025-04-27T21:00:00,M-104,53.82,2.06,230.26,normal
2025-04-27T22:00:00,M-104,53.5,2.12,231.77,normal
2025-04-27T23:00:00,M-104,54.64,2.15,230.78,normal
2025-04-28T00:00:00,M-104,54.78,1.99,231.56,normal
2025-04-28T01:00:00,M-104,53.19,2.08,227.84,normal
2025-04-28T02:00:00,M-104,54.23,2.19,232.44,normal
2025-04-28T03:00:00,M-104,54.65,2.49,229.87,normal
2025-04-28T04:00:00,M-104,53.43,2.3,231.87,normal
2025-04-28T05:00:00,M-104,53.37,2.16,228.41,normal
2025-04-28T06:00:00,M-104,56.32,2.11,228.28,normal
2025-04-28T07:00:00,M-104,54.58,2.37,231.24,normal
2025-04-28T08:00:00,M-104,55.24,2.05,231.14,normal
2025-04-28T09:00:00,M-104,56.1,2.11,229.42,normal
2025-04-28T10:00:00,M-104,55.68,2.32,230.88,normal
2025-04-28T11:00:00,M-104,56.17,2.38,230.87,normal
2025-04-28T12:00:00,M-104,55.62,1.98,230.02,normal
2025-04-28T13:00:00,M-104,53.75,2.2,230.97,normal
2025-04-28T14:00:00,M-104,55.14,2.07,232.09,normal
2025-04-28T15:00:00,M-104,56.6,2.23,231.32,normal
2025-04-28T16:00:00,M-104,53.32,2.15,232.48,normal
2025-04-28T17:00:00,M-104,56.87,2.35,227.16,normal
2025-04-28T18:00:00,M-104,55.64,2.01,230.12,normal
2025-04-28T19:00:00,M-104,56.36,2.23,230.83,normal
2025-04-28T20:00:00,M-104,55.02,1.96,228.78,normal
2025-04-28T21:00:00,M-104,54.54,2.06,231.23,normal
2025-04-28T22:00:00,M-104,55.27,2.1,232.05,normal
2025-04-28T23:00:00,M-104,57.26,2.39,230.91,normal
2025-04-29T00:00:00,M-104,56.82,2.27,228.85,normal
2025-04-29T01:00:00,M-104,55.59,2.17,230.21,normal
2025-04-29T02:00:00,M-104,52.56,2.17,233.0,normal
2025-04-29T03:00:00,M-104,54.99,2.13,229.3,normal
2025-04-29T04:00:00,M-104,55.11,2.56,230.53,normal
2025-04-29T05:00:00,M-104,56.69,2.14,230.87,normal
2025-04-29T06:00:00,M-104,53.74,2.46,229.73,normal
2025-04-29T07:00:00,M-104,54.67,2.23,233.27,normal
2025-04-29T08:00:00,M-104,53.81,2.31,228.71,normal
2025-04-29T09:00:00,M-104,55.38,2.05,232.01,normal
2025-04-29T10:00:00,M-104,57.15,2.13,227.12,normal
2025-04-29T11:00:00,M-104,53.23,2.02,231.05,normal
2025-04-29T12:00:00,M-104,54.86,2.12,229.41,normal
2025-04-29T13:00:00,M-104,55.6,2.35,230.85,normal
2025-04-29T14:00:00,M-104,55.29,2.26,228.7,normal
2025-04-29T15:00:00,M-104,53.89,2.14,229.74,normal
2025-04-29T16:00:00,M-104,55.23,2.09,230.11,normal
2025-04-29T17:00:00,M-104,55.18,2.31,230.9,normal
2025-04-29T18:00:00,M-104,55.51,2.24,227.65,normal
2025-04-29T19:00:00,M-104,54.28,2.21,230.16,normal
2025-04-29T20:00:00,M-104,53.75,2.43,231.74,normal
2025-04-29T21:00:00,M-104,54.53,2.41,227.39,normal
2025-04-29T22:00:00,M-104,56.32,2.23,229.31,normal
2025-04-29T23:00:00,M-104,53.87,2.25,228.79,normal
2025-04-30T00:00:00,M-104,55.02,2.12,231.75,normal
2025-04-30T01:00:00,M-104,52.64,2.3,230.0,normal
2025-04-30T02:00:00,M-104,56.02,2.34,225.81,normal
2025-04-30T03:00:00,M-104,55.03,2.06,229.76,normal
2025-04-30T04:00:00,M-104,54.95,2.3,231.39,normal
2025-04-30T05:00:00,M-104,53.9,2.51,230.4,normal
2025-04-30T06:00:00,M-104,55.51,2.13,229.4,normal
2025-04-30T07:00:00,M-104,57.04,2.04,231.3,normal
2025-04-30T08:00:00,M-104,56.31,2.33,230.46,normal
2025-04-30T09:00:00,M-104,55.08,1.96,228.54,normal
2025-04-30T10:00:00,M-104,55.19,2.27,231.36,normal
2025-04-30T11:00:00,M-104,56.04,2.29,230.03,normal
2025-04-30T12:00:00,M-104,56.91,2.25,230.84,normal
2025-04-30T13:00:00,M-104,57.26,2.17,228.87,normal
2025-04-30T14:00:00,M-104,55.91,2.2,231.62,normal
2025-04-30T15:00:00,M-104,53.91,2.11,231.02,normal
2025-04-30T16:00:00,M-104,55.35,2.11,231.34,normal
2025-04-30T17:00:00,M-104,54.86,2.21,230.9,normal
2025-04-30T18:00:00,M-104,56.8,2.35,228.44,normal
2025-04-30T19:00:00,M-104,53.66,2.2,227.57,normal
2025-04-30T20:00:00,M-104,54.91,2.2,230.84,normal
2025-04-30T21:00:00,M-104,54.65,2.08,229.57,normal
2025-04-30T22:00:00,M-104,54.78,2.55,233.94,normal
2025-04-30T23:00:00,M-104,54.3,2.32,230.46,normal
2025-05-01T00:00:00,M-104,55.41,2.24,228.61,normal
2025-05-01T01:00:00,M-104,55.13,2.17,229.93,normal
2025-05-01T02:00:00,M-104,54.25,2.33,229.8,normal
2025-05-01T03:00:00,M-104,53.56,2.31,230.34,normal
2025-05-01T04:00:00,M-104,54.31,2.13,229.93,normal
2025-05-01T05:00:00,M-104,56.71,2.35,228.19,normal
2025-05-01T06:00:00,M-104,54.01,1.96,230.53,normal
2025-05-01T07:00:00,M-104,54.78,2.12,230.68,normal
2025-05-01T08:00:00,M-104,54.74,2.54,231.35,normal
2025-05-01T09:00:00,M-104,55.32,2.5,229.84,normal
2025-05-01T10:00:00,M-104,53.39,1.86,233.74,normal
2025-05-01T11:00:00,M-104,55.17,2.37,230.32,normal
2025-05-01T12:00:00,M-104,54.45,2.18,230.04,normal
2025-05-01T13:00:00,M-104,52.48,1.96,228.92,normal
2025-05-01T14:00:00,M-104,55.21,2.31,231.11,normal
2025-05-01T15:00:00,M-104,57.0,2.14,227.19,normal
2025-05-01T16:00:00,M-104,55.35,2.21,232.27,normal
2025-05-01T17:00:00,M-104,55.36,2.26,229.26,normal
2025-05-01T18:00:00,M-104,54.49,2.45,229.43,normal
2025-05-01T19:00:00,M-104,52.54,2.2,229.96,normal
2025-05-01T20:00:00,M-104,53.75,1.99,229.44,normal
2025-05-01T21:00:00,M-104,52.69,2.18,229.69,normal
2025-05-01T22:00:00,M-104,54.16,2.08,228.9,normal
2025-05-01T23:00:00,M-104,54.97,2.24,229.05,normal
2025-05-02T00:00:00,M-104,53.6,2.44,228.65,normal
2025-05-02T01:00:00,M-104,54.79,1.97,231.36,normal
2025-05-02T02:00:00,M-104,55.08,2.22,232.15,normal
2025-05-02T03:00:00,M-104,55.38,2.44,230.69,normal
2025-05-02T04:00:00,M-104,57.52,2.29,228.13,normal
2025-05-02T05:00:00,M-104,56.62,2.24,228.79,normal
2025-05-02T06:00:00,M-104,55.18,2.27,229.86,normal
2025-05-02T07:00:00,M-104,56.07,2.13,228.68,normal
2025-05-02T08:00:00,M-104,53.36,2.16,229.84,normal
2025-05-02T09:00:00,M-104,54.74,2.27,230.61,normal
2025-05-02T10:00:00,M-104,54.3,2.16,230.68,normal
2025-05-02T11:00:00,M-104,54.35,2.09,231.4,normal
2025-05-02T12:00:00,M-104,54.35,2.02,230.81,normal
2025-05-02T13:00:00,M-104,55.62,2.4,228.83,normal
2025-05-02T14:00:00,M-104,54.94,2.1,229.71,normal
2025-05-02T15:00:00,M-104,56.3,2.28,225.84,normal
2025-05-02T16:00:00,M-104,55.35,2.32,232.3,normal
2025-05-02T17:00:00,M-104,55.55,2.17,230.19,normal
2025-05-02T18:00:00,M-104,51.92,2.28,230.63,normal
2025-05-02T19:00:00,M-104,53.07,1.98,228.93,normal
2025-05-02T20:00:00,M-104,57.41,2.42,231.6,normal
2025-05-02T21:00:00,M-104,53.95,1.91,229.33,normal
2025-05-02T22:00:00,M-104,56.62,2.39,228.66,normal
2025-05-02T23:00:00,M-104,55.02,2.14,229.02,normal
2025-05-03T00:00:00,M-104,55.21,2.16,229.93,normal
2025-05-03T01:00:00,M-104,55.93,2.19,227.13,normal
2025-05-03T02:00:00,M-104,55.2,2.29,228.15,normal
2025-05-03T03:00:00,M-104,55.72,2.4,230.37,normal
2025-05-03T04:00:00,M-104,54.41,2.33,231.14,normal
2025-05-03T05:00:00,M-104,56.04,2.61,228.34,normal
2025-05-03T06:00:00,M-104,56.06,2.1,228.76,normal
2025-05-03T07:00:00,M-104,57.25,2.39,228.96,normal
2025-05-03T08:00:00,M-104,54.72,2.26,229.95,normal
2025-05-03T09:00:00,M-104,56.19,2.21,229.72,normal
2025-05-03T10:00:00,M-104,53.57,2.03,228.5,normal
2025-05-03T11:00:00,M-104,52.99,1.93,230.47,normal
2025-05-03T12:00:00,M-104,56.68,2.27,233.51,normal
2025-05-03T13:00:00,M-104,53.38,2.44,230.4,normal
2025-05-03T14:00:00,M-104,53.12,2.14,229.22,normal
2025-05-03T15:00:00,M-104,53.83,1.91,230.31,normal
2025-05-03T16:00:00,M-104,56.02,2.37,232.11,normal
2025-05-03T17:00:00,M-104,54.45,2.43,229.14,normal
2025-05-03T18:00:00,M-104,57.18,2.3,230.51,normal
2025-05-03T19:00:00,M-104,57.57,1.93,230.68,normal
2025-05-03T20:00:00,M-104,55.24,2.28,232.33,normal
2025-05-03T21:00:00,M-104,56.52,2.15,231.61,normal
2025-05-03T22:00:00,M-104,57.71,2.3,228.93,normal
2025-05-03T23:00:00,M-104,53.09,2.22,227.83,normal
2025-05-04T00:00:00,M-104,55.49,2.1,228.11,normal
2025-05-04T01:00:00,M-104,54.66,2.36,232.55,normal
2025-05-04T02:00:00,M-104,54.49,2.16,228.18,normal
2025-05-04T03:00:00,M-104,54.34,2.16,233.23,normal
2025-05-04T04:00:00,M-104,53.52,1.78,229.97,normal
2025-05-04T05:00:00,M-104,57.1,2.24,231.26,normal
2025-05-04T06:00:00,M-104,55.13,2.19,229.16,normal
2025-05-04T07:00:00,M-104,54.35,2.01,232.8,normal
2025-05-04T08:00:00,M-104,53.49,2.28,232.38,normal
2025-05-04T09:00:00,M-104,56.4,2.09,230.06,normal
2025-05-04T10:00:00,M-104,54.0,2.15,230.01,normal
2025-05-04T11:00:00,M-104,56.29,2.31,229.49,normal
2025-05-04T12:00:00,M-104,55.46,2.46,230.75,normal
2025-05-04T13:00:00,M-104,55.85,2.24,230.44,normal
2025-05-04T14:00:00,M-104,53.17,2.28,228.97,normal
2025-05-04T15:00:00,M-104,53.76,2.28,231.99,normal
2025-05-04T16:00:00,M-104,55.37,2.2,229.67,normal
2025-05-04T17:00:00,M-104,54.39,2.18,231.04,normal
2025-05-04T18:00:00,M-104,55.26,2.5,227.28,normal
2025-05-04T19:00:00,M-104,54.32,1.87,231.75,normal
2025-05-04T20:00:00,M-104,55.66,2.1,228.32,normal
2025-05-04T21:00:00,M-104,55.61,2.39,231.22,normal
2025-05-04T22:00:00,M-104,54.75,2.23,229.38,normal
2025-05-04T23:00:00,M-104,56.32,2.21,231.21,normal
2025-05-05T00:00:00,M-104,54.74,2.51,230.8,normal
2025-05-05T01:00:00,M-104,54.6,2.25,227.67,normal
2025-05-05T02:00:00,M-104,52.75,2.29,230.6,normal
2025-05-05T03:00:00,M-104,56.31,2.11,231.21,normal
2025-05-05T04:00:00,M-104,53.94,2.23,228.25,normal
2025-05-05T05:00:00,M-104,56.08,2.43,229.21,normal
2025-05-05T06:00:00,M-104,55.39,2.27,227.6,normal
2025-05-05T07:00:00,M-104,54.29,2.02,229.87,normal
2025-05-05T08:00:00,M-104,54.69,2.11,230.84,normal
2025-05-05T09:00:00,M-104,53.94,2.35,231.27,normal
2025-05-05T10:00:00,M-104,53.78,1.93,229.02,normal
2025-05-05T11:00:00,M-104,56.14,2.2,229.28,normal
2025-05-05T12:00:00,M-104,54.89,1.91,227.52,normal
2025-05-05T13:00:00,M-104,53.67,2.25,229.79,normal
2025-05-05T14:00:00,M-104,54.81,2.08,231.07,normal
2025-05-05T15:00:00,M-104,54.02,2.15,229.97,normal
2025-05-05T16:00:00,M-104,54.8,1.96,228.82,normal
2025-05-05T17:00:00,M-104,55.59,2.24,229.56,normal
2025-05-05T18:00:00,M-104,55.22,2.0,230.37,normal
2025-05-05T19:00:00,M-104,55.0,2.07,232.01,normal
2025-05-05T20:00:00,M-104,55.97,2.27,230.48,normal
2025-05-05T21:00:00,M-104,55.89,2.16,229.78,normal
2025-05-05T22:00:00,M-104,56.16,2.3,228.73,normal
2025-05-05T23:00:00,M-104,54.94,2.13,228.1,normal
2025-05-06T00:00:00,M-104,53.32,2.02,227.91,normal
2025-05-06T01:00:00,M-104,54.42,2.36,228.21,normal
2025-05-06T02:00:00,M-104,53.87,2.18,230.72,normal
2025-05-06T03:00:00,M-104,55.43,1.95,232.4,normal
2025-05-06T04:00:00,M-104,54.79,2.36,229.0,normal
2025-05-06T05:00:00,M-104,54.42,2.37,230.0,normal
2025-05-06T06:00:00,M-104,55.53,2.34,227.99,normal
2025-05-06T07:00:00,M-104,57.93,2.26,229.75,normal
2025-05-06T08:00:00,M-104,54.55,2.26,231.16,normal
2025-05-06T09:00:00,M-104,55.64,2.24,228.43,normal
2025-05-06T10:00:00,M-104,54.46,2.33,230.81,normal
2025-05-06T11:00:00,M-104,53.33,2.34,230.83,normal
2025-05-06T12:00:00,M-104,53.48,2.24,226.72,normal
2025-05-06T13:00:00,M-104,52.75,2.09,229.55,normal
2025-05-06T14:00:00,M-104,54.73,2.22,229.84,normal
2025-05-06T15:00:00,M-104,55.88,2.19,230.07,normal
2025-05-06T16:00:00,M-104,55.45,2.29,231.32,normal
2025-05-06T17:00:00,M-104,57.48,2.27,229.84,normal
2025-05-06T18:00:00,M-104,54.47,2.35,230.18,normal
2025-05-06T19:00:00,M-104,53.8,1.89,229.46,normal
2025-05-06T20:00:00,M-104,55.13,2.17,230.4,normal
2025-05-06T21:00:00,M-104,54.85,2.06,228.72,normal
2025-05-06T22:00:00,M-104,53.75,2.25,232.02,normal
2025-05-06T23:00:00,M-104,54.24,2.0,229.94,normal
2025-05-07T00:00:00,M-104,56.56,2.21,229.74,normal
2025-05-07T01:00:00,M-104,54.58,2.2,228.32,normal
2025-05-07T02:00:00,M-104,54.84,2.28,229.0,normal
2025-05-07T03:00:00,M-104,54.65,2.4,231.82,normal
2025-05-07T04:00:00,M-104,53.54,1.96,230.5,normal
2025-05-07T05:00:00,M-104,56.0,2.32,230.02,normal
2025-05-07T06:00:00,M-104,55.47,2.34,230.87,normal
2025-05-07T07:00:00,M-104,56.48,1.94,231.61,normal
2025-05-07T08:00:00,M-104,55.51,2.12,227.54,normal
2025-05-07T09:00:00,M-104,55.8,2.18,230.5,normal
2025-05-07T10:00:00,M-104,54.14,2.3,231.4,normal
2025-05-07T11:00:00,M-104,54.64,2.3,229.93,normal
2025-05-07T12:00:00,M-104,55.61,2.28,232.78,normal
2025-05-07T13:00:00,M-104,54.04,2.49,228.34,normal
2025-05-07T14:00:00,M-104,54.43,2.1,230.6,normal
2025-05-07T15:00:00,M-104,56.43,2.36,228.66,normal
2025-05-07T16:00:00,M-104,55.08,2.33,231.16,normal
2025-05-07T17:00:00,M-104,55.06,2.36,229.74,normal
2025-05-07T18:00:00,M-104,54.29,2.01,231.74,normal
2025-05-07T19:00:00,M-104,54.86,2.13,228.38,normal
2025-05-07T20:00:00,M-104,55.9,2.35,230.81,normal
2025-05-07T21:00:00,M-104,56.43,2.16,229.77,normal
2025-05-07T22:00:00,M-104,54.27,2.27,228.25,normal
2025-05-07T23:00:00,M-104,56.26,2.26,230.33,normal
2025-05-08T00:00:00,M-104,56.75,2.15,232.27,normal
2025-05-08T01:00:00,M-104,55.0,2.19,231.25,normal
2025-05-08T02:00:00,M-104,54.16,2.21,232.57,normal
2025-05-08T03:00:00,M-104,56.6,2.06,229.94,normal
2025-05-08T04:00:00,M-104,56.36,2.18,228.29,normal
2025-05-08T05:00:00,M-104,56.02,2.05,230.46,normal
2025-05-08T06:00:00,M-104,56.12,1.6,228.78,normal
2025-05-08T07:00:00,M-104,56.46,2.32,231.41,normal
2025-05-08T08:00:00,M-104,55.46,2.17,231.53,normal
2025-05-08T09:00:00,M-104,54.81,2.21,230.2,normal
2025-05-08T10:00:00,M-104,54.38,2.01,230.19,normal
2025-05-08T11:00:00,M-104,56.22,2.13,232.7,normal
2025-05-08T12:00:00,M-104,54.72,1.96,228.38,normal
2025-05-08T13:00:00,M-104,52.64,2.49,230.75,normal
2025-05-08T14:00:00,M-104,55.77,2.08,231.0,normal
2025-05-08T15:00:00,M-104,54.99,2.19,228.43,normal
2025-05-08T16:00:00,M-104,54.88,2.12,231.77,normal
2025-05-08T17:00:00,M-104,53.66,2.15,231.22,normal
2025-05-08T18:00:00,M-104,55.46,2.19,232.53,normal
2025-05-08T19:00:00,M-104,55.77,2.07,227.16,normal
2025-05-08T20:00:00,M-104,53.7,2.21,230.45,normal
2025-05-08T21:00:00,M-104,53.24,2.28,229.95,normal
2025-05-08T22:00:00,M-104,53.83,2.08,230.36,normal
2025-05-08T23:00:00,M-104,56.2,2.52,228.85,normal
2025-05-09T00:00:00,M-104,54.46,2.12,231.3,normal
2025-05-09T01:00:00,M-104,53.8,2.14,230.44,normal
2025-05-09T02:00:00,M-104,55.22,2.13,231.35,normal
2025-05-09T03:00:00,M-104,55.93,2.3,228.99,normal
2025-05-09T04:00:00,M-104,54.38,2.36,230.3,normal
2025-05-09T05:00:00,M-104,53.15,1.95,228.59,normal
2025-05-09T06:00:00,M-104,55.79,2.05,229.62,normal
2025-05-09T07:00:00,M-104,53.75,2.18,229.86,normal
2025-05-09T08:00:00,M-104,53.21,1.9,231.26,normal
2025-05-09T09:00:00,M-104,54.88,2.12,226.65,normal
2025-05-09T10:00:00,M-104,57.69,2.21,229.84,normal
2025-05-09T11:00:00,M-104,56.19,2.08,230.62,normal
2025-05-09T12:00:00,M-104,54.81,2.13,230.65,normal
2025-05-09T13:00:00,M-104,54.55,2.48,228.28,normal
2025-05-09T14:00:00,M-104,52.91,2.06,229.93,normal
2025-05-09T15:00:00,M-104,55.58,2.17,229.26,normal
2025-05-09T16:00:00,M-104,54.83,2.16,226.39,normal
2025-05-09T17:00:00,M-104,55.56,2.14,231.86,normal
2025-05-09T18:00:00,M-104,54.45,2.36,226.6,normal
2025-05-09T19:00:00,M-104,56.69,2.29,228.78,normal
2025-05-09T20:00:00,M-104,55.01,2.26,228.17,normal
2025-05-09T21:00:00,M-104,54.43,2.29,231.21,normal
2025-05-09T22:00:00,M-104,55.36,2.18,228.54,normal
2025-05-09T23:00:00,M-104,56.2,2.2,229.79,normal
2025-05-10T00:00:00,M-104,56.18,2.5,229.72,normal
2025-05-10T01:00:00,M-104,55.71,2.21,231.08,normal
2025-05-10T02:00:00,M-104,55.23,2.18,228.19,normal
2025-05-10T03:00:00,M-104,56.67,2.36,228.03,normal
2025-05-10T04:00:00,M-104,53.47,2.2,229.98,normal
2025-05-10T05:00:00,M-104,54.8,2.14,228.34,normal
2025-05-10T06:00:00,M-104,54.17,2.02,229.72,normal
2025-05-10T07:00:00,M-104,54.05,2.03,230.5,normal
2025-05-10T08:00:00,M-104,55.8,2.23,229.57,normal
2025-05-10T09:00:00,M-104,54.01,2.16,230.54,normal
2025-05-10T10:00:00,M-104,54.22,2.06,229.82,normal
2025-05-10T11:00:00,M-104,55.32,2.02,229.57,normal
2025-05-10T12:00:00,M-104,53.87,1.92,229.67,normal
2025-05-10T13:00:00,M-104,53.6,2.12,228.44,normal
2025-05-10T14:00:00,M-104,55.81,2.23,230.6,normal
2025-05-10T15:00:00,M-104,53.51,2.36,228.76,normal
2025-05-10T16:00:00,M-104,56.04,2.12,227.09,normal
2025-05-10T17:00:00,M-104,57.04,2.23,232.15,normal
2025-05-10T18:00:00,M-104,56.02,2.1,226.96,normal
2025-05-10T19:00:00,M-104,53.52,2.37,231.22,normal
2025-05-10T20:00:00,M-104,56.48,2.09,229.46,normal
2025-05-10T21:00:00,M-104,54.66,2.14,230.59,normal
2025-05-10T22:00:00,M-104,54.96,2.17,230.11,normal
2025-05-10T23:00:00,M-104,55.89,2.24,230.66,normal
2025-05-11T00:00:00,M-104,56.56,2.1,229.11,normal
2025-05-11T01:00:00,M-104,55.5,2.58,230.0,normal
2025-05-11T02:00:00,M-104,57.02,2.38,232.15,normal
2025-05-11T03:00:00,M-104,55.58,2.3,227.56,normal
2025-05-11T04:00:00,M-104,55.79,2.35,231.82,normal
2025-05-11T05:00:00,M-104,53.65,2.27,231.14,normal
2025-05-11T06:00:00,M-104,55.04,2.08,230.78,normal
2025-05-11T07:00:00,M-104,54.88,2.04,231.03,normal
2025-05-11T08:00:00,M-104,52.78,2.21,229.1,normal
2025-05-11T09:00:00,M-104,54.92,2.08,231.47,normal
2025-05-11T10:00:00,M-104,54.64,2.05,230.72,normal
2025-05-11T11:00:00,M-104,54.02,2.38,232.21,normal
2025-05-11T12:00:00,M-104,53.1,2.15,227.47,normal
2025-05-11T13:00:00,M-104,58.45,2.31,230.66,normal
2025-05-11T14:00:00,M-104,52.76,2.04,229.16,normal
2025-05-11T15:00:00,M-104,56.43,2.57,228.85,normal
2025-05-11T16:00:00,M-104,53.64,2.21,228.44,normal
2025-05-11T17:00:00,M-104,54.64,2.0,229.68,normal
2025-05-11T18:00:00,M-104,56.07,2.28,230.29,normal
2025-05-11T19:00:00,M-104,55.55,1.94,231.76,normal
2025-05-11T20:00:00,M-104,53.07,2.41,230.05,normal
2025-05-11T21:00:00,M-104,54.93,2.34,229.27,normal
2025-05-11T22:00:00,M-104,54.7,2.16,230.67,normal
2025-05-11T23:00:00,M-104,56.48,2.15,230.11,normal
2025-05-12T00:00:00,M-104,55.02,2.29,230.23,normal
2025-05-12T01:00:00,M-104,54.94,2.32,230.44,normal
2025-05-12T02:00:00,M-104,55.96,2.43,225.51,normal
2025-05-12T03:00:00,M-104,56.02,2.35,230.21,normal
2025-05-12T04:00:00,M-104,54.77,2.2,229.95,normal
2025-05-12T05:00:00,M-104,55.82,2.18,231.21,normal
2025-05-12T06:00:00,M-104,54.43,2.33,230.17,normal
2025-05-12T07:00:00,M-104,55.44,2.06,229.01,normal
2025-05-12T08:00:00,M-104,53.91,2.24,231.83,normal
2025-05-12T09:00:00,M-104,56.97,1.98,234.01,normal
2025-05-12T10:00:00,M-104,56.12,2.06,229.39,normal
2025-05-12T11:00:00,M-104,55.16,2.03,228.95,normal
2025-05-12T12:00:00,M-104,54.86,2.15,232.34,normal
2025-05-12T13:00:00,M-104,53.97,2.34,228.69,normal
2025-05-12T14:00:00,M-104,52.23,2.28,228.82,normal
2025-05-12T15:00:00,M-104,55.14,2.49,230.58,normal
2025-05-12T16:00:00,M-104,55.36,1.93,230.81,normal
2025-05-12T17:00:00,M-104,55.19,2.21,227.93,normal
2025-05-12T18:00:00,M-104,55.79,2.47,232.49,normal
2025-05-12T19:00:00,M-104,56.11,2.07,230.6,normal
2025-05-12T20:00:00,M-104,53.86,1.98,229.49,normal
2025-05-12T21:00:00,M-104,55.56,2.11,229.13,normal
2025-05-12T22:00:00,M-104,55.82,2.28,230.23,normal
2025-05-12T23:00:00,M-104,55.62,2.47,229.8,normal
2025-05-13T00:00:00,M-104,56.39,2.15,229.0,normal
2025-05-13T01:00:00,M-104,55.42,2.21,232.48,normal
2025-05-13T02:00:00,M-104,54.74,2.13,230.29,normal
2025-05-13T03:00:00,M-104,56.36,2.2,228.43,normal
2025-05-13T04:00:00,M-104,54.58,2.25,230.02,normal
2025-05-13T05:00:00,M-104,56.93,2.29,226.94,normal
2025-05-13T06:00:00,M-104,55.14,2.16,230.29,normal
2025-05-13T07:00:00,M-104,56.33,2.13,230.26,normal
2025-05-13T08:00:00,M-104,55.12,2.25,230.38,normal
2025-05-13T09:00:00,M-104,53.81,2.22,231.89,normal
2025-05-13T10:00:00,M-104,57.7,2.02,231.61,normal
2025-05-13T11:00:00,M-104,53.24,2.08,229.32,normal
2025-05-13T12:00:00,M-104,54.89,2.3,231.32,normal
2025-05-13T13:00:00,M-104,56.23,2.26,231.68,normal
2025-05-13T14:00:00,M-104,55.13,2.4,231.69,normal
2025-05-13T15:00:00,M-104,55.19,2.17,230.76,normal
2025-05-13T16:00:00,M-104,53.32,2.03,230.04,normal
2025-05-13T17:00:00,M-104,53.46,2.27,226.49,normal
2025-05-13T18:00:00,M-104,54.38,2.37,228.03,normal
2025-05-13T19:00:00,M-104,56.28,1.93,228.84,normal
2025-05-13T20:00:00,M-104,53.89,2.26,227.16,normal
2025-05-13T21:00:00,M-104,54.31,1.95,231.1,normal
2025-05-13T22:00:00,M-104,56.55,2.13,228.83,normal
2025-05-13T23:00:00,M-104,54.97,2.43,229.01,normal
2025-05-14T00:00:00,M-104,56.77,2.31,231.32,normal
2025-05-14T01:00:00,M-104,54.96,2.27,229.41,normal
2025-05-14T02:00:00,M-104,56.96,2.05,231.04,normal
2025-05-14T03:00:00,M-104,54.67,2.16,229.93,normal
2025-05-14T04:00:00,M-104,54.08,2.11,231.16,normal
2025-05-14T05:00:00,M-104,54.36,2.39,230.15,normal
2025-05-14T06:00:00,M-104,54.11,2.47,229.69,normal
2025-05-14T07:00:00,M-104,52.98,2.38,230.06,normal
2025-05-14T08:00:00,M-104,52.83,2.29,229.05,normal
2025-05-14T09:00:00,M-104,55.49,2.39,227.9,normal
2025-05-14T10:00:00,M-104,55.08,2.25,228.52,normal
2025-05-14T11:00:00,M-104,53.93,1.97,224.87,normal
2025-05-14T12:00:00,M-104,56.36,2.31,229.88,normal
2025-05-14T13:00:00,M-104,54.76,2.04,226.99,normal
2025-05-14T14:00:00,M-104,56.15,2.29,230.71,normal
2025-05-14T15:00:00,M-104,53.51,2.3,229.14,normal
2025-05-14T16:00:00,M-104,53.19,2.22,228.45,normal
2025-05-14T17:00:00,M-104,54.4,2.29,230.31,normal
2025-05-14T18:00:00,M-104,56.48,2.37,229.09,normal
2025-05-14T19:00:00,M-104,55.06,2.31,231.29,normal
2025-05-14T20:00:00,M-104,52.87,2.24,230.31,normal
2025-05-14T21:00:00,M-104,54.68,2.15,231.54,normal
2025-05-14T22:00:00,M-104,55.56,2.08,230.5,normal
2025-05-14T23:00:00,M-104,55.86,2.25,230.31,normal
2025-05-15T00:00:00,M-104,54.35,2.26,231.41,normal
2025-05-15T01:00:00,M-104,55.53,2.26,232.89,normal
2025-05-15T02:00:00,M-104,52.1,2.2,229.04,normal
2025-05-15T03:00:00,M-104,56.47,2.38,229.94,normal
2025-05-15T04:00:00,M-104,55.67,2.21,227.36,normal
2025-05-15T05:00:00,M-104,53.09,2.22,229.12,normal
2025-05-15T06:00:00,M-104,56.88,1.96,230.76,normal
2025-05-15T07:00:00,M-104,55.89,2.25,228.27,normal
2025-05-15T08:00:00,M-104,54.3,2.0,230.78,normal
2025-05-15T09:00:00,M-104,55.2,2.36,230.08,normal
2025-05-15T10:00:00,M-104,56.08,2.25,230.69,normal
2025-05-15T11:00:00,M-104,54.15,2.31,229.24,normal
2025-05-15T12:00:00,M-104,55.86,2.16,231.25,normal
2025-05-15T13:00:00,M-104,55.52,2.11,231.11,normal
2025-05-15T14:00:00,M-104,54.21,2.33,229.08,normal
2025-05-15T15:00:00,M-104,54.89,2.31,230.95,normal
2025-05-15T16:00:00,M-104,56.03,2.3,229.62,normal
2025-05-15T17:00:00,M-104,57.14,2.19,229.12,normal
2025-05-15T18:00:00,M-104,55.09,2.51,231.83,normal
2025-05-15T19:00:00,M-104,55.03,2.2,229.32,normal
2025-05-15T20:00:00,M-104,55.77,2.11,229.18,normal
2025-05-15T21:00:00,M-104,55.37,2.12,227.3,normal
2025-05-15T22:00:00,M-104,54.44,2.09,228.71,normal
2025-05-15T23:00:00,M-104,55.88,2.44,229.61,normal
2025-05-16T00:00:00,M-104,55.44,2.38,232.58,normal
2025-05-16T01:00:00,M-104,54.65,2.06,230.46,normal
2025-05-16T02:00:00,M-104,55.87,2.2,228.43,normal
2025-05-16T03:00:00,M-104,53.06,2.03,230.75,normal
2025-05-16T04:00:00,M-104,57.11,2.33,229.85,normal
2025-05-16T05:00:00,M-104,55.14,2.27,231.1,normal
2025-05-16T06:00:00,M-104,55.58,2.36,230.76,normal
2025-05-16T07:00:00,M-104,54.56,2.27,230.94,normal
2025-05-16T08:00:00,M-104,56.52,2.29,231.27,normal
2025-05-16T09:00:00,M-104,56.79,2.39,226.41,normal
2025-05-16T10:00:00,M-104,55.39,2.22,229.07,normal
2025-05-16T11:00:00,M-104,55.58,2.42,230.27,normal
2025-05-16T12:00:00,M-104,55.72,2.32,231.64,normal
2025-05-16T13:00:00,M-104,57.09,2.1,229.97,normal
2025-05-16T14:00:00,M-104,53.79,2.0,231.15,normal
2025-05-16T15:00:00,M-104,54.72,2.27,227.68,normal
2025-05-16T16:00:00,M-104,55.08,1.99,228.62,normal
2025-05-16T17:00:00,M-104,54.95,2.16,230.96,normal
2025-05-16T18:00:00,M-104,54.99,1.99,229.99,normal
2025-05-16T19:00:00,M-104,54.79,2.12,230.0,normal
2025-05-16T20:00:00,M-104,53.23,2.13,229.47,normal
2025-05-16T21:00:00,M-104,55.59,2.01,228.56,normal
2025-05-16T22:00:00,M-104,54.73,2.26,228.37,normal
2025-05-16T23:00:00,M-104,56.26,2.29,231.48,normal
2025-05-17T00:00:00,M-104,54.55,2.25,232.43,normal
2025-05-17T01:00:00,M-104,55.78,2.09,229.52,normal
2025-05-17T02:00:00,M-104,53.73,2.14,229.42,normal
2025-05-17T03:00:00,M-104,52.14,2.1,227.52,normal
2025-05-17T04:00:00,M-104,55.89,2.2,232.83,normal
2025-05-17T05:00:00,M-104,55.53,2.38,229.94,normal
2025-05-17T06:00:00,M-104,54.07,2.05,229.81,normal
2025-05-17T07:00:00,M-104,54.28,2.34,230.09,normal
2025-05-17T08:00:00,M-104,55.75,1.99,229.46,normal
2025-05-17T09:00:00,M-104,55.62,2.43,228.11,normal
2025-05-17T10:00:00,M-104,54.2,2.4,231.31,normal
2025-05-17T11:00:00,M-104,55.78,2.27,230.7,normal
2025-05-17T12:00:00,M-104,55.77,2.42,231.03,normal
2025-05-17T13:00:00,M-104,54.12,2.22,230.38,normal
2025-05-17T14:00:00,M-104,54.6,2.28,228.0,normal
2025-05-17T15:00:00,M-104,56.17,2.44,229.8,normal
2025-05-17T16:00:00,M-104,55.79,2.13,229.76,normal
2025-05-17T17:00:00,M-104,55.59,1.96,230.62,normal
2025-05-17T18:00:00,M-104,53.24,1.92,229.72,normal
2025-05-17T19:00:00,M-104,55.27,2.17,231.07,normal
2025-05-17T20:00:00,M-104,54.72,2.11,231.93,normal
2025-05-17T21:00:00,M-104,55.12,2.26,229.19,normal
2025-05-17T22:00:00,M-104,55.19,2.01,228.18,normal
2025-05-17T23:00:00,M-104,55.19,1.98,229.77,normal
2025-05-18T00:00:00,M-104,55.07,2.14,230.41,normal
2025-05-18T01:00:00,M-104,55.66,2.13,229.63,normal
2025-05-18T02:00:00,M-104,54.12,2.3,229.38,normal
2025-05-18T03:00:00,M-104,54.33,2.35,230.42,normal
2025-05-18T04:00:00,M-104,53.65,2.37,229.48,normal
2025-05-18T05:00:00,M-104,57.16,2.35,231.27,normal
2025-05-18T06:00:00,M-104,53.09,2.25,228.91,normal
2025-05-18T07:00:00,M-104,57.72,2.33,230.74,normal
2025-05-18T08:00:00,M-104,57.85,2.45,227.7,normal
2025-05-18T09:00:00,M-104,55.22,2.08,226.84,normal
2025-05-18T10:00:00,M-104,58.08,2.3,227.03,normal
2025-05-18T11:00:00,M-104,55.19,2.14,230.42,normal
2025-05-18T12:00:00,M-104,54.37,2.04,231.93,normal
2025-05-18T13:00:00,M-104,56.58,2.18,230.32,normal
2025-05-18T14:00:00,M-104,57.8,2.3,231.6,normal
2025-05-18T15:00:00,M-104,54.1,2.16,227.93,normal
2025-05-18T16:00:00,M-104,58.36,2.32,228.52,normal
2025-05-18T17:00:00,M-104,53.49,2.27,232.41,normal
2025-05-18T18:00:00,M-104,57.35,2.08,231.16,normal
2025-05-18T19:00:00,M-104,54.54,1.89,228.47,normal
2025-05-18T20:00:00,M-104,53.78,2.15,230.38,normal
2025-05-18T21:00:00,M-104,55.18,2.22,233.34,normal
2025-05-18T22:00:00,M-104,51.82,2.31,232.05,normal
2025-05-18T23:00:00,M-104,57.72,1.91,231.51,normal
2025-05-19T00:00:00,M-104,56.34,2.18,228.79,normal
2025-05-19T01:00:00,M-104,54.24,2.22,230.57,normal
2025-05-19T02:00:00,M-104,55.31,2.41,230.46,normal
2025-05-19T03:00:00,M-104,53.07,2.35,229.89,normal
2025-05-19T04:00:00,M-104,56.0,2.1,228.49,normal
2025-05-19T05:00:00,M-104,55.05,2.15,229.01,normal
2025-05-19T06:00:00,M-104,56.85,2.11,229.07,normal
2025-05-19T07:00:00,M-104,55.07,2.24,230.36,normal
2025-05-19T08:00:00,M-104,55.4,2.37,227.82,normal
2025-05-19T09:00:00,M-104,55.13,2.39,229.26,normal
2025-05-19T10:00:00,M-104,54.14,2.32,231.81,normal
2025-05-19T11:00:00,M-104,55.82,2.18,231.38,normal
2025-05-19T12:00:00,M-104,55.12,2.01,230.89,normal
2025-05-19T13:00:00,M-104,56.48,2.33,227.01,normal
2025-05-19T14:00:00,M-104,55.88,2.22,229.96,normal
2025-05-19T15:00:00,M-104,55.81,2.16,230.95,normal
2025-05-19T16:00:00,M-104,54.51,2.19,228.29,normal
2025-05-19T17:00:00,M-104,53.96,2.3,232.3,normal
2025-05-19T18:00:00,M-104,55.16,2.27,229.29,normal
2025-05-19T19:00:00,M-104,54.68,2.24,229.26,normal
2025-05-19T20:00:00,M-104,53.92,2.33,230.78,normal
2025-05-19T21:00:00,M-104,54.31,2.18,229.83,normal
2025-05-19T22:00:00,M-104,55.1,2.38,230.26,normal
2025-05-19T23:00:00,M-104,55.85,2.54,229.97,normal
2025-05-20T00:00:00,M-104,56.34,2.03,231.75,normal
2025-05-20T01:00:00,M-104,53.04,2.15,227.9,normal
2025-05-20T02:00:00,M-104,56.05,2.22,228.98,normal
2025-05-20T03:00:00,M-104,53.93,2.13,230.7,normal
2025-05-20T04:00:00,M-104,54.92,1.93,230.79,normal
2025-05-20T05:00:00,M-104,53.14,2.33,228.13,normal
2025-05-20T06:00:00,M-104,53.99,2.34,231.15,normal
2025-05-20T07:00:00,M-104,54.26,2.31,231.82,normal
2025-05-20T08:00:00,M-104,54.03,2.19,228.77,normal
2025-05-20T09:00:00,M-104,52.52,2.19,229.82,normal
2025-05-20T10:00:00,M-104,54.95,1.87,229.87,normal
2025-05-20T11:00:00,M-104,55.17,2.05,229.69,normal
2025-05-20T12:00:00,M-104,56.57,2.2,228.86,normal
2025-05-20T13:00:00,M-104,53.94,2.08,228.7,normal
2025-05-20T14:00:00,M-104,55.5,1.85,230.96,normal
2025-05-20T15:00:00,M-104,53.69,1.88,228.95,normal
2025-05-20T16:00:00,M-104,56.26,2.46,229.32,normal
2025-05-20T17:00:00,M-104,56.2,2.36,230.81,normal
2025-05-20T18:00:00,M-104,55.62,2.04,228.37,normal
2025-05-20T19:00:00,M-104,53.8,2.1,229.02,normal
2025-05-20T20:00:00,M-104,55.79,2.18,229.17,normal
2025-05-20T21:00:00,M-104,56.2,2.12,232.88,normal
2025-05-20T22:00:00,M-104,54.4,1.84,229.24,normal
2025-05-20T23:00:00,M-104,55.47,1.93,229.02,normal
2025-05-21T00:00:00,M-104,53.78,2.19,231.42,normal
2025-05-21T01:00:00,M-104,55.8,2.12,230.99,normal
2025-05-21T02:00:00,M-104,55.57,2.04,230.6,normal
2025-05-21T03:00:00,M-104,54.87,2.35,228.47,normal
2025-05-21T04:00:00,M-104,54.83,2.24,230.68,normal
2025-05-21T05:00:00,M-104,56.09,2.17,228.74,normal
2025-05-21T06:00:00,M-104,58.1,2.34,230.5,normal
2025-05-21T07:00:00,M-104,53.61,2.22,230.49,normal
2025-05-21T08:00:00,M-104,54.23,2.43,233.78,normal
2025-05-21T09:00:00,M-104,53.99,2.04,229.93,normal
2025-05-21T10:00:00,M-104,55.45,2.32,230.1,normal
2025-05-21T11:00:00,M-104,53.88,2.08,228.31,normal
2025-05-21T12:00:00,M-104,55.29,2.55,229.88,normal
2025-05-21T13:00:00,M-104,55.2,2.54,229.77,normal
2025-05-21T14:00:00,M-104,57.65,2.2,230.75,normal
2025-05-21T15:00:00,M-104,53.55,2.24,229.54,normal
2025-05-21T16:00:00,M-104,57.0,2.17,231.7,normal
2025-05-21T17:00:00,M-104,53.44,2.08,231.87,normal
2025-05-21T18:00:00,M-104,56.7,2.27,229.99,normal
2025-05-21T19:00:00,M-104,53.66,2.11,230.26,normal
2025-05-21T20:00:00,M-104,54.31,2.25,231.25,normal
2025-05-21T21:00:00,M-104,55.11,2.5,231.68,normal
2025-05-21T22:00:00,M-104,55.37,2.26,230.64,normal
2025-05-21T23:00:00,M-104,54.99,2.14,230.03,normal
2025-05-22T00:00:00,M-104,56.77,2.03,231.07,normal
2025-05-22T01:00:00,M-104,55.94,2.17,228.09,normal
2025-05-22T02:00:00,M-104,56.24,2.49,231.38,normal
2025-05-22T03:00:00,M-104,54.08,2.22,229.06,normal
2025-05-22T04:00:00,M-104,54.0,1.92,230.66,normal
2025-05-22T05:00:00,M-104,55.79,2.32,229.47,normal
2025-05-22T06:00:00,M-104,55.22,1.98,228.59,normal
2025-05-22T07:00:00,M-104,52.99,2.22,228.76,normal
2025-05-22T08:00:00,M-104,53.92,2.34,230.21,normal
2025-05-22T09:00:00,M-104,56.4,2.19,229.34,normal
2025-05-22T10:00:00,M-104,56.23,2.11,229.99,normal
2025-05-22T11:00:00,M-104,55.43,1.88,228.67,normal
2025-05-22T12:00:00,M-104,54.83,2.29,230.23,normal
2025-05-22T13:00:00,M-104,55.3,2.18,228.8,normal
2025-05-22T14:00:00,M-104,56.55,2.18,229.93,normal
2025-05-22T15:00:00,M-104,53.79,2.25,228.61,normal
2025-05-22T16:00:00,M-104,55.25,2.05,230.15,normal
2025-05-22T17:00:00,M-104,55.07,2.35,230.69,normal
2025-05-22T18:00:00,M-104,52.8,2.23,231.34,normal
2025-05-22T19:00:00,M-104,55.25,2.37,231.13,normal
2025-05-22T20:00:00,M-104,55.76,2.4,229.14,normal
2025-05-22T21:00:00,M-104,56.75,2.03,227.48,normal
2025-05-22T22:00:00,M-104,55.12,2.36,227.73,normal
2025-05-22T23:00:00,M-104,54.64,1.98,230.08,normal
2025-05-23T00:00:00,M-104,54.57,2.36,229.48,normal
2025-05-23T01:00:00,M-104,55.9,2.14,228.06,normal
2025-05-23T02:00:00,M-104,55.92,2.1,229.97,normal
2025-05-23T03:00:00,M-104,56.31,1.9,230.98,normal
2025-05-23T04:00:00,M-104,56.12,1.99,231.22,normal
2025-05-23T05:00:00,M-104,55.91,1.89,230.78,normal
2025-05-23T06:00:00,M-104,55.95,2.0,227.17,normal
2025-05-23T07:00:00,M-104,56.58,2.17,227.98,normal
2025-05-23T08:00:00,M-104,55.58,1.95,230.43,normal
2025-05-23T09:00:00,M-104,55.45,2.05,228.12,normal
2025-05-23T10:00:00,M-104,54.59,2.26,228.93,normal
2025-05-23T11:00:00,M-104,52.68,1.88,229.33,normal
2025-05-23T12:00:00,M-104,53.53,2.22,230.23,normal
2025-05-23T13:00:00,M-104,54.51,2.28,231.58,normal
2025-05-23T14:00:00,M-104,55.62,2.08,231.19,normal
2025-05-23T15:00:00,M-104,55.49,2.18,229.11,normal
2025-05-23T16:00:00,M-104,54.75,2.13,230.18,normal
2025-05-23T17:00:00,M-104,54.93,1.96,229.87,normal
2025-05-23T18:00:00,M-104,52.51,2.26,228.63,normal
2025-05-23T19:00:00,M-104,54.32,2.54,230.19,normal
2025-05-23T20:00:00,M-104,55.86,2.09,229.26,normal
2025-05-23T21:00:00,M-104,53.37,2.02,230.88,normal
2025-05-23T22:00:00,M-104,53.76,2.31,229.54,normal
2025-05-23T23:00:00,M-104,55.7,2.31,231.15,normal
2025-05-24T00:00:00,M-104,54.8,2.25,232.53,normal
2025-05-24T01:00:00,M-104,55.17,2.19,231.3,normal
2025-05-24T02:00:00,M-104,54.67,2.26,229.23,normal
2025-05-24T03:00:00,M-104,53.87,2.37,230.48,normal
2025-05-24T04:00:00,M-104,54.27,2.28,230.57,normal
2025-05-24T05:00:00,M-104,56.73,2.29,227.08,normal
2025-05-24T06:00:00,M-104,54.94,2.19,230.66,normal
2025-05-24T07:00:00,M-104,53.53,2.14,229.36,normal
2025-05-24T08:00:00,M-104,53.68,2.19,231.71,normal
2025-05-24T09:00:00,M-104,54.24,2.1,229.64,normal
2025-05-24T10:00:00,M-104,53.37,2.27,231.61,normal
2025-05-24T11:00:00,M-104,54.33,2.18,230.88,normal
2025-05-24T12:00:00,M-104,55.64,2.18,229.17,normal
2025-05-24T13:00:00,M-104,54.15,2.29,230.67,normal
2025-05-24T14:00:00,M-104,55.68,2.13,228.91,normal
2025-05-24T15:00:00,M-104,56.44,2.25,230.86,normal
2025-05-24T16:00:00,M-104,54.29,2.25,228.3,normal
2025-05-24T17:00:00,M-104,56.81,1.93,230.44,normal
2025-05-24T18:00:00,M-104,53.9,2.46,229.28,normal
2025-05-24T19:00:00,M-104,53.93,2.07,228.03,normal
2025-05-24T20:00:00,M-104,56.51,1.97,229.96,normal
2025-05-24T21:00:00,M-104,55.06,2.27,229.89,normal
2025-05-24T22:00:00,M-104,53.65,2.23,229.82,normal
2025-05-24T23:00:00,M-104,54.53,2.3,229.96,normal
2025-05-25T00:00:00,M-104,53.66,2.19,230.46,normal
2025-05-25T01:00:00,M-104,55.2,2.24,231.38,normal
2025-05-25T02:00:00,M-104,55.08,2.04,227.17,normal
2025-05-25T03:00:00,M-104,56.23,2.26,228.98,normal
2025-05-25T04:00:00,M-104,53.92,2.46,232.05,normal
2025-05-25T05:00:00,M-104,55.13,2.3,231.35,normal
2025-05-25T06:00:00,M-104,57.34,2.38,231.74,normal
2025-05-25T07:00:00,M-104,55.54,2.37,229.23,normal
2025-05-25T08:00:00,M-104,56.28,2.21,229.19,normal
2025-05-25T09:00:00,M-104,55.83,2.37,229.92,normal
2025-05-25T10:00:00,M-104,53.77,2.15,230.59,normal
2025-05-25T11:00:00,M-104,55.13,2.3,231.93,normal
2025-05-25T12:00:00,M-104,54.06,2.26,232.46,normal
2025-05-25T13:00:00,M-104,53.44,2.22,228.72,normal
2025-05-25T14:00:00,M-104,56.51,2.29,230.61,normal
2025-05-25T15:00:00,M-104,56.11,2.09,229.74,normal
2025-05-25T16:00:00,M-104,53.53,2.2,227.98,normal
2025-05-25T17:00:00,M-104,55.31,2.17,228.81,normal
2025-05-25T18:00:00,M-104,55.63,2.11,230.61,normal
2025-05-25T19:00:00,M-104,54.34,2.03,231.09,normal
2025-05-25T20:00:00,M-104,53.89,2.13,230.23,normal
2025-05-25T21:00:00,M-104,54.59,2.29,229.81,normal
2025-05-25T22:00:00,M-104,56.32,2.31,230.1,normal
2025-05-25T23:00:00,M-104,53.79,2.05,226.06,normal
2025-05-26T00:00:00,M-104,55.11,2.26,230.0,normal
2025-05-26T01:00:00,M-104,54.92,2.34,229.46,normal
2025-05-26T02:00:00,M-104,54.74,2.01,231.12,normal
2025-05-26T03:00:00,M-104,58.06,2.18,229.71,normal
2025-05-26T04:00:00,M-104,55.49,2.21,229.25,normal
2025-05-26T05:00:00,M-104,54.6,2.32,230.3,normal
2025-05-26T06:00:00,M-104,54.85,2.06,230.13,normal
2025-05-26T07:00:00,M-104,52.45,2.3,229.04,normal
2025-05-26T08:00:00,M-104,56.34,1.93,231.77,normal
2025-05-26T09:00:00,M-104,53.45,2.15,230.8,normal
2025-05-26T10:00:00,M-104,54.78,2.35,229.18,normal
2025-05-26T11:00:00,M-104,56.09,2.33,232.61,normal
2025-05-26T12:00:00,M-104,56.51,2.36,229.3,normal
2025-05-26T13:00:00,M-104,53.44,2.36,231.81,normal
2025-05-26T14:00:00,M-104,56.01,2.56,229.26,normal
2025-05-26T15:00:00,M-104,54.7,2.11,232.41,normal
2025-05-26T16:00:00,M-104,54.64,2.13,230.23,normal
2025-05-26T17:00:00,M-104,56.45,1.98,228.09,normal
2025-05-26T18:00:00,M-104,55.48,2.57,226.13,normal
2025-05-26T19:00:00,M-104,54.64,2.39,229.9,normal
2025-05-26T20:00:00,M-104,54.32,2.25,230.71,normal
2025-05-26T21:00:00,M-104,54.23,1.9,229.57,normal
2025-05-26T22:00:00,M-104,53.92,2.14,229.1,normal
2025-05-26T23:00:00,M-104,55.6,2.17,229.59,normal
2025-05-27T00:00:00,M-104,52.29,1.72,232.33,normal
2025-05-27T01:00:00,M-104,57.09,2.18,228.36,normal
2025-05-27T02:00:00,M-104,55.09,2.19,230.15,normal
2025-05-27T03:00:00,M-104,54.46,2.19,229.98,normal
2025-05-27T04:00:00,M-104,55.44,2.07,232.49,normal
2025-05-27T05:00:00,M-104,56.53,2.26,231.07,normal
2025-05-27T06:00:00,M-104,55.63,2.2,230.71,normal
2025-05-27T07:00:00,M-104,53.63,2.22,230.27,normal
2025-05-27T08:00:00,M-104,56.81,2.09,230.21,normal
2025-05-27T09:00:00,M-104,55.48,2.25,233.13,normal
2025-05-27T10:00:00,M-104,53.65,2.37,228.29,normal
2025-05-27T11:00:00,M-104,54.84,2.15,230.44,normal
2025-05-27T12:00:00,M-104,56.26,2.17,231.8,normal
2025-05-27T13:00:00,M-104,55.32,2.1,227.41,normal
2025-05-27T14:00:00,M-104,55.68,2.24,228.24,normal
2025-05-27T15:00:00,M-104,56.68,2.04,230.62,normal
2025-05-27T16:00:00,M-104,56.61,2.4,229.56,normal
2025-05-27T17:00:00,M-104,53.97,2.27,229.34,normal
2025-05-27T18:00:00,M-104,55.84,2.38,230.63,normal
2025-05-27T19:00:00,M-104,54.94,2.24,229.42,normal
2025-05-27T20:00:00,M-104,55.07,2.3,231.31,normal
2025-05-27T21:00:00,M-104,55.15,2.25,231.69,normal
2025-05-27T22:00:00,M-104,55.13,2.22,228.94,normal
2025-05-27T23:00:00,M-104,54.58,2.18,227.79,normal
2025-05-28T00:00:00,M-104,55.5,2.24,228.95,normal
2025-05-28T01:00:00,M-104,56.46,2.22,231.97,normal
2025-05-28T02:00:00,M-104,54.02,2.14,231.56,normal
2025-05-28T03:00:00,M-104,55.75,2.44,228.75,normal
2025-05-28T04:00:00,M-104,57.36,2.21,230.53,normal
2025-05-28T05:00:00,M-104,52.64,2.31,230.78,normal
2025-05-28T06:00:00,M-104,54.53,2.12,230.9,normal
2025-05-28T07:00:00,M-104,54.03,2.34,230.08,normal
2025-05-28T08:00:00,M-104,56.11,2.16,229.67,normal
2025-05-28T09:00:00,M-104,56.17,2.18,228.05,normal
2025-05-28T10:00:00,M-104,55.4,2.15,232.06,normal
2025-05-28T11:00:00,M-104,54.9,2.16,228.42,normal
2025-05-28T12:00:00,M-104,55.24,2.5,228.75,normal
2025-05-28T13:00:00,M-104,55.67,2.2,228.88,normal
2025-05-28T14:00:00,M-104,55.98,2.34,231.5,normal
2025-05-28T15:00:00,M-104,55.66,1.92,229.6,normal
2025-05-28T16:00:00,M-104,55.7,2.18,231.58,normal
2025-05-28T17:00:00,M-104,54.23,2.32,231.17,normal
2025-05-28T18:00:00,M-104,54.6,2.36,230.03,normal
2025-05-28T19:00:00,M-104,54.72,2.45,228.73,normal
2025-05-28T20:00:00,M-104,55.05,2.32,229.93,normal
2025-05-28T21:00:00,M-104,53.99,2.1,231.06,normal
2025-05-28T22:00:00,M-104,54.06,2.19,229.38,normal
2025-05-28T23:00:00,M-104,57.0,1.99,231.61,normal
2025-05-29T00:00:00,M-104,56.75,2.17,230.74,normal
2025-05-29T01:00:00,M-104,54.47,2.38,229.2,normal
2025-05-29T02:00:00,M-104,55.03,2.55,230.53,normal
2025-05-29T03:00:00,M-104,52.92,2.27,229.89,normal
2025-05-29T04:00:00,M-104,53.53,2.42,229.14,normal
2025-05-29T05:00:00,M-104,54.73,2.42,229.87,normal
2025-05-29T06:00:00,M-104,56.09,2.2,229.64,normal
2025-05-29T07:00:00,M-104,55.31,2.26,227.45,normal
2025-05-29T08:00:00,M-104,53.13,2.18,229.88,normal
2025-05-29T09:00:00,M-104,55.1,2.23,229.28,normal
2025-05-29T10:00:00,M-104,56.37,2.49,231.93,normal
2025-05-29T11:00:00,M-104,53.8,2.36,231.85,normal
2025-05-29T12:00:00,M-104,52.7,2.11,225.15,normal
2025-05-29T13:00:00,M-104,55.66,2.29,227.95,normal
2025-05-29T14:00:00,M-104,55.92,2.24,229.59,normal
2025-05-29T15:00:00,M-104,55.29,2.19,229.37,normal
2025-05-29T16:00:00,M-104,54.45,1.84,230.57,normal
2025-05-29T17:00:00,M-104,53.97,2.2,229.22,normal
2025-05-29T18:00:00,M-104,54.87,2.25,229.41,normal
2025-05-29T19:00:00,M-104,57.04,2.15,227.5,normal
2025-05-29T20:00:00,M-104,55.48,2.22,231.24,normal
2025-05-29T21:00:00,M-104,54.78,2.46,228.25,normal
2025-05-29T22:00:00,M-104,54.32,2.39,230.69,normal
2025-05-29T23:00:00,M-104,56.17,2.16,229.18,normal
2025-05-30T00:00:00,M-104,54.19,1.9,231.05,normal
2025-05-30T01:00:00,M-104,54.52,2.03,233.51,normal
2025-05-30T02:00:00,M-104,54.44,2.12,232.28,normal
2025-05-30T03:00:00,M-104,54.23,2.14,230.33,normal
2025-05-30T04:00:00,M-104,55.1,2.44,230.38,normal
2025-05-30T05:00:00,M-104,56.81,2.19,229.76,normal
2025-05-30T06:00:00,M-104,56.21,2.21,229.58,normal
2025-05-30T07:00:00,M-104,54.41,2.19,230.93,normal
2025-05-30T08:00:00,M-104,53.87,2.25,229.85,normal
2025-05-30T09:00:00,M-104,56.6,2.16,230.19,normal
2025-05-30T10:00:00,M-104,56.15,2.05,229.83,normal
2025-05-30T11:00:00,M-104,56.63,1.99,225.25,normal
2025-05-30T12:00:00,M-104,55.97,2.13,230.73,normal
2025-05-30T13:00:00,M-104,53.92,2.39,230.69,normal
2025-05-30T14:00:00,M-104,53.94,2.16,230.88,normal
2025-05-30T15:00:00,M-104,56.54,2.01,230.45,normal
2025-05-30T16:00:00,M-104,53.31,2.21,229.6,normal
2025-05-30T17:00:00,M-104,59.12,2.46,230.87,normal
2025-05-30T18:00:00,M-104,53.72,1.97,233.54,normal
2025-05-30T19:00:00,M-104,54.85,2.14,229.67,normal
2025-05-30T20:00:00,M-104,54.16,2.01,232.79,normal
2025-05-30T21:00:00,M-104,56.83,2.08,231.34,normal
2025-05-30T22:00:00,M-104,56.79,2.01,228.62,normal
2025-05-30T23:00:00,M-104,56.0,2.09,230.36,normal
2025-05-31T00:00:00,M-104,54.81,2.19,230.75,normal
2025-05-31T01:00:00,M-104,55.58,2.1,227.31,normal
2025-05-31T02:00:00,M-104,52.79,2.17,234.06,normal
2025-05-31T03:00:00,M-104,53.09,2.18,228.41,normal
2025-05-31T04:00:00,M-104,52.28,1.94,227.88,normal
2025-05-31T05:00:00,M-104,54.76,2.12,230.91,normal
2025-05-31T06:00:00,M-104,55.97,2.13,229.95,normal
2025-05-31T07:00:00,M-104,54.07,2.41,231.18,normal
2025-05-31T08:00:00,M-104,53.14,2.25,230.86,normal
2025-05-31T09:00:00,M-104,56.6,2.22,231.38,normal
2025-05-31T10:00:00,M-104,55.25,2.17,230.92,normal
2025-05-31T11:00:00,M-104,55.42,2.39,226.83,normal
2025-05-31T12:00:00,M-104,54.4,2.27,230.45,normal
2025-05-31T13:00:00,M-104,54.99,2.28,230.26,normal
2025-05-31T14:00:00,M-104,55.77,2.13,226.88,normal
2025-05-31T15:00:00,M-104,56.43,2.14,229.55,normal
2025-05-31T16:00:00,M-104,54.87,2.03,230.38,normal
2025-05-31T17:00:00,M-104,54.34,2.46,229.5,normal
2025-05-31T18:00:00,M-104,56.28,2.24,228.99,normal
2025-05-31T19:00:00,M-104,55.02,2.34,228.08,normal
2025-05-31T20:00:00,M-104,56.55,2.22,228.84,normal
2025-05-31T21:00:00,M-104,55.01,2.14,229.83,normal
2025-05-31T22:00:00,M-104,56.14,2.04,231.43,normal
2025-05-31T23:00:00,M-104,52.09,2.05,227.26,normal
2025-06-01T00:00:00,M-104,53.73,2.12,229.2,normal
2025-06-01T01:00:00,M-104,54.53,2.28,229.02,normal
2025-06-01T02:00:00,M-104,52.46,2.08,231.6,normal
2025-06-01T03:00:00,M-104,54.05,2.16,229.71,normal
2025-06-01T04:00:00,M-104,54.33,2.08,229.56,normal
2025-06-01T05:00:00,M-104,54.71,2.28,230.16,normal
2025-06-01T06:00:00,M-104,55.3,1.94,228.63,normal
2025-06-01T07:00:00,M-104,54.67,2.32,229.77,normal
2025-06-01T08:00:00,M-104,54.31,2.08,229.5,normal
2025-06-01T09:00:00,M-104,55.95,2.49,230.39,normal
2025-06-01T10:00:00,M-104,53.67,2.18,228.02,normal
2025-06-01T11:00:00,M-104,54.45,2.23,231.29,normal
2025-06-01T12:00:00,M-104,55.35,2.06,230.78,normal
2025-06-01T13:00:00,M-104,55.27,2.42,229.2,normal
2025-06-01T14:00:00,M-104,54.42,2.12,232.69,normal
2025-06-01T15:00:00,M-104,54.14,2.37,228.14,normal
2025-06-01T16:00:00,M-104,54.94,2.16,230.94,normal
2025-06-01T17:00:00,M-104,54.66,2.23,228.34,normal
2025-06-01T18:00:00,M-104,54.27,2.48,230.0,normal
2025-06-01T19:00:00,M-104,56.42,2.14,228.2,normal
2025-06-01T20:00:00,M-104,53.68,2.19,231.75,normal
2025-06-01T21:00:00,M-104,54.64,2.43,230.22,normal
2025-06-01T22:00:00,M-104,56.31,2.16,231.28,normal
2025-06-01T23:00:00,M-104,54.0,2.14,230.59,normal
2025-06-02T00:00:00,M-104,55.86,2.1,231.24,normal
2025-06-02T01:00:00,M-104,55.36,2.04,230.97,normal
2025-06-02T02:00:00,M-104,56.75,2.07,229.2,normal
2025-06-02T03:00:00,M-104,53.74,2.29,227.36,normal
2025-06-02T04:00:00,M-104,54.19,2.32,227.86,normal
2025-06-02T05:00:00,M-104,54.28,2.03,229.02,normal
2025-06-02T06:00:00,M-104,54.56,2.09,231.57,normal
2025-06-02T07:00:00,M-104,55.85,2.04,229.85,normal
2025-06-02T08:00:00,M-104,57.06,2.39,232.3,normal
2025-06-02T09:00:00,M-104,53.8,2.16,227.73,normal
2025-06-02T10:00:00,M-104,56.82,2.05,229.55,normal
2025-06-02T11:00:00,M-104,54.72,2.25,229.75,normal
2025-06-02T12:00:00,M-104,54.83,2.31,230.46,normal
2025-06-02T13:00:00,M-104,55.39,2.17,229.41,normal
2025-06-02T14:00:00,M-104,55.47,2.09,230.84,normal
2025-06-02T15:00:00,M-104,55.02,2.36,229.77,normal
2025-06-02T16:00:00,M-104,54.85,2.02,228.14,normal
2025-06-02T17:00:00,M-104,54.82,2.12,230.79,normal
2025-06-02T18:00:00,M-104,53.68,2.19,229.74,normal
2025-06-02T19:00:00,M-104,57.04,2.07,229.88,normal
2025-06-02T20:00:00,M-104,53.09,2.25,229.43,normal
2025-06-02T21:00:00,M-104,54.48,2.28,227.28,normal
2025-06-02T22:00:00,M-104,54.31,2.15,230.17,normal
2025-06-02T23:00:00,M-104,56.97,2.03,230.62,normal
2025-06-03T00:00:00,M-104,55.39,2.22,229.54,normal
2025-06-03T01:00:00,M-104,54.83,2.22,230.41,normal
2025-06-03T02:00:00,M-104,56.1,2.27,232.56,normal
2025-06-03T03:00:00,M-104,54.17,2.23,227.97,normal
2025-06-03T04:00:00,M-104,55.51,2.3,227.05,normal
2025-06-03T05:00:00,M-104,54.58,2.45,231.34,normal
2025-06-03T06:00:00,M-104,53.91,2.15,230.04,normal
2025-06-03T07:00:00,M-104,54.43,2.17,230.04,normal
2025-06-03T08:00:00,M-104,54.7,2.33,227.09,normal
2025-06-03T09:00:00,M-104,55.66,2.3,229.3,normal
2025-06-03T10:00:00,M-104,55.5,2.09,229.91,normal
2025-06-03T11:00:00,M-104,53.56,2.28,231.25,normal
2025-06-03T12:00:00,M-104,56.72,2.23,228.36,normal
2025-06-03T13:00:00,M-104,54.16,2.14,230.22,normal
2025-06-03T14:00:00,M-104,54.33,2.16,230.44,normal
2025-06-03T15:00:00,M-104,53.26,1.93,229.44,normal
2025-06-03T16:00:00,M-104,56.35,1.93,230.42,normal
2025-06-03T17:00:00,M-104,53.97,2.29,231.91,normal
2025-06-03T18:00:00,M-104,54.76,2.0,230.37,normal
2025-06-03T19:00:00,M-104,55.57,2.33,227.38,normal
2025-06-03T20:00:00,M-104,54.88,1.97,227.1,normal
2025-06-03T21:00:00,M-104,54.62,2.42,230.41,normal
2025-06-03T22:00:00,M-104,53.84,1.98,229.33,normal
2025-06-03T23:00:00,M-104,54.73,2.16,228.89,normal
2025-06-04T00:00:00,M-104,55.37,2.28,229.1,normal
2025-06-04T01:00:00,M-104,55.52,2.05,231.17,normal
2025-06-04T02:00:00,M-104,54.07,2.35,230.73,normal
2025-06-04T03:00:00,M-104,53.68,2.32,228.62,normal
2025-06-04T04:00:00,M-104,54.72,2.11,229.51,normal
2025-06-04T05:00:00,M-104,56.22,2.2,228.31,normal
2025-06-04T06:00:00,M-104,56.21,1.93,230.34,normal
2025-06-04T07:00:00,M-104,55.19,2.39,230.01,normal
2025-06-04T08:00:00,M-104,54.71,2.31,230.33,normal
2025-06-04T09:00:00,M-104,55.36,2.18,227.69,normal
2025-06-04T10:00:00,M-104,56.17,2.32,230.0,normal
2025-06-04T11:00:00,M-104,53.83,2.4,231.73,normal
2025-06-04T12:00:00,M-104,54.73,2.06,228.34,normal
2025-06-04T13:00:00,M-104,54.8,2.16,226.97,normal
2025-06-04T14:00:00,M-104,53.87,2.07,229.79,normal
2025-06-04T15:00:00,M-104,56.0,2.33,228.09,normal
2025-06-04T16:00:00,M-104,55.26,2.01,230.47,normal
2025-06-04T17:00:00,M-104,53.62,2.26,227.66,normal
2025-06-04T18:00:00,M-104,55.48,2.48,229.68,normal
2025-06-04T19:00:00,M-104,56.27,2.18,229.64,normal
2025-06-04T20:00:00,M-104,53.42,1.98,228.38,normal
2025-06-04T21:00:00,M-104,56.65,2.26,229.54,normal
2025-06-04T22:00:00,M-104,54.62,2.11,229.85,normal
2025-06-04T23:00:00,M-104,55.86,2.11,230.07,normal
2025-06-05T00:00:00,M-104,52.97,2.07,229.14,normal
2025-06-05T01:00:00,M-104,55.9,2.41,228.93,normal
2025-06-05T02:00:00,M-104,55.15,2.59,231.95,normal
2025-06-05T03:00:00,M-104,55.48,2.34,229.18,normal
2025-06-05T04:00:00,M-104,55.85,1.97,230.29,normal
2025-06-05T05:00:00,M-104,53.46,2.12,226.54,normal
2025-06-05T06:00:00,M-104,55.18,2.43,231.62,normal
2025-06-05T07:00:00,M-104,55.67,2.4,229.12,normal
2025-06-05T08:00:00,M-104,55.19,2.19,226.42,normal
2025-06-05T09:00:00,M-104,55.62,2.38,229.57,normal
2025-06-05T10:00:00,M-104,54.01,2.33,229.95,normal
2025-06-05T11:00:00,M-104,53.64,2.39,230.23,normal
2025-06-05T12:00:00,M-104,53.72,2.22,231.18,normal
2025-06-05T13:00:00,M-104,57.0,2.54,228.27,normal
2025-06-05T14:00:00,M-104,55.43,2.28,232.38,normal
2025-06-05T15:00:00,M-104,55.07,2.34,230.86,normal
2025-06-05T16:00:00,M-104,55.07,2.24,228.33,normal
2025-06-05T17:00:00,M-104,53.74,2.18,228.92,normal
2025-06-05T18:00:00,M-104,54.54,2.09,227.43,normal
2025-06-05T19:00:00,M-104,54.06,2.41,230.97,normal
2025-06-05T20:00:00,M-104,55.02,2.44,229.66,normal
2025-06-05T21:00:00,M-104,55.37,2.14,228.29,normal
2025-06-05T22:00:00,M-104,54.25,2.12,225.75,normal
2025-06-05T23:00:00,M-104,54.54,2.04,230.75,normal
2025-06-06T00:00:00,M-104,56.51,2.05,230.2,normal
2025-06-06T01:00:00,M-104,56.68,2.36,232.32,normal
2025-06-06T02:00:00,M-104,55.24,1.94,229.59,normal
2025-06-06T03:00:00,M-104,53.89,2.11,230.18,normal
2025-06-06T04:00:00,M-104,55.48,2.17,229.45,normal
2025-06-06T05:00:00,M-104,55.82,2.14,228.88,normal
2025-06-06T06:00:00,M-104,55.13,2.26,230.88,normal
2025-06-06T07:00:00,M-104,58.55,2.47,232.13,normal
2025-06-06T08:00:00,M-104,55.49,2.06,232.48,normal
2025-06-06T09:00:00,M-104,53.93,2.33,233.86,normal
2025-06-06T10:00:00,M-104,54.42,2.4,230.7,normal
2025-06-06T11:00:00,M-104,56.81,2.13,232.47,normal
2025-06-06T12:00:00,M-104,55.67,2.17,230.95,normal
2025-06-06T13:00:00,M-104,53.76,2.47,230.69,normal
2025-06-06T14:00:00,M-104,54.72,2.22,229.73,normal
2025-06-06T15:00:00,M-104,53.26,2.06,229.63,normal
2025-06-06T16:00:00,M-104,53.89,2.39,228.89,normal
2025-06-06T17:00:00,M-104,52.85,2.18,232.59,normal
2025-06-06T18:00:00,M-104,55.0,2.27,231.03,normal
2025-06-06T19:00:00,M-104,54.35,2.09,226.71,normal
2025-06-06T20:00:00,M-104,55.98,2.14,230.33,normal
2025-06-06T21:00:00,M-104,55.06,2.27,228.8,normal
2025-06-06T22:00:00,M-104,55.67,2.46,226.81,normal
2025-06-06T23:00:00,M-104,54.96,2.11,229.3,normal
2025-06-07T00:00:00,M-104,55.11,2.19,229.33,normal
2025-06-07T01:00:00,M-104,54.22,2.25,231.21,normal
2025-06-07T02:00:00,M-104,54.08,2.12,230.57,normal
2025-06-07T03:00:00,M-104,53.95,2.24,231.35,normal
2025-06-07T04:00:00,M-104,56.09,2.14,231.58,normal
2025-06-07T05:00:00,M-104,52.47,2.18,230.92,normal
2025-06-07T06:00:00,M-104,55.45,2.33,229.17,normal
2025-06-07T07:00:00,M-104,56.11,2.38,230.78,normal
2025-06-07T08:00:00,M-104,52.66,2.05,230.05,normal
2025-06-07T09:00:00,M-104,55.21,2.26,230.38,normal
2025-06-07T10:00:00,M-104,57.54,2.29,230.61,normal
2025-06-07T11:00:00,M-104,54.62,2.29,230.28,normal
2025-06-07T12:00:00,M-104,58.16,2.49,228.29,normal
2025-06-07T13:00:00,M-104,54.25,1.95,229.74,normal
2025-06-07T14:00:00,M-104,55.63,2.19,231.51,normal
2025-06-07T15:00:00,M-104,53.59,2.55,230.24,normal
2025-06-07T16:00:00,M-104,54.42,2.09,230.91,normal
2025-06-07T17:00:00,M-104,54.34,2.54,229.46,normal
2025-06-07T18:00:00,M-104,55.98,2.22,229.59,normal
2025-06-07T19:00:00,M-104,56.69,2.24,228.2,normal
2025-06-07T20:00:00,M-104,55.13,2.07,228.91,normal
2025-06-07T21:00:00,M-104,55.91,2.09,230.16,normal
2025-06-07T22:00:00,M-104,52.95,1.99,229.65,normal
2025-06-07T23:00:00,M-104,54.1,2.14,231.01,normal
2025-06-08T00:00:00,M-104,52.18,2.48,228.37,normal
2025-06-08T01:00:00,M-104,56.15,2.36,230.2,normal
2025-06-08T02:00:00,M-104,54.37,2.19,229.69,normal
2025-06-08T03:00:00,M-104,54.19,2.16,228.78,normal
2025-06-08T04:00:00,M-104,54.06,2.31,229.37,normal
2025-06-08T05:00:00,M-104,54.39,2.22,230.79,normal
2025-06-08T06:00:00,M-104,53.98,2.31,231.09,normal
2025-06-08T07:00:00,M-104,55.81,2.52,226.98,normal
2025-06-08T08:00:00,M-104,52.94,2.1,230.21,normal
2025-06-08T09:00:00,M-104,55.0,2.18,232.38,normal
2025-06-08T10:00:00,M-104,54.18,2.21,230.87,normal
2025-06-08T11:00:00,M-104,55.24,2.22,230.71,normal
2025-06-08T12:00:00,M-104,55.98,2.27,229.81,normal
2025-06-08T13:00:00,M-104,53.19,2.24,227.58,normal
2025-06-08T14:00:00,M-104,54.59,2.23,229.21,normal
2025-06-08T15:00:00,M-104,55.38,2.23,228.38,normal
2025-06-08T16:00:00,M-104,53.58,2.47,230.14,normal
2025-06-08T17:00:00,M-104,57.46,2.48,230.35,normal
2025-06-08T18:00:00,M-104,54.59,2.17,229.42,normal
2025-06-08T19:00:00,M-104,55.01,2.2,228.82,normal
2025-06-08T20:00:00,M-104,56.63,2.01,228.43,normal
2025-06-08T21:00:00,M-104,55.62,2.01,227.73,normal
2025-06-08T22:00:00,M-104,53.83,2.09,230.19,normal
2025-06-08T23:00:00,M-104,55.83,1.81,230.15,normal
2025-06-09T00:00:00,M-104,55.65,2.21,226.86,normal
2025-06-09T01:00:00,M-104,55.79,2.02,227.72,normal
2025-06-09T02:00:00,M-104,54.47,2.31,228.82,normal
2025-06-09T03:00:00,M-104,54.58,1.87,229.84,normal
2025-06-09T04:00:00,M-104,54.07,2.22,229.52,normal
2025-06-09T05:00:00,M-104,56.16,2.2,228.03,normal
2025-06-09T06:00:00,M-104,55.53,1.94,229.35,normal
2025-06-09T07:00:00,M-104,55.97,2.41,230.86,normal
2025-06-09T08:00:00,M-104,52.79,2.43,230.75,normal
2025-06-09T09:00:00,M-104,56.86,2.23,230.94,normal
2025-06-09T10:00:00,M-104,55.27,2.28,230.68,normal
2025-06-09T11:00:00,M-104,54.59,2.1,232.11,normal
2025-06-09T12:00:00,M-104,56.36,2.11,228.99,normal
2025-06-09T13:00:00,M-104,55.61,2.26,230.5,normal
2025-06-09T14:00:00,M-104,53.52,2.32,228.84,normal
2025-06-09T15:00:00,M-104,55.14,2.1,231.17,normal
2025-06-09T16:00:00,M-104,55.1,2.06,230.45,normal
2025-06-09T17:00:00,M-104,54.43,2.18,228.75,normal
2025-06-09T18:00:00,M-104,54.55,2.2,228.19,normal
2025-06-09T19:00:00,M-104,54.22,2.09,231.47,normal
2025-06-09T20:00:00,M-104,54.32,2.13,229.03,normal
2025-06-09T21:00:00,M-104,54.15,2.47,228.0,normal
2025-06-09T22:00:00,M-104,55.78,2.13,229.23,normal
2025-06-09T23:00:00,M-104,54.21,2.24,229.84,normal
2025-06-10T00:00:00,M-104,56.18,2.24,230.08,normal
2025-06-10T01:00:00,M-104,51.52,2.11,230.87,normal
2025-06-10T02:00:00,M-104,55.36,2.44,231.67,normal
2025-06-10T03:00:00,M-104,53.18,2.12,229.84,normal
2025-06-10T04:00:00,M-104,54.41,1.91,232.93,normal
2025-06-10T05:00:00,M-104,56.07,1.93,229.0,normal
2025-06-10T06:00:00,M-104,54.72,2.28,229.6,normal
2025-06-10T07:00:00,M-104,55.86,2.33,230.17,normal
2025-06-10T08:00:00,M-104,57.68,2.37,230.98,normal
2025-06-10T09:00:00,M-104,55.94,2.05,230.43,normal
2025-06-10T10:00:00,M-104,53.86,2.26,230.02,normal
2025-06-10T11:00:00,M-104,55.19,2.04,228.46,normal
2025-06-10T12:00:00,M-104,54.15,2.15,228.37,normal
2025-06-10T13:00:00,M-104,53.25,2.04,232.54,normal
2025-06-10T14:00:00,M-104,55.2,1.98,231.59,normal
2025-06-10T15:00:00,M-104,58.51,2.26,230.81,normal
2025-06-10T16:00:00,M-104,55.99,2.22,228.13,normal
2025-06-10T17:00:00,M-104,55.09,2.33,229.66,normal
2025-06-10T18:00:00,M-104,54.53,2.27,228.76,normal
2025-06-10T19:00:00,M-104,55.5,2.52,229.5,normal
2025-06-10T20:00:00,M-104,55.2,2.33,231.7,normal
2025-06-10T21:00:00,M-104,55.09,2.15,230.04,normal
2025-06-10T22:00:00,M-104,56.11,2.3,233.29,normal
2025-06-10T23:00:00,M-104,55.95,2.27,228.17,normal
2025-06-11T00:00:00,M-104,52.91,2.2,228.64,normal
2025-06-11T01:00:00,M-104,55.78,2.4,229.81,normal
2025-06-11T02:00:00,M-104,53.86,2.05,229.99,normal
2025-06-11T03:00:00,M-104,54.91,2.22,230.01,normal
2025-06-11T04:00:00,M-104,55.26,2.25,230.91,normal
2025-06-11T05:00:00,M-104,54.89,2.38,233.03,normal
2025-06-11T06:00:00,M-104,55.08,2.11,231.76,normal
2025-06-11T07:00:00,M-104,55.75,2.18,228.78,normal
2025-06-11T08:00:00,M-104,55.15,2.35,228.35,normal
2025-06-11T09:00:00,M-104,55.08,2.32,230.74,normal
2025-06-11T10:00:00,M-104,53.67,2.27,231.11,normal
2025-06-11T11:00:00,M-104,53.62,1.94,232.9,normal
2025-06-11T12:00:00,M-104,55.6,2.25,230.64,normal
2025-06-11T13:00:00,M-104,54.44,2.07,226.96,normal
2025-06-11T14:00:00,M-104,55.67,2.03,228.89,normal
2025-06-11T15:00:00,M-104,57.85,2.32,230.31,normal
2025-06-11T16:00:00,M-104,54.79,2.26,228.5,normal
2025-06-11T17:00:00,M-104,53.41,2.15,231.75,normal
2025-06-11T18:00:00,M-104,56.14,2.23,230.12,normal
2025-06-11T19:00:00,M-104,53.57,2.32,230.73,normal
2025-06-11T20:00:00,M-104,54.02,2.47,233.13,normal
2025-06-11T21:00:00,M-104,52.9,2.09,231.26,normal
2025-06-11T22:00:00,M-104,54.79,2.17,228.28,normal
2025-06-11T23:00:00,M-104,56.32,2.12,231.33,normal
2025-06-12T00:00:00,M-104,54.25,2.31,230.12,normal
2025-06-12T01:00:00,M-104,56.14,2.3,229.1,normal
2025-06-12T02:00:00,M-104,53.7,2.03,230.23,normal
2025-06-12T03:00:00,M-104,55.98,2.24,229.14,normal
2025-06-12T04:00:00,M-104,54.65,2.4,228.52,normal
2025-06-12T05:00:00,M-104,54.68,2.33,227.68,normal
2025-06-12T06:00:00,M-104,55.67,2.31,230.04,normal
2025-06-12T07:00:00,M-104,53.1,2.11,231.6,normal
2025-06-12T08:00:00,M-104,53.2,2.12,228.75,normal
2025-06-12T09:00:00,M-104,53.39,1.98,228.81,normal
2025-06-12T10:00:00,M-104,54.28,2.25,230.48,normal
2025-06-12T11:00:00,M-104,55.1,2.07,230.56,normal
2025-06-12T12:00:00,M-104,54.75,2.44,229.5,normal
2025-06-12T13:00:00,M-104,53.93,2.17,231.36,normal
2025-06-12T14:00:00,M-104,52.98,2.42,228.56,normal
2025-06-12T15:00:00,M-104,54.84,2.14,230.38,normal
2025-06-12T16:00:00,M-104,53.62,2.19,231.39,normal
2025-06-12T17:00:00,M-104,54.34,2.19,231.85,normal
2025-06-12T18:00:00,M-104,52.9,2.15,230.91,normal
2025-06-12T19:00:00,M-104,54.71,2.18,229.15,normal
2025-06-12T20:00:00,M-104,55.9,2.18,229.48,normal
2025-06-12T21:00:00,M-104,53.78,2.29,231.56,normal
2025-06-12T22:00:00,M-104,54.33,1.97,228.77,normal
2025-06-12T23:00:00,M-104,57.0,2.38,233.33,normal
2025-06-13T00:00:00,M-104,54.81,1.94,229.85,normal
2025-06-13T01:00:00,M-104,55.44,2.14,229.15,normal
2025-06-13T02:00:00,M-104,54.37,2.13,233.08,normal
2025-06-13T03:00:00,M-104,55.76,2.19,229.26,normal
2025-06-13T04:00:00,M-104,56.76,2.31,230.92,normal
2025-06-13T05:00:00,M-104,54.45,2.24,229.88,normal
2025-06-13T06:00:00,M-104,53.43,2.19,229.41,normal
2025-06-13T07:00:00,M-104,55.75,2.33,228.63,normal
2025-06-13T08:00:00,M-104,54.47,2.33,232.97,normal
2025-06-13T09:00:00,M-104,53.55,2.36,229.0,normal
2025-06-13T10:00:00,M-104,55.17,2.39,229.57,normal
2025-06-13T11:00:00,M-104,54.11,2.0,230.7,normal
2025-06-13T12:00:00,M-104,54.11,2.32,228.85,normal
2025-06-13T13:00:00,M-104,54.19,2.19,228.96,normal
2025-06-13T14:00:00,M-104,53.79,2.08,230.74,normal
2025-06-13T15:00:00,M-104,56.88,2.36,231.25,normal
2025-06-13T16:00:00,M-104,54.53,2.13,230.44,normal
2025-06-13T17:00:00,M-104,55.35,2.02,230.27,normal
2025-06-13T18:00:00,M-104,54.41,2.21,229.14,normal
2025-06-13T19:00:00,M-104,53.34,2.06,227.49,normal
2025-06-13T20:00:00,M-104,54.45,2.12,228.56,normal
2025-06-13T21:00:00,M-104,55.34,2.0,228.85,normal
2025-06-13T22:00:00,M-104,52.66,2.23,231.01,normal
2025-06-13T23:00:00,M-104,54.83,2.21,230.29,normal
2025-06-14T00:00:00,M-104,55.17,2.28,232.32,normal
2025-06-14T01:00:00,M-104,56.27,2.36,230.55,normal
2025-06-14T02:00:00,M-104,55.55,2.39,229.13,normal
2025-06-14T03:00:00,M-104,55.89,1.96,231.71,normal
2025-06-14T04:00:00,M-104,54.18,2.19,230.29,normal
2025-06-14T05:00:00,M-104,55.78,2.5,232.52,normal
2025-06-14T06:00:00,M-104,55.1,2.09,227.27,normal
2025-06-14T07:00:00,M-104,53.7,2.19,230.79,normal
2025-06-14T08:00:00,M-104,52.52,2.26,227.82,normal
2025-06-14T09:00:00,M-104,56.13,2.5,231.08,normal
2025-06-14T10:00:00,M-104,54.33,2.17,230.57,normal
2025-06-14T11:00:00,M-104,56.17,2.25,228.33,normal
2025-06-14T12:00:00,M-104,58.23,2.25,229.97,normal
2025-06-14T13:00:00,M-104,57.15,2.23,231.38,normal
2025-06-14T14:00:00,M-104,56.22,2.3,230.3,normal
2025-06-14T15:00:00,M-104,55.61,2.54,231.38,normal
2025-06-14T16:00:00,M-104,54.92,2.09,230.17,normal
2025-06-14T17:00:00,M-104,55.03,2.13,227.39,normal
2025-06-14T18:00:00,M-104,54.27,2.46,230.68,normal
2025-06-14T19:00:00,M-104,55.12,2.05,229.63,normal
2025-06-14T20:00:00,M-104,53.13,2.12,231.45,normal
2025-06-14T21:00:00,M-104,53.58,2.03,228.46,normal
2025-06-14T22:00:00,M-104,52.25,1.88,228.34,normal
2025-06-14T23:00:00,M-104,53.04,2.21,228.61,normal
2025-06-15T00:00:00,M-104,55.16,2.19,230.05,normal
2025-06-15T01:00:00,M-104,54.53,2.23,230.68,normal
2025-06-15T02:00:00,M-104,55.97,2.17,228.55,normal
2025-06-15T03:00:00,M-104,55.81,2.22,232.81,normal
2025-06-15T04:00:00,M-104,53.85,1.85,230.96,normal
2025-06-15T05:00:00,M-104,56.15,2.07,230.64,normal
2025-06-15T06:00:00,M-104,57.01,2.02,230.47,normal
2025-06-15T07:00:00,M-104,55.93,2.35,230.36,normal
2025-06-15T08:00:00,M-104,54.37,2.66,228.92,normal
2025-06-15T09:00:00,M-104,56.67,2.23,231.33,normal
2025-06-15T10:00:00,M-104,54.8,2.29,230.41,normal
2025-06-15T11:00:00,M-104,55.74,2.12,229.6,normal
2025-06-15T12:00:00,M-104,55.06,2.17,228.46,normal
2025-06-15T13:00:00,M-104,55.61,2.1,229.02,normal
2025-06-15T14:00:00,M-104,53.97,2.28,230.23,normal
2025-06-15T15:00:00,M-104,56.06,2.23,227.49,normal
2025-06-15T16:00:00,M-104,55.14,2.35,229.47,normal
2025-06-15T17:00:00,M-104,54.35,2.1,231.77,normal
2025-06-15T18:00:00,M-104,54.06,2.12,228.48,normal
2025-06-15T19:00:00,M-104,54.71,2.44,229.12,normal
2025-06-15T20:00:00,M-104,53.71,2.0,231.46,normal
2025-06-15T21:00:00,M-104,57.21,2.09,231.7,normal
2025-06-15T22:00:00,M-104,55.66,2.02,229.9,normal
2025-06-15T23:00:00,M-104,53.73,2.26,232.01,normal
2025-06-16T00:00:00,M-104,54.42,2.31,225.78,normal
2025-06-16T01:00:00,M-104,54.14,2.27,232.05,normal
2025-06-16T02:00:00,M-104,53.41,2.27,228.46,normal
2025-06-16T03:00:00,M-104,54.96,2.29,231.12,normal
2025-06-16T04:00:00,M-104,54.87,2.08,229.99,normal
2025-06-16T05:00:00,M-104,55.52,2.14,229.49,normal
2025-06-16T06:00:00,M-104,52.83,2.19,233.26,normal
2025-06-16T07:00:00,M-104,55.83,2.22,228.8,normal
2025-06-16T08:00:00,M-104,57.48,2.14,228.69,normal
2025-06-16T09:00:00,M-104,54.87,2.21,229.9,normal
2025-06-16T10:00:00,M-104,53.77,2.03,229.57,normal
2025-06-16T11:00:00,M-104,54.85,2.25,227.46,normal
2025-06-16T12:00:00,M-104,55.6,2.35,229.93,normal
2025-06-16T13:00:00,M-104,52.07,2.22,230.15,normal
2025-06-16T14:00:00,M-104,55.8,2.28,229.68,normal
2025-06-16T15:00:00,M-104,56.36,2.03,229.01,normal
2025-06-16T16:00:00,M-104,54.76,2.3,225.15,normal
2025-06-16T17:00:00,M-104,56.7,2.2,229.07,normal
2025-06-16T18:00:00,M-104,55.98,2.18,230.93,normal
2025-06-16T19:00:00,M-104,56.32,2.61,231.74,normal
2025-06-16T20:00:00,M-104,56.32,2.02,228.58,normal
2025-06-16T21:00:00,M-104,56.53,2.18,229.56,normal
2025-06-16T22:00:00,M-104,55.61,2.23,230.06,normal
2025-06-16T23:00:00,M-104,55.71,2.02,229.68,normal
2025-06-17T00:00:00,M-104,56.09,2.29,231.8,normal
2025-06-17T01:00:00,M-104,54.33,2.26,228.07,normal
2025-06-17T02:00:00,M-104,57.6,2.14,227.28,normal
2025-06-17T03:00:00,M-104,53.98,2.27,231.44,normal
2025-06-17T04:00:00,M-104,57.35,2.33,229.27,normal
2025-06-17T05:00:00,M-104,57.05,2.01,232.15,normal
2025-06-17T06:00:00,M-104,53.02,2.37,228.47,normal
2025-06-17T07:00:00,M-104,54.2,2.39,230.32,normal
2025-06-17T08:00:00,M-104,55.24,2.33,229.16,normal
2025-06-17T09:00:00,M-104,54.44,1.98,231.56,normal
2025-06-17T10:00:00,M-104,55.36,2.08,227.96,normal
2025-06-17T11:00:00,M-104,54.35,2.37,228.02,normal
2025-06-17T12:00:00,M-104,55.22,2.02,229.8,normal
2025-06-17T13:00:00,M-104,54.67,2.15,227.84,normal
2025-06-17T14:00:00,M-104,56.42,2.11,228.38,normal
2025-06-17T15:00:00,M-104,54.5,2.16,230.12,normal
2025-06-17T16:00:00,M-104,52.77,2.16,229.63,normal
2025-06-17T17:00:00,M-104,54.84,2.4,227.56,normal
2025-06-17T18:00:00,M-104,55.54,2.24,231.18,normal
2025-06-17T19:00:00,M-104,53.61,2.37,232.42,normal
2025-06-17T20:00:00,M-104,54.76,2.43,228.04,normal
2025-06-17T21:00:00,M-104,54.73,2.24,228.75,normal
2025-06-17T22:00:00,M-104,52.9,2.06,231.24,normal
2025-06-17T23:00:00,M-104,53.67,2.17,227.61,normal
2025-06-18T00:00:00,M-104,56.15,2.13,230.9,normal
2025-06-18T01:00:00,M-104,55.29,2.19,228.65,normal
2025-06-18T02:00:00,M-104,55.73,2.3,230.03,normal
2025-06-18T03:00:00,M-104,54.13,2.0,231.91,normal
2025-06-18T04:00:00,M-104,56.21,1.87,227.42,normal
2025-06-18T05:00:00,M-104,54.99,2.19,230.71,normal
2025-06-18T06:00:00,M-104,55.4,2.01,231.19,normal
2025-06-18T07:00:00,M-104,57.61,2.35,227.7,normal
2025-06-18T08:00:00,M-104,55.86,2.13,230.4,normal
2025-06-18T09:00:00,M-104,54.57,2.17,230.34,normal
2025-06-18T10:00:00,M-104,53.86,2.25,230.4,normal
2025-06-18T11:00:00,M-104,55.85,2.16,230.35,normal
2025-06-18T12:00:00,M-104,54.05,2.13,230.04,normal
2025-06-18T13:00:00,M-104,55.96,2.06,226.77,normal
2025-06-18T14:00:00,M-104,55.51,2.49,227.51,normal
2025-06-18T15:00:00,M-104,55.37,2.0,229.1,normal
2025-06-18T16:00:00,M-104,54.9,2.02,230.68,normal
2025-06-18T17:00:00,M-104,56.28,2.45,231.36,normal
2025-06-18T18:00:00,M-104,56.43,2.04,229.22,normal
2025-06-18T19:00:00,M-104,56.5,2.25,229.77,normal
2025-06-18T20:00:00,M-104,54.98,2.15,230.72,normal
2025-06-18T21:00:00,M-104,54.0,2.24,230.15,normal
2025-06-18T22:00:00,M-104,56.39,2.06,231.29,normal
2025-06-18T23:00:00,M-104,56.44,2.05,229.28,normal
2025-06-19T00:00:00,M-104,54.51,2.3,230.02,normal
2025-06-19T01:00:00,M-104,55.28,2.3,227.42,normal
2025-06-19T02:00:00,M-104,55.01,2.04,230.18,normal
2025-06-19T03:00:00,M-104,55.93,2.27,227.68,normal
2025-06-19T04:00:00,M-104,55.44,2.38,231.09,normal
2025-06-19T05:00:00,M-104,55.55,2.16,231.62,normal
2025-06-19T06:00:00,M-104,55.34,2.08,230.9,normal
2025-06-19T07:00:00,M-104,53.97,2.43,228.52,normal
2025-06-19T08:00:00,M-104,56.32,1.97,232.28,normal
2025-06-19T09:00:00,M-104,55.89,2.19,230.26,normal
2025-06-19T10:00:00,M-104,55.12,2.18,230.97,normal
2025-06-19T11:00:00,M-104,54.43,2.16,232.58,normal
2025-06-19T12:00:00,M-104,54.1,2.51,229.05,normal
2025-06-19T13:00:00,M-104,54.81,2.13,229.59,normal
2025-06-19T14:00:00,M-104,55.04,1.92,226.26,normal
2025-06-19T15:00:00,M-104,57.1,1.93,229.82,normal
2025-06-19T16:00:00,M-104,52.77,2.24,229.34,normal
2025-06-19T17:00:00,M-104,54.99,2.39,230.22,normal
2025-06-19T18:00:00,M-104,55.2,2.41,229.72,normal
2025-06-19T19:00:00,M-104,56.8,2.36,231.41,normal
2025-06-19T20:00:00,M-104,56.17,2.45,229.62,normal
2025-06-19T21:00:00,M-104,54.61,2.51,227.77,normal
2025-06-19T22:00:00,M-104,56.17,2.02,228.97,normal
2025-06-19T23:00:00,M-104,56.25,2.28,229.72,normal
2025-06-20T00:00:00,M-104,56.38,2.36,229.46,normal
2025-06-20T01:00:00,M-104,55.03,2.17,230.01,normal
2025-06-20T02:00:00,M-104,53.31,2.28,229.33,normal
2025-06-20T03:00:00,M-104,55.36,2.34,230.7,normal
2025-06-20T04:00:00,M-104,55.16,2.12,232.24,normal
2025-06-20T05:00:00,M-104,55.29,2.15,228.32,normal
2025-06-20T06:00:00,M-104,58.01,2.12,229.75,normal
2025-06-20T07:00:00,M-104,55.96,1.98,231.1,normal
2025-06-20T08:00:00,M-104,56.4,1.72,232.71,normal
2025-06-20T09:00:00,M-104,55.03,2.02,231.45,normal
2025-06-20T10:00:00,M-104,56.12,2.21,229.89,normal
2025-06-20T11:00:00,M-104,53.71,1.93,229.89,normal
2025-06-20T12:00:00,M-104,54.53,2.06,228.74,normal
2025-06-20T13:00:00,M-104,54.92,2.19,231.22,normal
2025-06-20T14:00:00,M-104,56.75,1.99,229.49,normal
2025-06-20T15:00:00,M-104,53.46,2.21,232.12,normal
2025-06-20T16:00:00,M-104,56.46,2.24,231.14,normal
2025-06-20T17:00:00,M-104,54.37,2.39,233.04,normal
2025-06-20T18:00:00,M-104,53.47,2.26,228.98,normal
2025-06-20T19:00:00,M-104,55.47,2.49,232.58,normal
2025-06-20T20:00:00,M-104,54.05,1.93,231.15,normal
2025-06-20T21:00:00,M-104,54.99,2.17,229.23,normal
2025-06-20T22:00:00,M-104,55.18,2.27,230.26,normal
2025-06-20T23:00:00,M-104,54.83,1.86,231.26,normal
2025-06-21T00:00:00,M-104,55.43,2.44,229.9,normal
2025-06-21T01:00:00,M-104,54.46,2.09,228.88,normal
2025-06-21T02:00:00,M-104,53.28,2.18,232.75,normal
2025-06-21T03:00:00,M-104,52.64,2.01,229.23,normal
2025-06-21T04:00:00,M-104,55.31,2.3,230.4,normal
2025-06-21T05:00:00,M-104,52.49,2.39,232.66,normal
2025-06-21T06:00:00,M-104,57.4,2.28,234.07,normal
2025-06-21T07:00:00,M-104,55.34,2.26,229.92,normal
2025-06-21T08:00:00,M-104,55.42,2.1,231.98,normal
2025-06-21T09:00:00,M-104,56.66,2.31,229.97,normal
2025-06-21T10:00:00,M-104,57.21,2.09,228.91,normal
2025-06-21T11:00:00,M-104,54.72,2.2,229.28,normal
2025-06-21T12:00:00,M-104,56.61,2.24,230.45,normal
2025-06-21T13:00:00,M-104,55.26,2.37,230.77,normal
2025-06-21T14:00:00,M-104,55.08,2.35,231.21,normal
2025-06-21T15:00:00,M-104,55.93,2.12,230.76,normal
2025-06-21T16:00:00,M-104,52.05,2.45,229.67,normal
2025-06-21T17:00:00,M-104,54.29,2.34,230.98,normal
2025-06-21T18:00:00,M-104,56.53,2.25,229.01,normal
2025-06-21T19:00:00,M-104,52.91,2.12,230.8,normal
2025-06-21T20:00:00,M-104,54.91,2.06,226.46,normal
2025-06-21T21:00:00,M-104,52.7,2.32,227.15,normal
2025-06-21T22:00:00,M-104,54.95,2.07,229.08,normal
2025-06-21T23:00:00,M-104,52.43,2.17,228.86,normal
2025-06-22T00:00:00,M-104,54.18,2.16,228.87,normal
2025-06-22T01:00:00,M-104,54.93,2.06,230.14,normal
2025-06-22T02:00:00,M-104,55.65,1.89,227.82,normal
2025-06-22T03:00:00,M-104,54.87,2.0,228.27,normal
2025-06-22T04:00:00,M-104,56.98,2.28,229.31,normal
2025-06-22T05:00:00,M-104,55.13,2.36,232.19,normal
2025-06-22T06:00:00,M-104,54.56,2.11,228.15,normal
2025-06-22T07:00:00,M-104,52.76,2.46,231.65,normal
2025-06-22T08:00:00,M-104,56.37,2.4,230.24,normal
2025-06-22T09:00:00,M-104,55.29,2.09,230.51,normal
2025-06-22T10:00:00,M-104,53.68,2.18,231.5,normal
2025-06-22T11:00:00,M-104,56.26,2.27,230.84,normal
2025-06-22T12:00:00,M-104,57.48,2.28,230.0,normal
2025-06-22T13:00:00,M-104,55.31,2.29,228.66,normal
2025-06-22T14:00:00,M-104,58.53,2.09,228.94,normal
2025-06-22T15:00:00,M-104,54.71,2.3,229.78,normal
2025-06-22T16:00:00,M-104,56.38,2.29,228.38,normal
2025-06-22T17:00:00,M-104,55.92,2.11,230.54,normal
2025-06-22T18:00:00,M-104,54.9,2.33,230.68,normal
2025-06-22T19:00:00,M-104,53.05,2.3,227.72,normal
2025-06-22T20:00:00,M-104,53.65,2.35,229.6,normal
2025-06-22T21:00:00,M-104,55.68,2.28,229.38,normal
2025-06-22T22:00:00,M-104,56.06,2.31,229.0,normal
2025-06-22T23:00:00,M-104,55.27,2.05,229.09,normal
2025-06-23T00:00:00,M-104,55.11,2.28,228.33,normal
2025-06-23T01:00:00,M-104,54.69,2.17,230.93,normal
2025-06-23T02:00:00,M-104,53.31,2.15,231.12,normal
2025-06-23T03:00:00,M-104,56.46,1.96,228.36,normal
2025-06-23T04:00:00,M-104,57.95,2.27,228.03,normal
2025-06-23T05:00:00,M-104,54.75,2.33,228.7,normal
2025-06-23T06:00:00,M-104,57.31,2.0,230.45,normal
2025-06-23T07:00:00,M-104,57.19,2.38,229.2,normal
2025-06-23T08:00:00,M-104,55.94,2.36,231.32,normal
2025-06-23T09:00:00,M-104,54.97,2.04,231.66,normal
2025-06-23T10:00:00,M-104,53.75,1.93,231.91,normal
2025-06-23T11:00:00,M-104,55.11,2.12,231.82,normal
2025-06-23T12:00:00,M-104,56.25,2.14,230.28,normal
2025-06-23T13:00:00,M-104,54.6,2.19,228.94,normal
2025-06-23T14:00:00,M-104,52.62,1.92,230.81,normal
2025-06-23T15:00:00,M-104,54.02,2.05,232.09,normal
2025-06-23T16:00:00,M-104,54.38,2.12,229.89,normal
2025-06-23T17:00:00,M-104,57.05,2.17,230.08,normal
2025-06-23T18:00:00,M-104,51.44,1.95,227.9,normal
2025-06-23T19:00:00,M-104,54.75,2.23,230.55,normal
2025-06-23T20:00:00,M-104,55.37,2.19,226.86,normal
2025-06-23T21:00:00,M-104,55.3,2.29,228.99,normal
2025-06-23T22:00:00,M-104,54.65,2.41,228.08,normal
2025-06-23T23:00:00,M-104,54.33,2.44,230.59,normal
2025-06-24T00:00:00,M-104,54.52,2.37,230.78,normal
2025-06-24T01:00:00,M-104,55.93,2.17,230.2,normal
2025-06-24T02:00:00,M-104,53.92,2.19,229.95,normal
2025-06-24T03:00:00,M-104,57.15,2.21,229.41,normal
2025-06-24T04:00:00,M-104,55.65,2.25,228.97,normal
2025-06-24T05:00:00,M-104,55.05,2.08,229.61,normal
2025-06-24T06:00:00,M-104,53.92,2.18,231.24,normal
2025-06-24T07:00:00,M-104,56.05,2.16,229.99,normal
2025-06-24T08:00:00,M-104,53.17,2.27,229.5,normal
2025-06-24T09:00:00,M-104,55.9,2.17,231.1,normal
2025-06-24T10:00:00,M-104,55.53,2.06,229.12,normal
2025-06-24T11:00:00,M-104,56.0,1.99,231.07,normal
2025-06-24T12:00:00,M-104,54.92,2.09,226.36,normal
2025-06-24T13:00:00,M-104,54.98,2.29,225.95,normal
2025-06-24T14:00:00,M-104,55.25,2.21,230.66,normal
2025-06-24T15:00:00,M-104,52.88,2.13,227.8,normal
2025-06-24T16:00:00,M-104,54.43,2.11,228.92,normal
2025-06-24T17:00:00,M-104,53.09,2.41,229.53,normal
2025-06-24T18:00:00,M-104,55.36,2.39,229.3,normal
2025-06-24T19:00:00,M-104,56.04,2.17,229.4,normal
2025-06-24T20:00:00,M-104,55.47,2.42,228.28,normal
2025-06-24T21:00:00,M-104,54.56,2.18,229.4,normal
2025-06-24T22:00:00,M-104,55.65,2.21,230.47,normal
2025-06-24T23:00:00,M-104,54.79,2.19,230.13,normal
2025-06-25T00:00:00,M-104,54.16,1.99,229.85,normal
2025-06-25T01:00:00,M-104,56.02,2.06,230.24,normal
2025-06-25T02:00:00,M-104,56.37,2.01,229.29,normal
2025-06-25T03:00:00,M-104,52.52,2.36,228.8,normal
2025-06-25T04:00:00,M-104,53.21,2.17,229.37,normal
2025-06-25T05:00:00,M-104,53.65,2.41,228.78,normal
2025-06-25T06:00:00,M-104,55.41,2.28,229.45,normal
2025-06-25T07:00:00,M-104,52.76,2.24,231.73,normal
2025-06-25T08:00:00,M-104,54.5,2.59,232.04,normal
2025-06-25T09:00:00,M-104,53.6,2.11,231.9,normal
2025-06-25T10:00:00,M-104,54.69,2.41,228.86,normal
2025-06-25T11:00:00,M-104,54.35,2.2,233.4,normal
2025-06-25T12:00:00,M-104,56.01,2.38,230.13,normal
2025-06-25T13:00:00,M-104,55.5,2.23,230.93,normal
2025-06-25T14:00:00,M-104,57.42,2.29,230.09,normal
2025-06-25T15:00:00,M-104,57.08,2.26,229.05,normal
2025-06-25T16:00:00,M-104,55.78,2.17,231.74,normal
2025-06-25T17:00:00,M-104,55.6,1.87,230.03,normal
2025-06-25T18:00:00,M-104,54.02,2.25,229.61,normal
2025-06-25T19:00:00,M-104,56.52,2.42,227.85,normal
2025-06-25T20:00:00,M-104,55.16,2.31,228.57,normal
2025-06-25T21:00:00,M-104,54.06,2.05,229.47,normal
2025-06-25T22:00:00,M-104,53.51,2.28,230.23,normal
2025-06-25T23:00:00,M-104,56.38,2.37,229.74,normal
2025-06-26T00:00:00,M-104,54.95,2.19,228.88,normal
2025-06-26T01:00:00,M-104,55.77,2.15,229.85,normal
2025-06-26T02:00:00,M-104,53.68,2.09,229.48,normal
2025-06-26T03:00:00,M-104,53.84,2.27,231.96,normal
2025-06-26T04:00:00,M-104,55.8,2.13,230.55,normal
2025-06-26T05:00:00,M-104,54.9,2.05,231.63,normal
2025-06-26T06:00:00,M-104,55.56,2.16,231.6,normal
2025-06-26T07:00:00,M-104,55.71,2.38,232.05,normal
2025-06-26T08:00:00,M-104,54.15,2.26,228.53,normal
2025-06-26T09:00:00,M-104,52.18,2.43,230.08,normal
2025-06-26T10:00:00,M-104,55.79,2.13,229.2,normal
2025-06-26T11:00:00,M-104,56.46,2.51,230.53,normal
2025-06-26T12:00:00,M-104,55.7,2.06,230.32,normal
2025-06-26T13:00:00,M-104,54.39,2.11,228.53,normal
2025-06-26T14:00:00,M-104,54.48,2.24,229.61,normal
2025-06-26T15:00:00,M-104,56.87,1.94,230.58,normal
2025-06-26T16:00:00,M-104,53.83,2.36,230.19,normal
2025-06-26T17:00:00,M-104,54.89,2.36,228.7,normal
2025-06-26T18:00:00,M-104,54.84,2.14,232.23,normal
2025-06-26T19:00:00,M-104,55.16,2.29,228.81,normal
2025-06-26T20:00:00,M-104,55.27,2.3,231.68,normal
2025-06-26T21:00:00,M-104,56.87,2.24,230.15,normal
2025-06-26T22:00:00,M-104,55.48,2.17,232.34,normal
2025-06-26T23:00:00,M-104,54.24,2.14,232.08,normal
2025-06-27T00:00:00,M-104,54.93,2.22,232.15,normal
2025-06-27T01:00:00,M-104,55.95,2.5,229.57,normal
2025-06-27T02:00:00,M-104,53.05,2.24,230.7,normal
2025-06-27T03:00:00,M-104,54.66,2.37,228.55,normal
2025-06-27T04:00:00,M-104,54.93,1.88,230.04,normal
2025-06-27T05:00:00,M-104,52.8,2.29,229.69,normal
2025-06-27T06:00:00,M-104,55.67,2.1,228.98,normal
2025-06-27T07:00:00,M-104,55.26,1.94,228.97,normal
2025-06-27T08:00:00,M-104,54.19,2.18,230.73,normal
2025-06-27T09:00:00,M-104,55.35,2.34,231.72,normal
2025-06-27T10:00:00,M-104,56.46,2.04,225.96,normal
2025-06-27T11:00:00,M-104,54.76,2.35,230.43,normal
2025-06-27T12:00:00,M-104,54.33,2.2,228.83,normal
2025-06-27T13:00:00,M-104,54.45,2.18,227.93,normal
2025-06-27T14:00:00,M-104,54.86,2.04,228.6,normal
2025-06-27T15:00:00,M-104,55.08,2.33,232.3,normal
2025-06-27T16:00:00,M-104,56.2,2.18,230.75,normal
2025-06-27T17:00:00,M-104,54.73,2.13,229.34,normal
2025-06-27T18:00:00,M-104,55.59,2.28,228.16,normal
2025-06-27T19:00:00,M-104,52.86,2.29,231.58,normal
2025-06-27T20:00:00,M-104,55.36,2.32,232.01,normal
2025-06-27T21:00:00,M-104,54.19,2.35,230.63,normal
2025-06-27T22:00:00,M-104,53.72,1.93,228.07,normal
2025-06-27T23:00:00,M-104,55.94,2.38,229.51,normal
2025-06-28T00:00:00,M-104,54.16,2.36,229.45,normal
2025-06-28T01:00:00,M-104,52.49,2.23,228.68,normal
2025-06-28T02:00:00,M-104,55.08,2.4,228.36,normal
2025-06-28T03:00:00,M-104,54.87,2.19,231.94,normal
2025-06-28T04:00:00,M-104,56.77,2.19,230.9,normal
2025-06-28T05:00:00,M-104,55.88,2.04,229.6,normal
2025-06-28T06:00:00,M-104,53.7,2.11,228.91,normal
2025-06-28T07:00:00,M-104,51.75,2.17,231.64,normal
2025-06-28T08:00:00,M-104,55.38,2.25,228.21,normal
2025-06-28T09:00:00,M-104,55.2,2.22,231.53,normal
2025-06-28T10:00:00,M-104,54.76,2.35,229.81,normal
2025-06-28T11:00:00,M-104,55.6,2.2,231.44,normal
2025-06-28T12:00:00,M-104,56.57,2.47,230.46,normal
2025-06-28T13:00:00,M-104,54.93,1.97,226.71,normal
2025-06-28T14:00:00,M-104,55.1,2.18,227.7,normal
2025-06-28T15:00:00,M-104,53.02,2.18,231.85,normal
2025-06-28T16:00:00,M-104,55.79,2.06,229.48,normal
2025-06-28T17:00:00,M-104,56.36,2.16,232.45,normal
2025-06-28T18:00:00,M-104,52.9,2.27,232.47,normal
2025-06-28T19:00:00,M-104,54.79,2.42,230.64,normal
2025-06-28T20:00:00,M-104,52.54,2.02,231.02,normal
2025-06-28T21:00:00,M-104,54.59,2.27,228.09,normal
2025-06-28T22:00:00,M-104,56.15,2.55,228.74,normal
2025-06-28T23:00:00,M-104,55.42,2.41,230.06,normal
2025-06-29T00:00:00,M-104,55.07,2.12,228.64,normal
2025-06-29T01:00:00,M-104,53.87,2.13,231.53,normal
2025-06-29T02:00:00,M-104,55.64,2.33,227.9,normal
2025-06-29T03:00:00,M-104,55.33,2.41,228.3,normal
2025-06-29T04:00:00,M-104,54.86,2.04,228.9,normal
2025-06-29T05:00:00,M-104,54.85,2.12,227.83,normal
2025-06-29T06:00:00,M-104,57.11,2.18,229.94,normal
2025-06-29T07:00:00,M-104,56.55,1.92,229.8,normal
2025-06-29T08:00:00,M-104,55.07,1.88,230.93,normal
2025-06-29T09:00:00,M-104,55.84,2.09,229.5,normal
2025-06-29T10:00:00,M-104,56.55,2.14,229.76,normal
2025-06-29T11:00:00,M-104,55.09,2.02,230.0,normal
2025-06-29T12:00:00,M-104,55.87,2.4,229.14,normal
2025-06-29T13:00:00,M-104,57.84,2.03,230.23,normal
2025-06-29T14:00:00,M-104,54.95,2.14,231.12,normal
2025-06-29T15:00:00,M-104,55.79,2.04,228.88,normal
2025-06-29T16:00:00,M-104,55.98,2.2,230.27,normal
2025-06-29T17:00:00,M-104,56.12,2.28,230.84,normal
2025-06-29T18:00:00,M-104,54.97,2.16,230.1,normal
2025-06-29T19:00:00,M-104,56.78,2.15,232.31,normal
2025-06-29T20:00:00,M-104,53.86,2.31,228.95,normal
2025-06-29T21:00:00,M-104,54.82,2.26,229.5,normal
2025-06-29T22:00:00,M-104,53.56,2.26,227.57,normal
2025-06-29T23:00:00,M-104,55.18,2.35,231.78,normal
2025-04-01T00:00:00,M-105,55.65,2.35,230.44,normal
2025-04-01T01:00:00,M-105,55.86,2.31,230.93,normal
2025-04-01T02:00:00,M-105,57.32,2.16,229.17,normal
2025-04-01T03:00:00,M-105,55.63,2.13,231.23,normal
2025-04-01T04:00:00,M-105,54.19,2.2,231.85,normal
2025-04-01T05:00:00,M-105,52.99,2.06,231.41,normal
2025-04-01T06:00:00,M-105,54.31,2.39,229.53,normal
2025-04-01T07:00:00,M-105,55.4,2.03,231.01,normal
2025-04-01T08:00:00,M-105,55.38,2.3,232.89,normal
2025-04-01T09:00:00,M-105,56.2,2.47,228.04,normal
2025-04-01T10:00:00,M-105,55.53,2.17,230.27,normal
2025-04-01T11:00:00,M-105,56.63,2.11,230.46,normal
2025-04-01T12:00:00,M-105,54.21,2.6,227.89,normal
2025-04-01T13:00:00,M-105,54.22,2.22,232.39,normal
2025-04-01T14:00:00,M-105,56.8,1.9,229.24,normal
2025-04-01T15:00:00,M-105,52.98,2.12,230.14,normal
2025-04-01T16:00:00,M-105,55.89,2.47,231.45,normal
2025-04-01T17:00:00,M-105,53.21,2.23,231.53,normal
2025-04-01T18:00:00,M-105,55.69,2.15,230.02,normal
2025-04-01T19:00:00,M-105,55.98,1.96,230.09,normal
2025-04-01T20:00:00,M-105,55.39,2.12,228.14,normal
2025-04-01T21:00:00,M-105,54.93,2.3,231.55,normal
2025-04-01T22:00:00,M-105,55.31,2.44,231.08,normal
2025-04-01T23:00:00,M-105,55.01,1.95,231.84,normal
2025-04-02T00:00:00,M-105,53.99,2.21,228.23,normal
2025-04-02T01:00:00,M-105,55.61,2.44,229.59,normal
2025-04-02T02:00:00,M-105,52.76,2.22,228.6,normal
2025-04-02T03:00:00,M-105,54.35,2.14,228.65,normal
2025-04-02T04:00:00,M-105,56.19,2.29,227.66,normal
2025-04-02T05:00:00,M-105,54.18,2.09,228.79,normal
2025-04-02T06:00:00,M-105,56.83,2.19,232.36,normal
2025-04-02T07:00:00,M-105,53.92,2.43,229.3,normal
2025-04-02T08:00:00,M-105,53.72,2.28,229.65,normal
2025-04-02T09:00:00,M-105,55.65,1.86,227.84,normal
2025-04-02T10:00:00,M-105,54.85,2.15,230.46,normal
2025-04-02T11:00:00,M-105,53.99,2.11,230.25,normal
2025-04-02T12:00:00,M-105,55.01,2.11,232.16,normal
2025-04-02T13:00:00,M-105,54.88,2.29,229.32,normal
2025-04-02T14:00:00,M-105,55.0,2.24,231.07,normal
2025-04-02T15:00:00,M-105,54.31,2.33,228.45,normal
2025-04-02T16:00:00,M-105,54.4,2.36,229.41,normal
2025-04-02T17:00:00,M-105,54.02,2.23,229.0,normal
2025-04-02T18:00:00,M-105,53.66,2.06,228.73,normal
2025-04-02T19:00:00,M-105,54.79,2.26,228.77,normal
2025-04-02T20:00:00,M-105,52.88,2.12,228.86,normal
2025-04-02T21:00:00,M-105,55.02,2.27,231.32,normal
2025-04-02T22:00:00,M-105,57.02,2.22,229.02,normal
2025-04-02T23:00:00,M-105,51.77,1.94,227.52,normal
2025-04-03T00:00:00,M-105,54.69,2.18,229.29,normal
2025-04-03T01:00:00,M-105,56.55,2.14,229.21,normal
2025-04-03T02:00:00,M-105,54.99,2.42,231.69,normal
2025-04-03T03:00:00,M-105,55.62,2.45,228.33,normal
2025-04-03T04:00:00,M-105,53.54,2.21,228.7,normal
2025-04-03T05:00:00,M-105,53.04,2.06,229.06,normal
2025-04-03T06:00:00,M-105,55.63,2.35,230.12,normal
2025-04-03T07:00:00,M-105,55.71,2.19,228.76,normal
2025-04-03T08:00:00,M-105,54.08,2.21,228.26,normal
2025-04-03T09:00:00,M-105,56.02,2.0,229.26,normal
2025-04-03T10:00:00,M-105,56.25,2.34,227.74,normal
2025-04-03T11:00:00,M-105,54.98,2.25,232.26,normal
2025-04-03T12:00:00,M-105,55.97,2.22,231.28,normal
2025-04-03T13:00:00,M-105,55.25,2.21,229.06,normal
2025-04-03T14:00:00,M-105,54.52,2.1,231.07,normal
2025-04-03T15:00:00,M-105,55.15,2.22,230.86,normal
2025-04-03T16:00:00,M-105,55.85,2.32,228.63,normal
2025-04-03T17:00:00,M-105,54.97,2.28,231.81,normal
2025-04-03T18:00:00,M-105,55.35,2.16,231.71,normal
2025-04-03T19:00:00,M-105,54.95,2.05,229.39,normal
2025-04-03T20:00:00,M-105,55.54,2.17,230.29,normal
2025-04-03T21:00:00,M-105,55.35,2.27,231.21,normal
2025-04-03T22:00:00,M-105,55.65,2.05,229.74,normal
2025-04-03T23:00:00,M-105,56.33,1.95,229.83,normal
2025-04-04T00:00:00,M-105,53.86,2.02,228.63,normal
2025-04-04T01:00:00,M-105,52.74,2.13,230.56,normal
2025-04-04T02:00:00,M-105,56.23,2.01,230.42,normal
2025-04-04T03:00:00,M-105,54.73,1.96,229.71,normal
2025-04-04T04:00:00,M-105,54.6,2.26,229.75,normal
2025-04-04T05:00:00,M-105,54.98,2.17,229.9,normal
2025-04-04T06:00:00,M-105,56.43,2.4,229.42,normal
2025-04-04T07:00:00,M-105,53.08,2.33,229.16,normal
2025-04-04T08:00:00,M-105,54.63,2.3,230.08,normal
2025-04-04T09:00:00,M-105,54.44,2.17,228.77,normal
2025-04-04T10:00:00,M-105,54.67,2.24,230.78,normal
2025-04-04T11:00:00,M-105,52.97,2.08,232.14,normal
2025-04-04T12:00:00,M-105,56.8,2.23,228.47,normal
2025-04-04T13:00:00,M-105,55.19,2.21,230.23,normal
2025-04-04T14:00:00,M-105,57.66,2.36,232.68,normal
2025-04-04T15:00:00,M-105,55.36,1.99,228.05,normal
2025-04-04T16:00:00,M-105,53.78,2.02,230.34,normal
2025-04-04T17:00:00,M-105,56.45,2.34,232.16,normal
2025-04-04T18:00:00,M-105,56.98,2.54,230.31,normal
2025-04-04T19:00:00,M-105,55.92,2.22,230.28,normal
2025-04-04T20:00:00,M-105,56.28,1.94,231.22,normal
2025-04-04T21:00:00,M-105,55.2,2.26,227.58,normal
2025-04-04T22:00:00,M-105,55.68,2.46,231.84,normal
2025-04-04T23:00:00,M-105,56.18,2.02,228.02,normal
2025-04-05T00:00:00,M-105,56.03,2.3,230.86,normal
2025-04-05T01:00:00,M-105,55.4,1.98,227.65,normal
2025-04-05T02:00:00,M-105,54.21,2.11,229.95,normal
2025-04-05T03:00:00,M-105,55.95,2.24,230.09,normal
2025-04-05T04:00:00,M-105,52.23,2.15,231.42,normal
2025-04-05T05:00:00,M-105,55.2,2.14,232.0,normal
2025-04-05T06:00:00,M-105,54.78,2.36,231.91,normal
2025-04-05T07:00:00,M-105,55.35,2.2,229.09,normal
2025-04-05T08:00:00,M-105,55.79,2.24,229.34,normal
2025-04-05T09:00:00,M-105,55.44,2.22,228.84,normal
2025-04-05T10:00:00,M-105,53.77,1.93,230.54,normal
2025-04-05T11:00:00,M-105,55.9,2.03,229.92,normal
2025-04-05T12:00:00,M-105,54.77,2.17,231.02,normal
2025-04-05T13:00:00,M-105,56.48,2.43,231.95,normal
2025-04-05T14:00:00,M-105,56.71,2.21,230.09,normal
2025-04-05T15:00:00,M-105,56.75,2.17,228.57,normal
2025-04-05T16:00:00,M-105,54.29,2.36,228.55,normal
2025-04-05T17:00:00,M-105,54.87,2.42,228.03,normal
2025-04-05T18:00:00,M-105,54.76,2.28,229.25,normal
2025-04-05T19:00:00,M-105,52.58,2.06,229.78,normal
2025-04-05T20:00:00,M-105,53.18,2.05,230.29,normal
2025-04-05T21:00:00,M-105,56.18,2.44,229.17,normal
2025-04-05T22:00:00,M-105,53.05,2.07,230.08,normal
2025-04-05T23:00:00,M-105,56.36,2.19,229.01,normal
2025-04-06T00:00:00,M-105,53.25,2.2,231.03,normal
2025-04-06T01:00:00,M-105,55.75,2.0,228.69,normal
2025-04-06T02:00:00,M-105,53.86,2.26,227.83,normal
2025-04-06T03:00:00,M-105,54.3,2.02,229.86,normal
2025-04-06T04:00:00,M-105,55.23,2.15,229.62,normal
2025-04-06T05:00:00,M-105,54.08,2.24,227.39,normal
2025-04-06T06:00:00,M-105,55.43,2.12,228.02,normal
2025-04-06T07:00:00,M-105,54.13,2.09,230.39,normal
2025-04-06T08:00:00,M-105,56.66,2.24,231.14,normal
2025-04-06T09:00:00,M-105,56.53,2.52,230.99,normal
2025-04-06T10:00:00,M-105,54.0,1.99,227.83,normal
2025-04-06T11:00:00,M-105,56.51,2.21,231.95,normal
2025-04-06T12:00:00,M-105,56.59,2.08,228.7,normal
2025-04-06T13:00:00,M-105,53.69,1.95,230.64,normal
2025-04-06T14:00:00,M-105,53.45,2.31,228.55,normal
2025-04-06T15:00:00,M-105,55.19,1.99,230.62,normal
2025-04-06T16:00:00,M-105,55.62,2.42,231.04,normal
2025-04-06T17:00:00,M-105,56.15,2.11,229.71,normal
2025-04-06T18:00:00,M-105,56.07,2.0,230.32,normal
2025-04-06T19:00:00,M-105,54.67,2.33,230.86,normal
2025-04-06T20:00:00,M-105,55.9,2.0,229.43,normal
2025-04-06T21:00:00,M-105,54.8,2.42,229.04,normal
2025-04-06T22:00:00,M-105,54.86,2.29,229.4,normal
2025-04-06T23:00:00,M-105,52.73,2.19,227.52,normal
2025-04-07T00:00:00,M-105,55.2,2.09,230.46,normal
2025-04-07T01:00:00,M-105,55.77,2.24,230.38,normal
2025-04-07T02:00:00,M-105,55.25,2.32,231.49,normal
2025-04-07T03:00:00,M-105,56.43,2.31,228.55,normal
2025-04-07T04:00:00,M-105,56.39,2.19,229.05,normal
2025-04-07T05:00:00,M-105,55.1,2.43,229.27,normal
2025-04-07T06:00:00,M-105,55.92,2.4,229.83,normal
2025-04-07T07:00:00,M-105,54.18,2.22,230.06,normal
2025-04-07T08:00:00,M-105,54.52,2.28,229.82,normal
2025-04-07T09:00:00,M-105,56.32,2.17,227.24,normal
2025-04-07T10:00:00,M-105,56.93,2.04,230.96,normal
2025-04-07T11:00:00,M-105,56.34,2.05,229.36,normal
2025-04-07T12:00:00,M-105,54.27,2.45,229.66,normal
2025-04-07T13:00:00,M-105,53.51,2.06,230.22,normal
2025-04-07T14:00:00,M-105,55.4,2.08,229.61,normal
2025-04-07T15:00:00,M-105,53.36,2.36,232.84,normal
2025-04-07T16:00:00,M-105,55.8,2.25,230.58,normal
2025-04-07T17:00:00,M-105,54.68,2.16,229.63,normal
2025-04-07T18:00:00,M-105,54.53,2.3,230.13,normal
2025-04-07T19:00:00,M-105,51.89,2.18,229.53,normal
2025-04-07T20:00:00,M-105,53.75,2.1,229.53,normal
2025-04-07T21:00:00,M-105,55.93,2.07,228.95,normal
2025-04-07T22:00:00,M-105,54.92,2.2,231.46,normal
2025-04-07T23:00:00,M-105,54.74,2.35,233.83,normal
2025-04-08T00:00:00,M-105,56.16,2.22,229.5,normal
2025-04-08T01:00:00,M-105,53.11,2.31,229.47,normal
2025-04-08T02:00:00,M-105,55.02,2.2,229.69,normal
2025-04-08T03:00:00,M-105,56.28,2.23,228.63,normal
2025-04-08T04:00:00,M-105,54.41,2.17,230.89,normal
2025-04-08T05:00:00,M-105,54.79,2.2,228.6,normal
2025-04-08T06:00:00,M-105,52.98,2.15,230.21,normal
2025-04-08T07:00:00,M-105,52.81,2.17,229.11,normal
2025-04-08T08:00:00,M-105,55.67,2.22,232.41,normal
2025-04-08T09:00:00,M-105,53.64,2.19,230.5,normal
2025-04-08T10:00:00,M-105,57.67,2.23,227.14,normal
2025-04-08T11:00:00,M-105,54.38,2.26,226.42,normal
2025-04-08T12:00:00,M-105,54.14,2.37,228.61,normal
2025-04-08T13:00:00,M-105,55.15,2.29,229.75,normal
2025-04-08T14:00:00,M-105,56.6,2.07,228.58,normal
2025-04-08T15:00:00,M-105,56.86,2.21,228.4,normal
2025-04-08T16:00:00,M-105,54.47,2.28,232.47,normal
2025-04-08T17:00:00,M-105,54.66,2.26,229.43,normal
2025-04-08T18:00:00,M-105,54.27,2.34,226.65,normal
2025-04-08T19:00:00,M-105,54.71,2.27,229.25,normal
2025-04-08T20:00:00,M-105,56.01,2.2,231.83,normal
2025-04-08T21:00:00,M-105,55.79,2.34,231.39,normal
2025-04-08T22:00:00,M-105,56.45,2.01,228.87,normal
2025-04-08T23:00:00,M-105,55.18,2.14,230.13,normal
2025-04-09T00:00:00,M-105,56.47,2.1,229.23,normal
2025-04-09T01:00:00,M-105,53.89,2.08,229.74,normal
2025-04-09T02:00:00,M-105,53.89,2.33,229.78,normal
2025-04-09T03:00:00,M-105,54.25,2.22,230.33,normal
2025-04-09T04:00:00,M-105,54.12,2.27,229.3,normal
2025-04-09T05:00:00,M-105,55.42,2.15,229.49,normal
2025-04-09T06:00:00,M-105,53.87,2.36,229.13,normal
2025-04-09T07:00:00,M-105,56.34,2.16,228.48,normal
2025-04-09T08:00:00,M-105,54.68,2.15,228.77,normal
2025-04-09T09:00:00,M-105,53.39,2.36,231.34,normal
2025-04-09T10:00:00,M-105,55.32,1.9,231.09,normal
2025-04-09T11:00:00,M-105,54.84,2.12,229.15,normal
2025-04-09T12:00:00,M-105,54.46,2.2,230.72,normal
2025-04-09T13:00:00,M-105,54.71,2.12,232.36,normal
2025-04-09T14:00:00,M-105,55.13,2.3,230.32,normal
2025-04-09T15:00:00,M-105,56.37,2.31,228.59,normal
2025-04-09T16:00:00,M-105,56.67,2.23,230.44,normal
2025-04-09T17:00:00,M-105,56.88,2.31,229.86,normal
2025-04-09T18:00:00,M-105,54.54,2.33,227.66,normal
2025-04-09T19:00:00,M-105,54.06,2.27,230.13,normal
2025-04-09T20:00:00,M-105,53.69,2.17,229.46,normal
2025-04-09T21:00:00,M-105,54.83,2.24,230.53,normal
2025-04-09T22:00:00,M-105,56.76,2.19,229.57,normal
2025-04-09T23:00:00,M-105,55.49,2.14,230.04,normal
2025-04-10T00:00:00,M-105,56.7,2.09,230.17,normal
2025-04-10T01:00:00,M-105,54.56,2.33,232.72,normal
2025-04-10T02:00:00,M-105,56.87,2.14,230.18,normal
2025-04-10T03:00:00,M-105,55.3,2.27,230.5,normal
2025-04-10T04:00:00,M-105,54.52,2.29,226.82,normal
2025-04-10T05:00:00,M-105,56.05,2.17,229.42,normal
2025-04-10T06:00:00,M-105,55.94,2.15,231.23,normal
2025-04-10T07:00:00,M-105,55.13,2.34,230.19,normal
2025-04-10T08:00:00,M-105,54.13,2.35,228.5,normal
2025-04-10T09:00:00,M-105,55.99,2.02,231.2,normal
2025-04-10T10:00:00,M-105,53.0,2.2,228.91,normal
2025-04-10T11:00:00,M-105,55.3,2.19,230.58,normal
2025-04-10T12:00:00,M-105,53.76,2.06,231.68,normal
2025-04-10T13:00:00,M-105,55.96,2.48,230.57,normal
2025-04-10T14:00:00,M-105,56.83,2.13,231.77,normal
2025-04-10T15:00:00,M-105,54.58,2.13,228.61,normal
2025-04-10T16:00:00,M-105,55.08,2.2,230.51,normal
2025-04-10T17:00:00,M-105,55.19,1.99,231.56,normal
2025-04-10T18:00:00,M-105,55.08,2.02,229.06,normal
2025-04-10T19:00:00,M-105,55.19,2.0,230.71,normal
2025-04-10T20:00:00,M-105,55.87,2.23,227.46,normal
2025-04-10T21:00:00,M-105,55.54,2.2,228.23,normal
2025-04-10T22:00:00,M-105,52.07,2.16,231.38,normal
2025-04-10T23:00:00,M-105,55.86,2.57,227.75,normal
2025-04-11T00:00:00,M-105,54.09,2.26,229.45,normal
2025-04-11T01:00:00,M-105,55.32,2.09,231.13,normal
2025-04-11T02:00:00,M-105,56.86,2.36,230.89,normal
2025-04-11T03:00:00,M-105,54.43,2.38,233.0,normal
2025-04-11T04:00:00,M-105,53.36,2.12,233.68,normal
2025-04-11T05:00:00,M-105,52.79,2.07,231.48,normal
2025-04-11T06:00:00,M-105,54.92,2.29,230.96,normal
2025-04-11T07:00:00,M-105,56.72,2.01,232.15,normal
2025-04-11T08:00:00,M-105,54.53,2.48,229.77,normal
2025-04-11T09:00:00,M-105,54.53,2.33,229.23,normal
2025-04-11T10:00:00,M-105,58.1,2.04,227.22,normal
2025-04-11T11:00:00,M-105,56.02,2.22,229.73,normal
2025-04-11T12:00:00,M-105,54.31,2.25,229.78,normal
2025-04-11T13:00:00,M-105,53.65,2.12,229.85,normal
2025-04-11T14:00:00,M-105,54.8,2.37,231.57,normal
2025-04-11T15:00:00,M-105,53.82,2.36,228.17,normal
2025-04-11T16:00:00,M-105,53.26,2.25,228.96,normal
2025-04-11T17:00:00,M-105,54.04,2.16,228.92,normal
2025-04-11T18:00:00,M-105,56.96,2.22,231.67,normal
2025-04-11T19:00:00,M-105,52.73,2.4,229.78,normal
2025-04-11T20:00:00,M-105,55.66,2.17,229.02,normal
2025-04-11T21:00:00,M-105,56.68,2.15,231.12,normal
2025-04-11T22:00:00,M-105,56.26,2.32,231.06,normal
2025-04-11T23:00:00,M-105,55.9,2.02,231.14,normal
2025-04-12T00:00:00,M-105,55.5,2.23,230.41,normal
2025-04-12T01:00:00,M-105,55.39,2.01,228.89,normal
2025-04-12T02:00:00,M-105,54.83,2.17,230.68,normal
2025-04-12T03:00:00,M-105,53.72,2.44,229.29,normal
2025-04-12T04:00:00,M-105,53.41,2.22,228.6,normal
2025-04-12T05:00:00,M-105,55.57,2.37,229.01,normal
2025-04-12T06:00:00,M-105,55.12,2.55,229.28,normal
2025-04-12T07:00:00,M-105,54.98,2.31,229.31,normal
2025-04-12T08:00:00,M-105,54.68,2.16,229.44,normal
2025-04-12T09:00:00,M-105,55.13,2.27,229.95,normal
2025-04-12T10:00:00,M-105,53.8,2.37,228.91,normal
2025-04-12T11:00:00,M-105,52.66,2.36,229.57,normal
2025-04-12T12:00:00,M-105,55.48,2.38,229.95,normal
2025-04-12T13:00:00,M-105,53.09,2.06,230.05,normal
2025-04-12T14:00:00,M-105,56.11,2.2,229.71,normal
2025-04-12T15:00:00,M-105,56.89,1.93,228.47,normal
2025-04-12T16:00:00,M-105,54.4,2.09,229.34,normal
2025-04-12T17:00:00,M-105,55.94,2.12,230.16,normal
2025-04-12T18:00:00,M-105,56.32,2.3,230.4,normal
2025-04-12T19:00:00,M-105,54.43,2.11,226.53,normal
2025-04-12T20:00:00,M-105,53.21,2.0,232.04,normal
2025-04-12T21:00:00,M-105,55.58,2.11,231.07,normal
2025-04-12T22:00:00,M-105,53.77,2.05,229.19,normal
2025-04-12T23:00:00,M-105,54.59,2.2,228.13,normal
2025-04-13T00:00:00,M-105,55.09,2.28,230.76,normal
2025-04-13T01:00:00,M-105,55.55,2.08,230.63,normal
2025-04-13T02:00:00,M-105,54.28,2.39,230.93,normal
2025-04-13T03:00:00,M-105,55.14,2.13,227.81,normal
2025-04-13T04:00:00,M-105,56.63,2.02,231.31,normal
2025-04-13T05:00:00,M-105,54.98,2.08,230.36,normal
2025-04-13T06:00:00,M-105,54.56,2.13,228.66,normal
2025-04-13T07:00:00,M-105,53.52,2.2,231.51,normal
2025-04-13T08:00:00,M-105,54.02,2.21,229.02,normal
2025-04-13T09:00:00,M-105,53.57,2.24,227.57,normal
2025-04-13T10:00:00,M-105,55.47,2.26,230.27,normal
2025-04-13T11:00:00,M-105,53.22,2.43,227.82,normal
2025-04-13T12:00:00,M-105,55.79,2.19,229.2,normal
2025-04-13T13:00:00,M-105,56.42,2.13,228.74,normal
2025-04-13T14:00:00,M-105,56.92,2.18,229.86,normal
2025-04-13T15:00:00,M-105,52.69,2.35,228.95,normal
2025-04-13T16:00:00,M-105,54.29,2.42,230.69,normal
2025-04-13T17:00:00,M-105,55.49,2.51,228.82,normal
2025-04-13T18:00:00,M-105,53.46,2.31,230.95,normal
2025-04-13T19:00:00,M-105,56.99,2.0,231.74,normal
2025-04-13T20:00:00,M-105,55.87,2.27,232.12,normal
2025-04-13T21:00:00,M-105,54.35,2.26,228.47,normal
2025-04-13T22:00:00,M-105,55.14,2.13,229.87,normal
2025-04-13T23:00:00,M-105,54.15,2.25,228.28,normal
2025-04-14T00:00:00,M-105,55.89,2.43,229.19,normal
2025-04-14T01:00:00,M-105,56.51,2.05,233.75,normal
2025-04-14T02:00:00,M-105,54.17,2.2,228.91,normal
2025-04-14T03:00:00,M-105,56.01,2.21,229.28,normal
2025-04-14T04:00:00,M-105,51.85,1.94,227.73,normal
2025-04-14T05:00:00,M-105,52.91,2.08,230.67,normal
2025-04-14T06:00:00,M-105,56.37,1.86,232.3,normal
2025-04-14T07:00:00,M-105,57.21,2.44,228.76,normal
2025-04-14T08:00:00,M-105,54.01,2.16,231.38,normal
2025-04-14T09:00:00,M-105,54.0,2.44,228.45,normal
2025-04-14T10:00:00,M-105,54.49,2.53,229.29,normal
2025-04-14T11:00:00,M-105,53.47,2.24,228.69,normal
2025-04-14T12:00:00,M-105,55.23,2.24,230.49,normal
2025-04-14T13:00:00,M-105,55.93,2.02,228.48,normal
2025-04-14T14:00:00,M-105,54.15,2.22,229.67,normal
2025-04-14T15:00:00,M-105,51.49,2.0,228.93,normal
2025-04-14T16:00:00,M-105,53.99,1.92,230.39,normal
2025-04-14T17:00:00,M-105,53.61,2.17,228.25,normal
2025-04-14T18:00:00,M-105,56.64,2.49,227.42,normal
2025-04-14T19:00:00,M-105,57.03,2.29,231.25,normal
2025-04-14T20:00:00,M-105,55.73,2.16,229.99,normal
2025-04-14T21:00:00,M-105,55.67,2.33,228.61,normal
2025-04-14T22:00:00,M-105,54.78,2.24,224.25,normal
2025-04-14T23:00:00,M-105,54.23,2.43,230.98,normal
2025-04-15T00:00:00,M-105,54.35,2.48,229.52,normal
2025-04-15T01:00:00,M-105,57.57,2.02,227.69,normal
2025-04-15T02:00:00,M-105,53.96,2.48,232.41,normal
2025-04-15T03:00:00,M-105,57.75,2.4,233.28,normal
2025-04-15T04:00:00,M-105,57.57,2.24,229.19,normal
2025-04-15T05:00:00,M-105,55.77,1.97,227.96,normal
2025-04-15T06:00:00,M-105,56.02,2.04,228.05,normal
2025-04-15T07:00:00,M-105,54.27,2.08,228.92,normal
2025-04-15T08:00:00,M-105,53.6,2.21,229.45,normal
2025-04-15T09:00:00,M-105,54.2,2.3,230.33,normal
2025-04-15T10:00:00,M-105,56.64,2.11,228.89,normal
2025-04-15T11:00:00,M-105,52.55,2.15,227.04,normal
2025-04-15T12:00:00,M-105,55.04,2.23,229.48,normal
2025-04-15T13:00:00,M-105,55.83,2.22,228.79,normal
2025-04-15T14:00:00,M-105,54.11,1.99,231.91,normal
2025-04-15T15:00:00,M-105,55.75,2.12,229.41,normal
2025-04-15T16:00:00,M-105,55.27,2.0,230.23,normal
2025-04-15T17:00:00,M-105,55.2,1.93,228.68,normal
2025-04-15T18:00:00,M-105,57.04,2.0,227.87,normal
2025-04-15T19:00:00,M-105,56.12,2.24,233.07,normal
2025-04-15T20:00:00,M-105,53.0,2.41,229.62,normal
2025-04-15T21:00:00,M-105,55.45,2.11,230.98,normal
2025-04-15T22:00:00,M-105,55.49,2.2,230.02,normal
2025-04-15T23:00:00,M-105,55.1,2.16,230.48,normal
2025-04-16T00:00:00,M-105,52.74,2.29,230.7,normal
2025-04-16T01:00:00,M-105,55.03,2.45,230.87,normal
2025-04-16T02:00:00,M-105,55.11,2.17,232.7,normal
2025-04-16T03:00:00,M-105,54.75,2.0,228.38,normal
2025-04-16T04:00:00,M-105,54.95,2.25,229.53,normal
2025-04-16T05:00:00,M-105,52.25,2.36,231.18,normal
2025-04-16T06:00:00,M-105,54.38,2.29,228.61,normal
2025-04-16T07:00:00,M-105,56.13,2.34,229.69,normal
2025-04-16T08:00:00,M-105,53.82,2.15,230.67,normal
2025-04-16T09:00:00,M-105,55.16,2.15,230.58,normal
2025-04-16T10:00:00,M-105,55.35,2.51,233.12,normal
2025-04-16T11:00:00,M-105,55.12,1.93,232.44,normal
2025-04-16T12:00:00,M-105,54.62,2.14,232.33,normal
2025-04-16T13:00:00,M-105,54.97,2.18,229.78,normal
2025-04-16T14:00:00,M-105,56.03,2.22,229.64,normal
2025-04-16T15:00:00,M-105,54.33,2.44,229.32,normal
2025-04-16T16:00:00,M-105,54.59,2.25,229.67,normal
2025-04-16T17:00:00,M-105,55.81,2.29,228.45,normal
2025-04-16T18:00:00,M-105,58.52,2.2,229.91,normal
2025-04-16T19:00:00,M-105,55.79,2.25,232.59,normal
2025-04-16T20:00:00,M-105,56.06,2.11,228.7,normal
2025-04-16T21:00:00,M-105,54.98,2.32,229.65,normal
2025-04-16T22:00:00,M-105,56.77,2.36,230.78,normal
2025-04-16T23:00:00,M-105,55.91,2.02,230.57,normal
2025-04-17T00:00:00,M-105,54.45,2.26,229.41,normal
2025-04-17T01:00:00,M-105,56.07,2.2,229.19,normal
2025-04-17T02:00:00,M-105,56.89,1.86,230.02,normal
2025-04-17T03:00:00,M-105,55.03,2.29,231.06,normal
2025-04-17T04:00:00,M-105,55.94,2.18,229.82,normal
2025-04-17T05:00:00,M-105,55.95,2.15,229.4,normal
2025-04-17T06:00:00,M-105,53.49,2.28,230.47,normal
2025-04-17T07:00:00,M-105,55.11,2.26,231.62,normal
2025-04-17T08:00:00,M-105,54.74,2.16,231.87,normal
2025-04-17T09:00:00,M-105,52.78,2.31,230.53,normal
2025-04-17T10:00:00,M-105,56.94,2.13,231.82,normal
2025-04-17T11:00:00,M-105,55.65,1.91,230.9,normal
2025-04-17T12:00:00,M-105,53.52,2.26,229.43,normal
2025-04-17T13:00:00,M-105,55.48,2.33,229.34,normal
2025-04-17T14:00:00,M-105,55.75,2.39,230.95,normal
2025-04-17T15:00:00,M-105,55.53,2.26,229.74,normal
2025-04-17T16:00:00,M-105,54.71,2.27,227.0,normal
2025-04-17T17:00:00,M-105,54.34,2.33,231.73,normal
2025-04-17T18:00:00,M-105,55.78,2.09,230.89,normal
2025-04-17T19:00:00,M-105,57.66,2.13,230.59,normal
2025-04-17T20:00:00,M-105,55.86,2.23,232.47,normal
2025-04-17T21:00:00,M-105,53.39,2.22,229.54,normal
2025-04-17T22:00:00,M-105,54.63,2.1,230.82,normal
2025-04-17T23:00:00,M-105,55.09,1.88,230.76,normal
2025-04-18T00:00:00,M-105,55.66,2.35,228.91,normal
2025-04-18T01:00:00,M-105,55.63,2.45,227.5,normal
2025-04-18T02:00:00,M-105,56.11,2.2,230.77,normal
2025-04-18T03:00:00,M-105,55.1,2.2,228.34,normal
2025-04-18T04:00:00,M-105,54.9,2.19,230.23,normal
2025-04-18T05:00:00,M-105,54.44,2.09,229.31,normal
2025-04-18T06:00:00,M-105,55.26,2.3,229.41,normal
2025-04-18T07:00:00,M-105,56.4,2.25,229.27,normal
2025-04-18T08:00:00,M-105,54.35,2.15,227.61,normal
2025-04-18T09:00:00,M-105,53.34,2.06,229.62,normal
2025-04-18T10:00:00,M-105,55.43,2.18,229.26,normal
2025-04-18T11:00:00,M-105,55.15,2.12,229.61,normal
2025-04-18T12:00:00,M-105,54.66,2.41,229.78,normal
2025-04-18T13:00:00,M-105,56.11,2.22,228.44,normal
2025-04-18T14:00:00,M-105,55.05,2.43,229.45,normal
2025-04-18T15:00:00,M-105,53.82,2.28,232.76,normal
2025-04-18T16:00:00,M-105,54.91,2.17,232.41,normal
2025-04-18T17:00:00,M-105,55.04,2.11,227.62,normal
2025-04-18T18:00:00,M-105,54.45,2.3,228.87,normal
2025-04-18T19:00:00,M-105,56.17,2.23,228.01,normal
2025-04-18T20:00:00,M-105,52.63,2.06,230.76,normal
2025-04-18T21:00:00,M-105,52.55,2.24,229.25,normal
2025-04-18T22:00:00,M-105,56.63,2.04,231.18,normal
2025-04-18T23:00:00,M-105,56.04,2.26,230.82,normal
2025-04-19T00:00:00,M-105,54.91,2.3,227.73,normal
2025-04-19T01:00:00,M-105,54.78,2.34,224.77,normal
2025-04-19T02:00:00,M-105,56.39,2.2,229.95,normal
2025-04-19T03:00:00,M-105,55.37,2.04,231.52,normal
2025-04-19T04:00:00,M-105,56.42,2.24,228.07,normal
2025-04-19T05:00:00,M-105,54.54,1.95,229.35,normal
2025-04-19T06:00:00,M-105,56.17,2.1,230.2,normal
2025-04-19T07:00:00,M-105,53.16,2.37,229.89,normal
2025-04-19T08:00:00,M-105,54.55,1.97,228.71,normal
2025-04-19T09:00:00,M-105,54.9,2.35,231.02,normal
2025-04-19T10:00:00,M-105,54.37,2.26,231.29,normal
2025-04-19T11:00:00,M-105,54.73,1.87,232.94,normal
2025-04-19T12:00:00,M-105,54.91,2.27,231.77,normal
2025-04-19T13:00:00,M-105,57.05,2.21,229.48,normal
2025-04-19T14:00:00,M-105,55.06,2.26,226.67,normal
2025-04-19T15:00:00,M-105,53.69,2.5,230.47,normal
2025-04-19T16:00:00,M-105,54.62,2.0,229.92,normal
2025-04-19T17:00:00,M-105,56.78,1.84,229.41,normal
2025-04-19T18:00:00,M-105,55.23,2.28,229.22,normal
2025-04-19T19:00:00,M-105,55.12,2.06,231.54,normal
2025-04-19T20:00:00,M-105,52.93,2.06,230.37,normal
2025-04-19T21:00:00,M-105,52.82,2.29,230.91,normal
2025-04-19T22:00:00,M-105,54.45,1.95,229.37,normal
2025-04-19T23:00:00,M-105,54.92,1.99,229.6,normal
2025-04-20T00:00:00,M-105,52.33,2.14,231.61,normal
2025-04-20T01:00:00,M-105,55.67,2.1,228.11,normal
2025-04-20T02:00:00,M-105,55.51,2.17,228.55,normal
2025-04-20T03:00:00,M-105,54.75,2.25,230.07,normal
2025-04-20T04:00:00,M-105,54.78,2.43,229.55,normal
2025-04-20T05:00:00,M-105,54.9,1.98,229.56,normal
2025-04-20T06:00:00,M-105,55.91,2.17,227.77,normal
2025-04-20T07:00:00,M-105,53.63,2.06,230.41,normal
2025-04-20T08:00:00,M-105,53.44,2.13,229.83,normal
2025-04-20T09:00:00,M-105,55.51,2.13,231.04,normal
2025-04-20T10:00:00,M-105,55.06,2.28,228.8,normal
2025-04-20T11:00:00,M-105,56.06,2.08,228.51,normal
2025-04-20T12:00:00,M-105,54.0,2.37,232.87,normal
2025-04-20T13:00:00,M-105,53.95,2.26,227.34,normal
2025-04-20T14:00:00,M-105,53.89,2.03,231.88,normal
2025-04-20T15:00:00,M-105,53.81,2.25,229.86,normal
2025-04-20T16:00:00,M-105,55.1,2.22,228.78,normal
2025-04-20T17:00:00,M-105,53.99,2.07,231.79,normal
2025-04-20T18:00:00,M-105,55.87,2.08,230.77,normal
2025-04-20T19:00:00,M-105,57.42,2.33,230.26,normal
2025-04-20T20:00:00,M-105,55.05,2.22,229.75,normal
2025-04-20T21:00:00,M-105,53.84,2.02,230.18,normal
2025-04-20T22:00:00,M-105,55.11,2.22,231.78,normal
2025-04-20T23:00:00,M-105,54.39,2.25,228.94,normal
2025-04-21T00:00:00,M-105,54.45,2.3,228.98,normal
2025-04-21T01:00:00,M-105,58.04,2.14,229.9,normal
2025-04-21T02:00:00,M-105,54.12,2.15,228.96,normal
2025-04-21T03:00:00,M-105,54.62,2.1,230.49,normal
2025-04-21T04:00:00,M-105,55.6,1.98,230.82,normal
2025-04-21T05:00:00,M-105,55.42,2.2,228.1,normal
2025-04-21T06:00:00,M-105,56.01,2.13,231.25,normal
2025-04-21T07:00:00,M-105,54.68,2.23,232.24,normal
2025-04-21T08:00:00,M-105,53.71,2.26,228.82,normal
2025-04-21T09:00:00,M-105,54.88,2.08,228.64,normal
2025-04-21T10:00:00,M-105,57.82,2.15,227.92,normal
2025-04-21T11:00:00,M-105,54.63,2.09,228.75,normal
2025-04-21T12:00:00,M-105,53.15,2.31,230.03,normal
2025-04-21T13:00:00,M-105,55.96,1.93,231.95,normal
2025-04-21T14:00:00,M-105,53.55,2.33,233.51,normal
2025-04-21T15:00:00,M-105,53.28,2.11,230.89,normal
2025-04-21T16:00:00,M-105,56.82,2.27,230.14,normal
2025-04-21T17:00:00,M-105,54.39,2.5,228.72,normal
2025-04-21T18:00:00,M-105,54.29,1.97,229.0,normal
2025-04-21T19:00:00,M-105,56.41,2.09,229.45,normal
2025-04-21T20:00:00,M-105,54.85,2.36,229.45,normal
2025-04-21T21:00:00,M-105,55.95,2.32,229.75,normal
2025-04-21T22:00:00,M-105,56.84,2.2,230.02,normal
2025-04-21T23:00:00,M-105,55.8,2.25,231.26,normal
2025-04-22T00:00:00,M-105,56.23,2.26,227.86,normal
2025-04-22T01:00:00,M-105,54.55,2.29,229.31,normal
2025-04-22T02:00:00,M-105,56.14,2.1,229.78,normal
2025-04-22T03:00:00,M-105,55.23,2.06,230.39,normal
2025-04-22T04:00:00,M-105,54.35,2.25,229.21,normal
2025-04-22T05:00:00,M-105,55.35,2.09,227.48,normal
2025-04-22T06:00:00,M-105,54.86,2.07,229.71,normal
2025-04-22T07:00:00,M-105,53.25,1.86,229.75,normal
2025-04-22T08:00:00,M-105,55.74,1.91,229.69,normal
2025-04-22T09:00:00,M-105,55.15,2.2,232.72,normal
2025-04-22T10:00:00,M-105,54.04,2.26,227.16,normal
2025-04-22T11:00:00,M-105,55.65,2.15,229.74,normal
2025-04-22T12:00:00,M-105,55.06,2.39,233.56,normal
2025-04-22T13:00:00,M-105,55.08,2.38,225.79,normal
2025-04-22T14:00:00,M-105,56.14,2.12,230.37,normal
2025-04-22T15:00:00,M-105,54.5,2.34,230.91,normal
2025-04-22T16:00:00,M-105,55.38,2.42,230.16,normal
2025-04-22T17:00:00,M-105,51.7,1.99,230.46,normal
2025-04-22T18:00:00,M-105,55.19,2.18,230.87,normal
2025-04-22T19:00:00,M-105,55.2,2.11,230.0,normal
2025-04-22T20:00:00,M-105,54.85,2.18,228.59,normal
2025-04-22T21:00:00,M-105,53.15,2.22,231.39,normal
2025-04-22T22:00:00,M-105,53.74,2.02,227.8,normal
2025-04-22T23:00:00,M-105,54.95,2.11,229.07,normal
2025-04-23T00:00:00,M-105,57.92,2.32,230.77,normal
2025-04-23T01:00:00,M-105,54.92,2.29,231.32,normal
2025-04-23T02:00:00,M-105,54.46,2.33,230.57,normal
2025-04-23T03:00:00,M-105,54.14,2.41,230.52,normal
2025-04-23T04:00:00,M-105,57.02,2.11,226.96,normal
2025-04-23T05:00:00,M-105,55.46,2.06,231.08,normal
2025-04-23T06:00:00,M-105,53.26,2.11,229.8,normal
2025-04-23T07:00:00,M-105,55.02,2.33,232.82,normal
2025-04-23T08:00:00,M-105,55.52,2.37,230.43,normal
2025-04-23T09:00:00,M-105,55.45,2.25,230.93,normal
2025-04-23T10:00:00,M-105,57.19,2.02,232.33,normal
2025-04-23T11:00:00,M-105,53.27,2.05,230.43,normal
2025-04-23T12:00:00,M-105,53.95,1.83,231.14,normal
2025-04-23T13:00:00,M-105,54.01,1.96,232.63,normal
2025-04-23T14:00:00,M-105,52.92,2.03,228.77,normal
2025-04-23T15:00:00,M-105,56.59,2.25,229.59,normal
2025-04-23T16:00:00,M-105,55.48,2.39,230.81,normal
2025-04-23T17:00:00,M-105,56.45,2.01,229.05,normal
2025-04-23T18:00:00,M-105,54.58,2.12,230.51,normal
2025-04-23T19:00:00,M-105,55.81,2.21,231.91,normal
2025-04-23T20:00:00,M-105,54.98,2.19,230.06,normal
2025-04-23T21:00:00,M-105,53.81,2.04,225.76,normal
2025-04-23T22:00:00,M-105,53.79,2.32,233.99,normal
2025-04-23T23:00:00,M-105,53.1,2.26,230.77,normal
2025-04-24T00:00:00,M-105,54.91,2.45,228.85,normal
2025-04-24T01:00:00,M-105,56.39,2.18,230.39,normal
2025-04-24T02:00:00,M-105,53.69,2.19,229.3,normal
2025-04-24T03:00:00,M-105,54.25,2.16,229.71,normal
2025-04-24T04:00:00,M-105,56.13,2.22,231.99,normal
2025-04-24T05:00:00,M-105,54.37,2.29,227.39,normal
2025-04-24T06:00:00,M-105,55.28,1.9,230.44,normal
2025-04-24T07:00:00,M-105,56.52,2.17,231.61,normal
2025-04-24T08:00:00,M-105,56.84,2.23,231.49,normal
2025-04-24T09:00:00,M-105,54.48,2.19,228.31,normal
2025-04-24T10:00:00,M-105,54.23,2.3,232.08,normal
2025-04-24T11:00:00,M-105,53.54,2.19,230.15,normal
2025-04-24T12:00:00,M-105,54.92,2.08,228.8,normal
2025-04-24T13:00:00,M-105,53.93,1.94,229.21,normal
2025-04-24T14:00:00,M-105,55.78,2.23,230.82,normal
2025-04-24T15:00:00,M-105,57.06,2.3,231.64,normal
2025-04-24T16:00:00,M-105,55.02,2.08,231.34,normal
2025-04-24T17:00:00,M-105,54.56,2.32,229.85,normal
2025-04-24T18:00:00,M-105,56.34,2.02,228.94,normal
2025-04-24T19:00:00,M-105,54.86,2.16,230.4,normal
2025-04-24T20:00:00,M-105,55.92,2.07,230.55,normal
2025-04-24T21:00:00,M-105,55.37,2.06,231.31,normal
2025-04-24T22:00:00,M-105,54.75,2.16,230.53,normal
2025-04-24T23:00:00,M-105,54.42,2.35,228.34,normal
2025-04-25T00:00:00,M-105,56.65,2.34,231.12,normal
2025-04-25T01:00:00,M-105,56.73,2.44,228.71,normal
2025-04-25T02:00:00,M-105,56.91,2.24,231.73,normal
2025-04-25T03:00:00,M-105,55.29,2.19,230.83,normal
2025-04-25T04:00:00,M-105,56.48,2.51,230.1,normal
2025-04-25T05:00:00,M-105,54.88,2.31,230.1,normal
2025-04-25T06:00:00,M-105,54.44,2.34,228.93,normal
2025-04-25T07:00:00,M-105,55.06,2.09,227.62,normal
2025-04-25T08:00:00,M-105,56.25,2.48,230.57,normal
2025-04-25T09:00:00,M-105,53.35,2.37,228.73,normal
2025-04-25T10:00:00,M-105,54.66,2.07,229.36,normal
2025-04-25T11:00:00,M-105,55.21,1.98,229.41,normal
2025-04-25T12:00:00,M-105,54.85,2.13,230.99,normal
2025-04-25T13:00:00,M-105,52.98,2.15,228.36,normal
2025-04-25T14:00:00,M-105,53.72,2.35,230.24,normal
2025-04-25T15:00:00,M-105,56.85,2.37,229.89,normal
2025-04-25T16:00:00,M-105,57.91,2.11,230.1,normal
2025-04-25T17:00:00,M-105,55.17,2.23,229.96,normal
2025-04-25T18:00:00,M-105,54.92,2.15,231.29,normal
2025-04-25T19:00:00,M-105,53.55,2.37,227.19,normal
2025-04-25T20:00:00,M-105,55.36,2.44,228.58,normal
2025-04-25T21:00:00,M-105,53.87,2.02,231.58,normal
2025-04-25T22:00:00,M-105,55.2,2.22,228.98,normal
2025-04-25T23:00:00,M-105,52.23,2.26,230.61,normal
2025-04-26T00:00:00,M-105,55.59,2.3,229.41,normal
2025-04-26T01:00:00,M-105,54.94,2.22,231.2,normal
2025-04-26T02:00:00,M-105,53.6,2.46,229.18,normal
2025-04-26T03:00:00,M-105,56.15,2.23,229.03,normal
2025-04-26T04:00:00,M-105,54.44,2.3,231.0,normal
2025-04-26T05:00:00,M-105,56.15,2.45,230.83,normal
2025-04-26T06:00:00,M-105,55.38,2.28,229.91,normal
2025-04-26T07:00:00,M-105,54.4,2.29,231.57,normal
2025-04-26T08:00:00,M-105,56.99,2.08,230.65,normal
2025-04-26T09:00:00,M-105,53.76,2.19,228.42,normal
2025-04-26T10:00:00,M-105,54.96,2.12,230.61,normal
2025-04-26T11:00:00,M-105,54.11,2.34,227.33,normal
2025-04-26T12:00:00,M-105,55.27,2.48,232.98,normal
2025-04-26T13:00:00,M-105,56.43,2.39,231.28,normal
2025-04-26T14:00:00,M-105,52.38,2.06,230.28,normal
2025-04-26T15:00:00,M-105,54.54,2.12,232.77,normal
2025-04-26T16:00:00,M-105,56.07,2.23,230.77,normal
2025-04-26T17:00:00,M-105,56.57,2.11,232.37,normal
2025-04-26T18:00:00,M-105,55.09,2.5,229.82,normal
2025-04-26T19:00:00,M-105,55.19,2.05,231.93,normal
2025-04-26T20:00:00,M-105,56.65,2.16,231.0,normal
2025-04-26T21:00:00,M-105,53.48,2.24,230.2,normal
2025-04-26T22:00:00,M-105,54.18,2.33,228.17,normal
2025-04-26T23:00:00,M-105,54.84,2.37,229.33,normal
2025-04-27T00:00:00,M-105,55.83,2.07,231.96,normal
2025-04-27T01:00:00,M-105,53.02,2.08,229.07,normal
2025-04-27T02:00:00,M-105,54.5,2.05,229.99,normal
2025-04-27T03:00:00,M-105,55.39,2.37,230.78,normal
2025-04-27T04:00:00,M-105,52.11,2.11,230.66,normal
2025-04-27T05:00:00,M-105,53.56,2.39,231.57,normal
2025-04-27T06:00:00,M-105,54.03,2.22,228.48,normal
2025-04-27T07:00:00,M-105,54.25,2.06,231.03,normal
2025-04-27T08:00:00,M-105,56.53,2.3,231.84,normal
2025-04-27T09:00:00,M-105,56.28,2.16,230.21,normal
2025-04-27T10:00:00,M-105,53.84,2.48,229.63,normal
2025-04-27T11:00:00,M-105,54.84,2.21,228.5,normal
2025-04-27T12:00:00,M-105,56.39,2.22,231.89,normal
2025-04-27T13:00:00,M-105,55.26,1.91,231.44,normal
2025-04-27T14:00:00,M-105,56.25,2.33,231.53,normal
2025-04-27T15:00:00,M-105,54.82,2.15,232.05,normal
2025-04-27T16:00:00,M-105,58.14,2.37,228.83,normal
2025-04-27T17:00:00,M-105,52.86,2.12,228.37,normal
2025-04-27T18:00:00,M-105,55.97,2.61,231.76,normal
2025-04-27T19:00:00,M-105,54.74,2.36,228.23,normal
2025-04-27T20:00:00,M-105,54.79,1.92,232.11,normal
2025-04-27T21:00:00,M-105,55.59,2.28,230.82,normal
2025-04-27T22:00:00,M-105,55.05,2.45,228.4,normal
2025-04-27T23:00:00,M-105,54.77,2.0,230.17,normal
2025-04-28T00:00:00,M-105,55.74,2.19,231.75,normal
2025-04-28T01:00:00,M-105,52.66,2.42,230.13,normal
2025-04-28T02:00:00,M-105,54.69,2.53,229.12,normal
2025-04-28T03:00:00,M-105,56.16,2.1,230.09,normal
2025-04-28T04:00:00,M-105,53.73,2.04,230.34,normal
2025-04-28T05:00:00,M-105,54.47,2.15,229.61,normal
2025-04-28T06:00:00,M-105,55.16,2.19,232.09,normal
2025-04-28T07:00:00,M-105,56.0,2.02,230.9,normal
2025-04-28T08:00:00,M-105,56.94,2.36,231.58,normal
2025-04-28T09:00:00,M-105,55.4,2.13,232.54,normal
2025-04-28T10:00:00,M-105,54.0,2.38,230.83,normal
2025-04-28T11:00:00,M-105,55.57,2.35,227.27,normal
2025-04-28T12:00:00,M-105,55.47,2.38,231.61,normal
2025-04-28T13:00:00,M-105,56.23,2.22,226.99,normal
2025-04-28T14:00:00,M-105,54.91,2.22,231.02,normal
2025-04-28T15:00:00,M-105,55.23,2.12,231.03,normal
2025-04-28T16:00:00,M-105,55.61,2.12,229.98,normal
2025-04-28T17:00:00,M-105,55.0,2.26,228.29,normal
2025-04-28T18:00:00,M-105,56.02,2.2,228.73,normal
2025-04-28T19:00:00,M-105,55.28,2.62,230.6,normal
2025-04-28T20:00:00,M-105,55.5,2.45,230.17,normal
2025-04-28T21:00:00,M-105,56.63,2.22,226.32,normal
2025-04-28T22:00:00,M-105,57.06,2.18,230.71,normal
2025-04-28T23:00:00,M-105,52.23,2.03,230.81,normal
2025-04-29T00:00:00,M-105,55.67,2.33,229.83,normal
2025-04-29T01:00:00,M-105,55.27,2.35,229.62,normal
2025-04-29T02:00:00,M-105,55.58,2.04,229.4,normal
2025-04-29T03:00:00,M-105,54.83,2.15,228.87,normal
2025-04-29T04:00:00,M-105,57.3,2.27,231.42,normal
2025-04-29T05:00:00,M-105,53.32,2.17,225.94,normal
2025-04-29T06:00:00,M-105,54.84,2.15,230.43,normal
2025-04-29T07:00:00,M-105,56.07,1.98,231.67,normal
2025-04-29T08:00:00,M-105,52.83,2.15,229.82,normal
2025-04-29T09:00:00,M-105,53.09,2.05,231.07,normal
2025-04-29T10:00:00,M-105,56.06,2.21,230.9,normal
2025-04-29T11:00:00,M-105,57.18,2.36,228.58,normal
2025-04-29T12:00:00,M-105,54.55,2.13,229.78,normal
2025-04-29T13:00:00,M-105,53.62,2.15,227.73,normal
2025-04-29T14:00:00,M-105,53.75,2.16,228.0,normal
2025-04-29T15:00:00,M-105,55.97,2.44,228.62,normal
2025-04-29T16:00:00,M-105,53.81,2.37,229.86,normal
2025-04-29T17:00:00,M-105,54.8,2.23,230.61,normal
2025-04-29T18:00:00,M-105,55.78,2.36,230.94,normal
2025-04-29T19:00:00,M-105,55.31,2.17,231.67,normal
2025-04-29T20:00:00,M-105,53.48,2.05,231.65,normal
2025-04-29T21:00:00,M-105,55.44,2.2,231.23,normal
2025-04-29T22:00:00,M-105,56.55,2.56,228.93,normal
2025-04-29T23:00:00,M-105,54.2,2.24,231.44,normal
2025-04-30T00:00:00,M-105,54.69,2.06,229.56,normal
2025-04-30T01:00:00,M-105,55.33,2.16,227.6,normal
2025-04-30T02:00:00,M-105,53.21,2.24,227.71,normal
2025-04-30T03:00:00,M-105,56.35,2.4,228.86,normal
2025-04-30T04:00:00,M-105,54.25,2.23,230.42,normal
2025-04-30T05:00:00,M-105,53.66,2.01,228.65,normal
2025-04-30T06:00:00,M-105,55.6,2.24,229.71,normal
2025-04-30T07:00:00,M-105,54.76,2.27,230.26,normal
2025-04-30T08:00:00,M-105,55.31,2.1,231.91,normal
2025-04-30T09:00:00,M-105,54.34,2.18,228.46,normal
2025-04-30T10:00:00,M-105,56.14,2.48,231.18,normal
2025-04-30T11:00:00,M-105,54.43,2.2,229.85,normal
2025-04-30T12:00:00,M-105,54.77,2.14,230.53,normal
2025-04-30T13:00:00,M-105,55.99,2.29,230.16,normal
2025-04-30T14:00:00,M-105,56.08,2.31,229.78,normal
2025-04-30T15:00:00,M-105,55.79,2.26,230.06,normal
2025-04-30T16:00:00,M-105,57.0,2.32,232.3,normal
2025-04-30T17:00:00,M-105,52.33,2.3,229.17,normal
2025-04-30T18:00:00,M-105,55.09,2.4,232.63,normal
2025-04-30T19:00:00,M-105,54.6,1.94,232.35,normal
2025-04-30T20:00:00,M-105,56.02,2.43,229.13,normal
2025-04-30T21:00:00,M-105,55.52,2.1,229.72,normal
2025-04-30T22:00:00,M-105,55.32,2.02,233.03,normal
2025-04-30T23:00:00,M-105,53.15,2.46,230.75,normal
2025-05-01T00:00:00,M-105,55.09,2.27,228.93,normal
2025-05-01T01:00:00,M-105,54.68,2.11,229.03,normal
2025-05-01T02:00:00,M-105,54.5,2.28,228.91,normal
2025-05-01T03:00:00,M-105,55.21,2.47,227.84,normal
2025-05-01T04:00:00,M-105,56.08,2.21,230.1,normal
2025-05-01T05:00:00,M-105,54.2,2.23,230.82,normal
2025-05-01T06:00:00,M-105,56.2,2.2,231.43,normal
2025-05-01T07:00:00,M-105,53.3,2.18,229.97,normal
2025-05-01T08:00:00,M-105,54.27,2.15,228.56,normal
2025-05-01T09:00:00,M-105,55.27,2.21,229.5,normal
2025-05-01T10:00:00,M-105,55.3,2.44,230.0,normal
2025-05-01T11:00:00,M-105,56.98,2.15,233.29,normal
2025-05-01T12:00:00,M-105,55.23,2.05,230.11,normal
2025-05-01T13:00:00,M-105,54.74,2.43,230.41,normal
2025-05-01T14:00:00,M-105,55.37,2.34,228.76,normal
2025-05-01T15:00:00,M-105,55.97,2.22,231.07,normal
2025-05-01T16:00:00,M-105,54.45,2.48,230.81,normal
2025-05-01T17:00:00,M-105,54.4,2.29,231.32,normal
2025-05-01T18:00:00,M-105,53.81,2.19,229.27,normal
2025-05-01T19:00:00,M-105,52.94,2.42,230.3,normal
2025-05-01T20:00:00,M-105,55.58,2.23,232.52,normal
2025-05-01T21:00:00,M-105,54.26,2.23,229.83,normal
2025-05-01T22:00:00,M-105,53.0,2.33,229.66,normal
2025-05-01T23:00:00,M-105,53.42,2.21,230.57,normal
2025-05-02T00:00:00,M-105,54.93,2.13,227.27,normal
2025-05-02T01:00:00,M-105,56.56,1.91,229.24,normal
2025-05-02T02:00:00,M-105,55.3,2.48,229.31,normal
2025-05-02T03:00:00,M-105,55.66,2.31,227.56,normal
2025-05-02T04:00:00,M-105,54.31,2.23,230.66,normal
2025-05-02T05:00:00,M-105,53.66,1.97,229.35,normal
2025-05-02T06:00:00,M-105,54.68,2.08,226.42,normal
2025-05-02T07:00:00,M-105,56.56,1.96,232.29,normal
2025-05-02T08:00:00,M-105,55.02,2.26,230.54,normal
2025-05-02T09:00:00,M-105,56.33,1.98,230.78,normal
2025-05-02T10:00:00,M-105,55.5,2.38,232.04,normal
2025-05-02T11:00:00,M-105,52.43,2.29,230.5,normal
2025-05-02T12:00:00,M-105,53.42,2.27,229.85,normal
2025-05-02T13:00:00,M-105,54.94,2.0,230.48,normal
2025-05-02T14:00:00,M-105,54.21,2.4,229.77,normal
2025-05-02T15:00:00,M-105,55.21,2.29,232.33,normal
2025-05-02T16:00:00,M-105,54.65,2.39,230.67,normal
2025-05-02T17:00:00,M-105,55.03,2.06,229.63,normal
2025-05-02T18:00:00,M-105,55.82,2.08,234.06,normal
2025-05-02T19:00:00,M-105,56.15,2.23,231.31,normal
2025-05-02T20:00:00,M-105,57.17,2.23,230.32,normal
2025-05-02T21:00:00,M-105,54.39,2.13,230.02,normal
2025-05-02T22:00:00,M-105,56.57,2.45,228.26,normal
2025-05-02T23:00:00,M-105,55.43,2.27,229.02,normal
2025-05-03T00:00:00,M-105,55.29,2.09,231.71,normal
2025-05-03T01:00:00,M-105,52.89,2.36,230.32,normal
2025-05-03T02:00:00,M-105,55.07,2.3,231.46,normal
2025-05-03T03:00:00,M-105,55.3,2.24,229.73,normal
2025-05-03T04:00:00,M-105,56.4,2.31,229.13,normal
2025-05-03T05:00:00,M-105,55.25,2.29,231.06,normal
2025-05-03T06:00:00,M-105,56.38,1.9,230.04,normal
2025-05-03T07:00:00,M-105,53.71,2.23,229.5,normal
2025-05-03T08:00:00,M-105,56.74,2.36,229.07,normal
2025-05-03T09:00:00,M-105,53.49,2.15,227.08,normal
2025-05-03T10:00:00,M-105,57.71,2.24,228.47,normal
2025-05-03T11:00:00,M-105,54.48,2.04,230.0,normal
2025-05-03T12:00:00,M-105,54.54,2.2,229.72,normal
2025-05-03T13:00:00,M-105,55.55,2.19,230.23,normal
2025-05-03T14:00:00,M-105,54.94,2.26,229.73,normal
2025-05-03T15:00:00,M-105,53.86,2.48,231.0,normal
2025-05-03T16:00:00,M-105,55.42,2.19,228.96,normal
2025-05-03T17:00:00,M-105,54.06,1.91,229.45,normal
2025-05-03T18:00:00,M-105,52.15,2.35,230.19,normal
2025-05-03T19:00:00,M-105,53.2,2.12,229.94,normal
2025-05-03T20:00:00,M-105,54.04,2.12,231.4,normal
2025-05-03T21:00:00,M-105,54.93,2.33,232.0,normal
2025-05-03T22:00:00,M-105,54.95,2.07,228.71,normal
2025-05-03T23:00:00,M-105,54.34,2.28,229.94,normal
2025-05-04T00:00:00,M-105,56.25,2.17,227.57,normal
2025-05-04T01:00:00,M-105,55.59,2.37,234.62,normal
2025-05-04T02:00:00,M-105,54.77,2.1,228.26,normal
2025-05-04T03:00:00,M-105,57.75,1.85,229.08,normal
2025-05-04T04:00:00,M-105,54.21,2.09,228.71,normal
2025-05-04T05:00:00,M-105,56.0,2.33,230.63,normal
2025-05-04T06:00:00,M-105,51.52,2.06,230.86,normal
2025-05-04T07:00:00,M-105,53.62,2.35,229.06,normal
2025-05-04T08:00:00,M-105,56.51,2.17,230.81,normal
2025-05-04T09:00:00,M-105,54.89,2.46,230.35,normal
2025-05-04T10:00:00,M-105,54.62,2.27,230.47,normal
2025-05-04T11:00:00,M-105,55.28,2.0,231.47,normal
2025-05-04T12:00:00,M-105,54.48,2.45,230.31,normal
2025-05-04T13:00:00,M-105,54.52,2.19,232.04,normal
2025-05-04T14:00:00,M-105,54.48,2.06,228.28,normal
2025-05-04T15:00:00,M-105,54.89,2.14,230.6,normal
2025-05-04T16:00:00,M-105,55.14,2.06,231.28,normal
2025-05-04T17:00:00,M-105,55.62,2.49,230.38,normal
2025-05-04T18:00:00,M-105,55.36,1.94,230.1,normal
2025-05-04T19:00:00,M-105,55.54,2.07,229.14,normal
2025-05-04T20:00:00,M-105,53.9,2.03,229.81,normal
2025-05-04T21:00:00,M-105,55.52,2.25,232.21,normal
2025-05-04T22:00:00,M-105,55.99,2.01,230.55,normal
2025-05-04T23:00:00,M-105,54.96,2.39,232.17,normal
2025-05-05T00:00:00,M-105,55.58,2.66,230.92,normal
2025-05-05T01:00:00,M-105,54.67,1.97,227.54,normal
2025-05-05T02:00:00,M-105,53.46,2.31,231.74,normal
2025-05-05T03:00:00,M-105,55.49,2.0,228.55,normal
2025-05-05T04:00:00,M-105,55.46,2.12,227.39,normal
2025-05-05T05:00:00,M-105,55.33,2.18,230.98,normal
2025-05-05T06:00:00,M-105,54.07,2.32,232.42,normal
2025-05-05T07:00:00,M-105,54.87,2.31,232.52,normal
2025-05-05T08:00:00,M-105,55.94,2.2,230.07,normal
2025-05-05T09:00:00,M-105,55.04,2.04,229.07,normal
2025-05-05T10:00:00,M-105,53.37,2.51,231.84,normal
2025-05-05T11:00:00,M-105,55.09,2.28,228.89,normal
2025-05-05T12:00:00,M-105,54.51,2.16,232.5,normal
2025-05-05T13:00:00,M-105,54.17,2.38,230.92,normal
2025-05-05T14:00:00,M-105,54.79,2.32,230.89,normal
2025-05-05T15:00:00,M-105,54.31,2.13,230.28,normal
2025-05-05T16:00:00,M-105,53.84,2.24,230.81,normal
2025-05-05T17:00:00,M-105,55.08,2.31,230.34,normal
2025-05-05T18:00:00,M-105,56.4,2.02,229.81,normal
2025-05-05T19:00:00,M-105,55.08,2.12,229.37,normal
2025-05-05T20:00:00,M-105,55.08,2.03,230.36,normal
2025-05-05T21:00:00,M-105,54.44,1.94,230.21,normal
2025-05-05T22:00:00,M-105,55.02,2.1,231.88,normal
2025-05-05T23:00:00,M-105,54.33,2.04,229.64,normal
2025-05-06T00:00:00,M-105,53.48,2.3,228.48,normal
2025-05-06T01:00:00,M-105,52.99,2.32,228.98,normal
2025-05-06T02:00:00,M-105,56.49,2.37,230.39,normal
2025-05-06T03:00:00,M-105,55.76,2.06,229.88,normal
2025-05-06T04:00:00,M-105,52.22,2.31,229.79,normal
2025-05-06T05:00:00,M-105,53.77,2.12,231.27,normal
2025-05-06T06:00:00,M-105,54.5,2.1,230.86,normal
2025-05-06T07:00:00,M-105,55.49,2.16,232.12,normal
2025-05-06T08:00:00,M-105,53.8,2.25,226.43,normal
2025-05-06T09:00:00,M-105,53.75,2.2,228.41,normal
2025-05-06T10:00:00,M-105,56.93,2.39,230.83,normal
2025-05-06T11:00:00,M-105,53.41,2.06,229.17,normal
2025-05-06T12:00:00,M-105,54.13,1.93,230.45,normal
2025-05-06T13:00:00,M-105,55.87,2.02,230.61,normal
2025-05-06T14:00:00,M-105,56.29,2.3,231.31,normal
2025-05-06T15:00:00,M-105,53.4,2.06,227.96,normal
2025-05-06T16:00:00,M-105,55.56,2.12,228.66,normal
2025-05-06T17:00:00,M-105,53.92,1.86,230.15,normal
2025-05-06T18:00:00,M-105,55.42,2.34,228.03,normal
2025-05-06T19:00:00,M-105,56.22,2.2,233.12,normal
2025-05-06T20:00:00,M-105,56.5,1.86,225.3,normal
2025-05-06T21:00:00,M-105,56.13,2.32,226.5,normal
2025-05-06T22:00:00,M-105,53.57,2.48,233.12,normal
2025-05-06T23:00:00,M-105,57.65,2.39,232.49,normal
2025-05-07T00:00:00,M-105,54.06,2.21,228.78,normal
2025-05-07T01:00:00,M-105,56.58,2.14,233.24,normal
2025-05-07T02:00:00,M-105,59.2,2.19,227.51,normal
2025-05-07T03:00:00,M-105,54.6,2.32,230.63,normal
2025-05-07T04:00:00,M-105,52.93,2.3,230.27,normal
2025-05-07T05:00:00,M-105,54.79,2.13,229.93,normal
2025-05-07T06:00:00,M-105,55.18,2.43,229.29,normal
2025-05-07T07:00:00,M-105,55.56,2.33,231.61,normal
2025-05-07T08:00:00,M-105,55.57,2.2,228.89,normal
2025-05-07T09:00:00,M-105,54.66,2.06,227.9,normal
2025-05-07T10:00:00,M-105,54.84,2.08,230.7,normal
2025-05-07T11:00:00,M-105,55.0,2.19,228.86,normal
2025-05-07T12:00:00,M-105,54.15,2.25,231.8,normal
2025-05-07T13:00:00,M-105,54.82,2.05,230.93,normal
2025-05-07T14:00:00,M-105,55.8,2.19,229.52,normal
2025-05-07T15:00:00,M-105,56.49,1.88,228.56,normal
2025-05-07T16:00:00,M-105,55.27,2.32,230.49,normal
2025-05-07T17:00:00,M-105,57.13,2.09,229.49,normal
2025-05-07T18:00:00,M-105,53.0,1.98,227.59,normal
2025-05-07T19:00:00,M-105,52.24,2.02,231.08,normal
2025-05-07T20:00:00,M-105,56.98,2.05,231.94,normal
2025-05-07T21:00:00,M-105,54.68,2.22,230.08,normal
2025-05-07T22:00:00,M-105,55.93,2.1,230.77,normal
2025-05-07T23:00:00,M-105,56.64,2.02,232.1,normal
2025-05-08T00:00:00,M-105,55.86,2.31,228.81,normal
2025-05-08T01:00:00,M-105,54.81,2.19,230.07,normal
2025-05-08T02:00:00,M-105,53.26,2.1,230.98,normal
2025-05-08T03:00:00,M-105,54.72,2.42,230.85,normal
2025-05-08T04:00:00,M-105,54.52,2.04,229.54,normal
2025-05-08T05:00:00,M-105,55.03,2.14,228.27,normal
2025-05-08T06:00:00,M-105,53.83,2.25,230.65,normal
2025-05-08T07:00:00,M-105,54.09,2.25,232.62,normal
2025-05-08T08:00:00,M-105,54.31,2.25,228.63,normal
2025-05-08T09:00:00,M-105,53.82,2.36,230.03,normal
2025-05-08T10:00:00,M-105,53.7,2.17,231.03,normal
2025-05-08T11:00:00,M-105,54.34,2.43,229.91,normal
2025-05-08T12:00:00,M-105,54.12,2.13,229.22,normal
2025-05-08T13:00:00,M-105,54.91,2.19,228.12,normal
2025-05-08T14:00:00,M-105,54.63,2.22,227.82,normal
2025-05-08T15:00:00,M-105,55.8,2.17,231.36,normal
2025-05-08T16:00:00,M-105,54.89,2.09,227.8,normal
2025-05-08T17:00:00,M-105,54.97,2.09,229.61,normal
2025-05-08T18:00:00,M-105,56.26,2.5,231.24,normal
2025-05-08T19:00:00,M-105,54.69,2.01,231.18,normal
2025-05-08T20:00:00,M-105,55.15,2.32,229.79,normal
2025-05-08T21:00:00,M-105,54.99,2.01,230.59,normal
2025-05-08T22:00:00,M-105,56.51,2.12,227.72,normal
2025-05-08T23:00:00,M-105,55.27,2.45,228.97,normal
2025-05-09T00:00:00,M-105,56.51,2.15,230.42,normal
2025-05-09T01:00:00,M-105,56.46,1.98,229.25,normal
2025-05-09T02:00:00,M-105,55.7,2.24,228.71,normal
2025-05-09T03:00:00,M-105,56.0,2.27,231.02,normal
2025-05-09T04:00:00,M-105,55.94,2.13,230.79,normal
2025-05-09T05:00:00,M-105,54.46,2.09,229.64,normal
2025-05-09T06:00:00,M-105,54.44,2.3,228.85,normal
2025-05-09T07:00:00,M-105,55.93,2.26,232.06,normal
2025-05-09T08:00:00,M-105,53.2,2.52,232.06,normal
2025-05-09T09:00:00,M-105,53.87,2.38,229.76,normal
2025-05-09T10:00:00,M-105,54.66,2.09,229.22,normal
2025-05-09T11:00:00,M-105,54.8,2.06,229.3,normal
2025-05-09T12:00:00,M-105,53.38,2.07,230.88,normal
2025-05-09T13:00:00,M-105,54.41,1.73,230.49,normal
2025-05-09T14:00:00,M-105,58.12,2.39,231.25,normal
2025-05-09T15:00:00,M-105,56.39,2.06,230.99,normal
2025-05-09T16:00:00,M-105,55.88,2.11,231.3,normal
2025-05-09T17:00:00,M-105,53.75,2.28,231.42,normal
2025-05-09T18:00:00,M-105,57.58,1.87,232.53,normal
2025-05-09T19:00:00,M-105,54.03,2.38,229.42,normal
2025-05-09T20:00:00,M-105,57.2,2.39,228.46,normal
2025-05-09T21:00:00,M-105,53.76,2.17,231.84,normal
2025-05-09T22:00:00,M-105,54.17,2.28,229.43,normal
2025-05-09T23:00:00,M-105,54.36,2.06,227.03,normal
2025-05-10T00:00:00,M-105,55.45,2.08,230.25,normal
2025-05-10T01:00:00,M-105,54.92,2.06,228.99,normal
2025-05-10T02:00:00,M-105,56.32,2.16,230.43,normal
2025-05-10T03:00:00,M-105,54.05,2.4,228.76,normal
2025-05-10T04:00:00,M-105,55.22,2.33,228.71,normal
2025-05-10T05:00:00,M-105,56.21,1.97,230.8,normal
2025-05-10T06:00:00,M-105,57.49,2.36,229.14,normal
2025-05-10T07:00:00,M-105,53.51,2.19,228.11,normal
2025-05-10T08:00:00,M-105,53.96,2.05,232.94,normal
2025-05-10T09:00:00,M-105,54.17,2.17,229.9,normal
2025-05-10T10:00:00,M-105,53.62,2.19,228.8,normal
2025-05-10T11:00:00,M-105,55.72,2.38,230.21,normal
2025-05-10T12:00:00,M-105,54.31,2.23,233.13,normal
2025-05-10T13:00:00,M-105,53.7,2.28,229.82,normal
2025-05-10T14:00:00,M-105,54.08,2.24,230.02,normal
2025-05-10T15:00:00,M-105,55.55,2.14,230.1,normal
2025-05-10T16:00:00,M-105,53.04,2.25,233.33,normal
2025-05-10T17:00:00,M-105,55.99,2.33,230.61,normal
2025-05-10T18:00:00,M-105,56.21,2.24,230.91,normal
2025-05-10T19:00:00,M-105,56.62,2.16,228.78,normal
2025-05-10T20:00:00,M-105,54.48,2.36,228.84,normal
2025-05-10T21:00:00,M-105,53.67,2.28,231.48,normal
2025-05-10T22:00:00,M-105,55.55,2.11,229.75,normal
2025-05-10T23:00:00,M-105,57.44,2.37,229.85,normal
2025-05-11T00:00:00,M-105,55.95,2.0,231.16,normal
2025-05-11T01:00:00,M-105,52.93,2.16,230.35,normal
2025-05-11T02:00:00,M-105,56.65,2.23,228.85,normal
2025-05-11T03:00:00,M-105,56.03,2.27,231.34,normal
2025-05-11T04:00:00,M-105,55.55,2.22,230.05,normal
2025-05-11T05:00:00,M-105,56.65,2.32,228.19,normal
2025-05-11T06:00:00,M-105,55.63,2.19,229.72,normal
2025-05-11T07:00:00,M-105,53.43,2.17,229.41,normal
2025-05-11T08:00:00,M-105,55.73,2.1,232.14,normal
2025-05-11T09:00:00,M-105,55.17,2.4,230.1,normal
2025-05-11T10:00:00,M-105,56.2,2.12,230.93,normal
2025-05-11T11:00:00,M-105,55.44,2.37,229.9,normal
2025-05-11T12:00:00,M-105,55.95,2.28,229.56,normal
2025-05-11T13:00:00,M-105,55.25,2.22,231.98,normal
2025-05-11T14:00:00,M-105,55.79,2.2,231.26,normal
2025-05-11T15:00:00,M-105,54.88,2.5,230.75,normal
2025-05-11T16:00:00,M-105,55.35,2.24,228.25,normal
2025-05-11T17:00:00,M-105,55.28,2.16,228.31,normal
2025-05-11T18:00:00,M-105,55.07,1.99,230.68,normal
2025-05-11T19:00:00,M-105,54.57,2.2,230.72,normal
2025-05-11T20:00:00,M-105,55.86,2.16,230.47,normal
2025-05-11T21:00:00,M-105,53.17,2.21,230.43,normal
2025-05-11T22:00:00,M-105,56.23,2.14,229.8,normal
2025-05-11T23:00:00,M-105,54.95,2.29,227.93,normal
2025-05-12T00:00:00,M-105,55.12,2.25,229.4,normal
2025-05-12T01:00:00,M-105,53.58,1.97,231.49,normal
2025-05-12T02:00:00,M-105,53.92,2.19,229.97,normal
2025-05-12T03:00:00,M-105,54.51,2.12,229.91,normal
2025-05-12T04:00:00,M-105,56.84,2.22,230.22,normal
2025-05-12T05:00:00,M-105,54.8,2.18,230.38,normal
2025-05-12T06:00:00,M-105,56.08,2.18,227.92,normal
2025-05-12T07:00:00,M-105,53.88,1.96,228.89,normal
2025-05-12T08:00:00,M-105,53.5,2.08,231.49,normal
2025-05-12T09:00:00,M-105,54.06,2.44,230.84,normal
2025-05-12T10:00:00,M-105,54.12,1.86,231.63,normal
2025-05-12T11:00:00,M-105,54.28,2.56,229.05,normal
2025-05-12T12:00:00,M-105,54.05,2.14,229.72,normal
2025-05-12T13:00:00,M-105,54.63,2.02,231.57,normal
2025-05-12T14:00:00,M-105,55.1,2.21,231.24,normal
2025-05-12T15:00:00,M-105,55.78,2.14,230.52,normal
2025-05-12T16:00:00,M-105,53.31,2.18,228.87,normal
2025-05-12T17:00:00,M-105,55.23,2.12,230.82,normal
2025-05-12T18:00:00,M-105,54.06,1.86,230.0,normal
2025-05-12T19:00:00,M-105,55.72,2.26,231.26,normal
2025-05-12T20:00:00,M-105,56.88,2.28,226.13,normal
2025-05-12T21:00:00,M-105,54.52,1.94,230.67,normal
2025-05-12T22:00:00,M-105,53.43,2.15,233.12,normal
2025-05-12T23:00:00,M-105,55.86,2.17,229.82,normal
2025-05-13T00:00:00,M-105,54.39,2.21,229.07,normal
2025-05-13T01:00:00,M-105,54.98,2.16,231.27,normal
2025-05-13T02:00:00,M-105,55.55,2.07,229.72,normal
2025-05-13T03:00:00,M-105,56.22,2.37,230.46,normal
2025-05-13T04:00:00,M-105,53.67,1.92,229.51,normal
2025-05-13T05:00:00,M-105,53.96,2.35,229.04,normal
2025-05-13T06:00:00,M-105,56.12,2.4,228.37,normal
2025-05-13T07:00:00,M-105,53.78,2.45,227.49,normal
2025-05-13T08:00:00,M-105,55.62,2.21,230.47,normal
2025-05-13T09:00:00,M-105,54.51,2.13,230.95,normal
2025-05-13T10:00:00,M-105,55.87,2.26,229.57,normal
2025-05-13T11:00:00,M-105,54.41,2.22,230.96,normal
2025-05-13T12:00:00,M-105,53.0,2.12,229.97,normal
2025-05-13T13:00:00,M-105,56.47,2.38,230.12,normal
2025-05-13T14:00:00,M-105,54.29,2.32,230.84,normal
2025-05-13T15:00:00,M-105,55.55,2.06,232.7,normal
2025-05-13T16:00:00,M-105,56.7,1.9,232.6,normal
2025-05-13T17:00:00,M-105,55.21,2.08,229.28,normal
2025-05-13T18:00:00,M-105,56.04,2.36,229.8,normal
2025-05-13T19:00:00,M-105,55.48,1.97,229.34,normal
2025-05-13T20:00:00,M-105,55.48,2.25,226.99,normal
2025-05-13T21:00:00,M-105,53.57,2.17,231.76,normal
2025-05-13T22:00:00,M-105,55.44,2.44,230.3,normal
2025-05-13T23:00:00,M-105,56.2,2.35,233.01,normal
2025-05-14T00:00:00,M-105,54.43,2.12,229.51,normal
2025-05-14T01:00:00,M-105,53.24,2.36,228.81,normal
2025-05-14T02:00:00,M-105,53.88,2.13,229.22,normal
2025-05-14T03:00:00,M-105,56.22,2.14,233.08,normal
2025-05-14T04:00:00,M-105,52.9,2.29,231.25,normal
2025-05-14T05:00:00,M-105,55.58,2.05,229.36,normal
2025-05-14T06:00:00,M-105,52.82,2.12,229.77,normal
2025-05-14T07:00:00,M-105,56.2,2.31,228.56,normal
2025-05-14T08:00:00,M-105,56.05,2.24,229.9,normal
2025-05-14T09:00:00,M-105,55.4,2.35,229.68,normal
2025-05-14T10:00:00,M-105,53.66,2.35,232.31,normal
2025-05-14T11:00:00,M-105,55.83,2.27,228.87,normal
2025-05-14T12:00:00,M-105,55.86,2.15,227.92,normal
2025-05-14T13:00:00,M-105,55.47,2.32,230.18,normal
2025-05-14T14:00:00,M-105,53.95,2.3,233.15,normal
2025-05-14T15:00:00,M-105,54.23,2.15,228.71,normal
2025-05-14T16:00:00,M-105,56.47,2.12,230.19,normal
2025-05-14T17:00:00,M-105,55.59,2.51,231.03,normal
2025-05-14T18:00:00,M-105,57.7,2.27,232.15,normal
2025-05-14T19:00:00,M-105,54.57,2.52,230.33,normal
2025-05-14T20:00:00,M-105,53.66,2.32,232.52,normal
2025-05-14T21:00:00,M-105,54.66,2.05,231.31,normal
2025-05-14T22:00:00,M-105,52.95,2.25,230.75,normal
2025-05-14T23:00:00,M-105,56.63,2.24,229.31,normal
2025-05-15T00:00:00,M-105,54.26,2.3,228.74,normal
2025-05-15T01:00:00,M-105,55.31,2.07,229.03,normal
2025-05-15T02:00:00,M-105,53.77,2.36,228.85,normal
2025-05-15T03:00:00,M-105,55.25,2.41,230.59,normal
2025-05-15T04:00:00,M-105,55.49,1.96,230.86,normal
2025-05-15T05:00:00,M-105,55.14,2.19,231.21,normal
2025-05-15T06:00:00,M-105,54.0,2.17,230.74,normal
2025-05-15T07:00:00,M-105,56.33,2.39,230.22,normal
2025-05-15T08:00:00,M-105,52.79,1.98,230.49,normal
2025-05-15T09:00:00,M-105,54.4,2.06,230.6,normal
2025-05-15T10:00:00,M-105,55.7,2.27,232.28,normal
2025-05-15T11:00:00,M-105,57.54,2.01,230.83,normal
2025-05-15T12:00:00,M-105,55.61,2.24,230.57,normal
2025-05-15T13:00:00,M-105,56.35,2.34,227.04,normal
2025-05-15T14:00:00,M-105,54.72,2.05,230.18,normal
2025-05-15T15:00:00,M-105,54.27,2.38,231.24,normal
2025-05-15T16:00:00,M-105,53.32,2.18,231.32,normal
2025-05-15T17:00:00,M-105,54.07,2.24,231.02,normal
2025-05-15T18:00:00,M-105,51.69,2.46,231.61,normal
2025-05-15T19:00:00,M-105,56.59,2.48,229.86,normal
2025-05-15T20:00:00,M-105,55.29,2.13,228.01,normal
2025-05-15T21:00:00,M-105,53.92,1.96,231.07,normal
2025-05-15T22:00:00,M-105,57.85,2.12,229.14,normal
2025-05-15T23:00:00,M-105,54.47,2.23,230.15,normal
2025-05-16T00:00:00,M-105,55.54,2.24,231.37,normal
2025-05-16T01:00:00,M-105,51.53,2.16,230.17,normal
2025-05-16T02:00:00,M-105,54.27,2.08,229.74,normal
2025-05-16T03:00:00,M-105,53.46,2.5,229.49,normal
2025-05-16T04:00:00,M-105,54.17,2.36,229.17,normal
2025-05-16T05:00:00,M-105,54.9,2.5,228.62,normal
2025-05-16T06:00:00,M-105,56.27,2.27,228.57,normal
2025-05-16T07:00:00,M-105,55.36,2.13,230.25,normal
2025-05-16T08:00:00,M-105,54.24,2.1,230.43,normal
2025-05-16T09:00:00,M-105,56.61,2.13,229.23,normal
2025-05-16T10:00:00,M-105,54.96,2.08,230.6,normal
2025-05-16T11:00:00,M-105,55.65,1.88,230.79,normal
2025-05-16T12:00:00,M-105,53.76,2.08,231.1,normal
2025-05-16T13:00:00,M-105,54.81,2.48,233.16,normal
2025-05-16T14:00:00,M-105,54.94,2.27,229.5,normal
2025-05-16T15:00:00,M-105,52.43,2.33,229.44,normal
2025-05-16T16:00:00,M-105,56.47,2.24,231.17,normal
2025-05-16T17:00:00,M-105,55.01,2.18,229.64,normal
2025-05-16T18:00:00,M-105,53.18,2.26,231.2,normal
2025-05-16T19:00:00,M-105,57.61,2.12,226.13,normal
2025-05-16T20:00:00,M-105,53.88,2.38,229.91,normal
2025-05-16T21:00:00,M-105,55.78,2.43,230.14,normal
2025-05-16T22:00:00,M-105,55.07,1.97,227.06,normal
2025-05-16T23:00:00,M-105,55.59,2.24,232.51,normal
2025-05-17T00:00:00,M-105,55.07,2.21,232.94,normal
2025-05-17T01:00:00,M-105,54.85,2.18,227.62,normal
2025-05-17T02:00:00,M-105,52.42,2.35,231.7,normal
2025-05-17T03:00:00,M-105,56.32,2.18,227.6,normal
2025-05-17T04:00:00,M-105,53.78,2.17,229.75,normal
2025-05-17T05:00:00,M-105,54.58,2.03,229.79,normal
2025-05-17T06:00:00,M-105,54.35,1.89,232.75,normal
2025-05-17T07:00:00,M-105,56.18,2.1,231.1,normal
2025-05-17T08:00:00,M-105,54.78,2.36,231.67,normal
2025-05-17T09:00:00,M-105,55.28,2.18,230.46,normal
2025-05-17T10:00:00,M-105,55.66,2.4,228.73,normal
2025-05-17T11:00:00,M-105,55.85,2.25,232.76,normal
2025-05-17T12:00:00,M-105,54.32,2.5,229.2,normal
2025-05-17T13:00:00,M-105,53.78,2.15,231.08,normal
2025-05-17T14:00:00,M-105,57.67,2.29,229.21,normal
2025-05-17T15:00:00,M-105,56.18,2.62,229.81,normal
2025-05-17T16:00:00,M-105,53.59,2.34,227.32,normal
2025-05-17T17:00:00,M-105,55.51,2.13,228.64,normal
2025-05-17T18:00:00,M-105,55.19,2.27,230.04,normal
2025-05-17T19:00:00,M-105,56.56,2.24,229.41,normal
2025-05-17T20:00:00,M-105,55.2,2.51,231.28,normal
2025-05-17T21:00:00,M-105,54.1,2.38,228.78,normal
2025-05-17T22:00:00,M-105,56.72,2.26,231.92,normal
2025-05-17T23:00:00,M-105,56.26,2.11,230.46,normal
2025-05-18T00:00:00,M-105,55.01,2.41,227.6,normal
2025-05-18T01:00:00,M-105,54.66,2.23,229.76,normal
2025-05-18T02:00:00,M-105,57.09,2.34,229.23,normal
2025-05-18T03:00:00,M-105,53.94,2.23,227.71,normal
2025-05-18T04:00:00,M-105,54.95,2.2,231.48,normal
2025-05-18T05:00:00,M-105,53.82,2.13,230.87,normal
2025-05-18T06:00:00,M-105,53.9,2.45,232.98,normal
2025-05-18T07:00:00,M-105,54.76,2.02,230.9,normal
2025-05-18T08:00:00,M-105,52.6,2.02,231.31,normal
2025-05-18T09:00:00,M-105,53.54,2.55,229.64,normal
2025-05-18T10:00:00,M-105,56.23,2.27,229.14,normal
2025-05-18T11:00:00,M-105,53.17,2.28,228.97,normal
2025-05-18T12:00:00,M-105,54.61,2.04,227.52,normal
2025-05-18T13:00:00,M-105,55.63,2.32,230.48,normal
2025-05-18T14:00:00,M-105,55.92,2.13,229.96,normal
2025-05-18T15:00:00,M-105,54.91,1.9,230.38,normal
2025-05-18T16:00:00,M-105,55.96,2.12,229.58,normal
2025-05-18T17:00:00,M-105,57.19,2.1,231.59,normal
2025-05-18T18:00:00,M-105,55.27,2.23,231.27,normal
2025-05-18T19:00:00,M-105,56.22,2.32,227.96,normal
2025-05-18T20:00:00,M-105,56.02,2.31,232.59,normal
2025-05-18T21:00:00,M-105,54.27,2.31,230.29,normal
2025-05-18T22:00:00,M-105,56.88,2.19,229.24,normal
2025-05-18T23:00:00,M-105,54.52,2.28,233.8,normal
2025-05-19T00:00:00,M-105,55.1,1.89,230.48,normal
2025-05-19T01:00:00,M-105,57.53,2.3,230.81,normal
2025-05-19T02:00:00,M-105,53.19,2.25,230.79,normal
2025-05-19T03:00:00,M-105,52.69,2.06,226.9,normal
2025-05-19T04:00:00,M-105,51.97,2.34,228.54,normal
2025-05-19T05:00:00,M-105,54.93,2.4,228.77,normal
2025-05-19T06:00:00,M-105,55.52,2.33,228.55,normal
2025-05-19T07:00:00,M-105,53.32,2.22,229.46,normal
2025-05-19T08:00:00,M-105,54.61,1.99,231.09,normal
2025-05-19T09:00:00,M-105,58.12,2.1,228.54,normal
2025-05-19T10:00:00,M-105,54.75,1.88,229.44,normal
2025-05-19T11:00:00,M-105,55.23,2.17,230.95,normal
2025-05-19T12:00:00,M-105,52.87,2.12,228.0,normal
2025-05-19T13:00:00,M-105,53.79,2.23,228.95,normal
2025-05-19T14:00:00,M-105,55.13,2.34,231.2,normal
2025-05-19T15:00:00,M-105,53.84,2.01,229.16,normal
2025-05-19T16:00:00,M-105,56.74,2.29,230.59,normal
2025-05-19T17:00:00,M-105,55.15,2.07,229.08,normal
2025-05-19T18:00:00,M-105,55.69,2.26,227.46,normal
2025-05-19T19:00:00,M-105,56.63,2.25,230.99,normal
2025-05-19T20:00:00,M-105,53.55,2.26,230.07,normal
2025-05-19T21:00:00,M-105,53.71,1.93,230.47,normal
2025-05-19T22:00:00,M-105,54.18,2.27,230.88,normal
2025-05-19T23:00:00,M-105,52.2,2.07,229.91,normal
2025-05-20T00:00:00,M-105,54.98,2.26,231.03,normal
2025-05-20T01:00:00,M-105,52.82,2.04,231.81,normal
2025-05-20T02:00:00,M-105,55.83,2.26,229.6,normal
2025-05-20T03:00:00,M-105,55.86,2.08,227.7,normal
2025-05-20T04:00:00,M-105,56.32,2.07,228.66,normal
2025-05-20T05:00:00,M-105,55.17,2.27,229.86,normal
2025-05-20T06:00:00,M-105,57.27,2.06,231.1,normal
2025-05-20T07:00:00,M-105,53.81,2.18,232.78,normal
2025-05-20T08:00:00,M-105,54.54,2.08,229.23,normal
2025-05-20T09:00:00,M-105,53.79,2.28,231.07,normal
2025-05-20T10:00:00,M-105,53.6,2.05,233.51,normal
2025-05-20T11:00:00,M-105,56.79,2.14,232.01,normal
2025-05-20T12:00:00,M-105,54.61,2.05,229.35,normal
2025-05-20T13:00:00,M-105,55.04,2.14,230.95,normal
2025-05-20T14:00:00,M-105,54.61,2.16,230.98,normal
2025-05-20T15:00:00,M-105,53.57,2.21,229.25,normal
2025-05-20T16:00:00,M-105,55.71,2.22,230.91,normal
2025-05-20T17:00:00,M-105,57.24,2.16,230.38,normal
2025-05-20T18:00:00,M-105,53.69,2.17,231.75,normal
2025-05-20T19:00:00,M-105,52.79,2.22,228.86,normal
2025-05-20T20:00:00,M-105,55.9,1.92,232.85,normal
2025-05-20T21:00:00,M-105,54.82,2.49,229.64,normal
2025-05-20T22:00:00,M-105,54.61,2.28,228.85,normal
2025-05-20T23:00:00,M-105,52.34,2.39,230.49,normal
2025-05-21T00:00:00,M-105,53.04,2.08,229.91,normal
2025-05-21T01:00:00,M-105,53.46,2.13,230.85,normal
2025-05-21T02:00:00,M-105,53.81,2.37,229.72,normal
2025-05-21T03:00:00,M-105,55.15,1.98,228.19,normal
2025-05-21T04:00:00,M-105,55.85,2.13,230.46,normal
2025-05-21T05:00:00,M-105,54.8,2.13,228.58,normal
2025-05-21T06:00:00,M-105,53.48,2.36,231.48,normal
2025-05-21T07:00:00,M-105,54.35,2.04,231.18,normal
2025-05-21T08:00:00,M-105,55.7,2.36,231.03,normal
2025-05-21T09:00:00,M-105,55.61,2.24,229.91,normal
2025-05-21T10:00:00,M-105,55.33,1.98,230.74,normal
2025-05-21T11:00:00,M-105,55.83,2.02,229.87,normal
2025-05-21T12:00:00,M-105,56.95,2.29,230.9,normal
2025-05-21T13:00:00,M-105,55.17,2.31,226.98,normal
2025-05-21T14:00:00,M-105,52.79,2.15,230.66,normal
2025-05-21T15:00:00,M-105,57.05,2.49,231.67,normal
2025-05-21T16:00:00,M-105,55.68,1.93,231.56,normal
2025-05-21T17:00:00,M-105,54.58,2.19,227.46,normal
2025-05-21T18:00:00,M-105,55.96,2.37,229.5,normal
2025-05-21T19:00:00,M-105,57.05,2.2,229.19,normal
2025-05-21T20:00:00,M-105,54.23,2.1,227.3,normal
2025-05-21T21:00:00,M-105,54.86,2.21,231.09,normal
2025-05-21T22:00:00,M-105,55.55,2.22,229.93,normal
2025-05-21T23:00:00,M-105,56.72,2.43,230.81,normal
2025-05-22T00:00:00,M-105,54.72,2.31,231.61,normal
2025-05-22T01:00:00,M-105,54.01,2.33,230.0,normal
2025-05-22T02:00:00,M-105,56.48,2.0,229.9,normal
2025-05-22T03:00:00,M-105,53.63,2.05,227.4,normal
2025-05-22T04:00:00,M-105,53.42,2.19,232.42,normal
2025-05-22T05:00:00,M-105,56.09,2.25,231.11,normal
2025-05-22T06:00:00,M-105,55.83,2.38,230.23,normal
2025-05-22T07:00:00,M-105,54.33,2.0,229.63,normal
2025-05-22T08:00:00,M-105,55.12,2.14,229.87,normal
2025-05-22T09:00:00,M-105,55.63,2.15,230.31,normal
2025-05-22T10:00:00,M-105,55.68,1.95,231.64,normal
2025-05-22T11:00:00,M-105,54.27,2.28,229.84,normal
2025-05-22T12:00:00,M-105,53.71,2.09,229.73,normal
2025-05-22T13:00:00,M-105,55.93,2.25,232.85,normal
2025-05-22T14:00:00,M-105,55.9,2.48,228.48,normal
2025-05-22T15:00:00,M-105,56.39,2.29,229.58,normal
2025-05-22T16:00:00,M-105,55.65,2.4,228.18,normal
2025-05-22T17:00:00,M-105,53.84,2.24,229.03,normal
2025-05-22T18:00:00,M-105,56.33,2.34,233.12,normal
2025-05-22T19:00:00,M-105,53.71,2.32,232.21,normal
2025-05-22T20:00:00,M-105,54.78,2.31,230.39,normal
2025-05-22T21:00:00,M-105,54.5,2.42,230.3,normal
2025-05-22T22:00:00,M-105,57.41,1.93,230.5,normal
2025-05-22T23:00:00,M-105,54.56,1.95,226.0,normal
2025-05-23T00:00:00,M-105,54.59,1.94,227.51,normal
2025-05-23T01:00:00,M-105,54.04,2.27,229.58,normal
2025-05-23T02:00:00,M-105,54.17,2.1,229.93,normal
2025-05-23T03:00:00,M-105,57.44,2.35,228.66,normal
2025-05-23T04:00:00,M-105,54.7,2.33,231.27,normal
2025-05-23T05:00:00,M-105,52.52,2.22,232.38,normal
2025-05-23T06:00:00,M-105,54.59,2.07,229.5,normal
2025-05-23T07:00:00,M-105,56.4,2.01,231.74,normal
2025-05-23T08:00:00,M-105,53.94,2.21,233.23,normal
2025-05-23T09:00:00,M-105,54.82,2.08,228.46,normal
2025-05-23T10:00:00,M-105,55.39,2.09,231.36,normal
2025-05-23T11:00:00,M-105,52.81,2.19,227.66,normal
2025-05-23T12:00:00,M-105,56.93,2.16,230.3,normal
2025-05-23T13:00:00,M-105,55.09,2.26,231.27,normal
2025-05-23T14:00:00,M-105,54.36,2.3,230.97,normal
2025-05-23T15:00:00,M-105,54.93,2.14,225.97,normal
2025-05-23T16:00:00,M-105,53.02,2.12,227.97,normal
2025-05-23T17:00:00,M-105,53.94,2.25,228.23,normal
2025-05-23T18:00:00,M-105,56.63,2.06,228.23,normal
2025-05-23T19:00:00,M-105,55.44,2.23,229.96,normal
2025-05-23T20:00:00,M-105,53.58,2.2,230.55,normal
2025-05-23T21:00:00,M-105,53.54,1.98,230.35,normal
2025-05-23T22:00:00,M-105,57.32,2.12,230.72,normal
2025-05-23T23:00:00,M-105,54.77,2.22,228.76,normal
2025-05-24T00:00:00,M-105,55.67,1.95,229.47,normal
2025-05-24T01:00:00,M-105,54.78,2.29,229.7,normal
2025-05-24T02:00:00,M-105,55.02,2.34,231.22,normal
2025-05-24T03:00:00,M-105,54.32,2.46,231.85,normal
2025-05-24T04:00:00,M-105,55.25,2.16,229.68,normal
2025-05-24T05:00:00,M-105,56.4,2.07,228.14,normal
2025-05-24T06:00:00,M-105,54.22,2.11,230.78,normal
2025-05-24T07:00:00,M-105,55.72,2.38,232.67,normal
2025-05-24T08:00:00,M-105,54.18,2.24,228.56,normal
2025-05-24T09:00:00,M-105,53.65,2.19,229.65,normal
2025-05-24T10:00:00,M-105,54.37,2.14,229.25,normal
2025-05-24T11:00:00,M-105,55.89,2.07,230.38,normal
2025-05-24T12:00:00,M-105,56.37,2.32,231.64,normal
2025-05-24T13:00:00,M-105,53.53,2.03,229.85,normal
2025-05-24T14:00:00,M-105,54.29,2.28,230.06,normal
2025-05-24T15:00:00,M-105,55.61,2.11,233.63,normal
2025-05-24T16:00:00,M-105,55.58,2.11,227.96,normal
2025-05-24T17:00:00,M-105,54.8,1.97,230.42,normal
2025-05-24T18:00:00,M-105,55.31,2.16,230.75,normal
2025-05-24T19:00:00,M-105,53.86,1.95,228.72,normal
2025-05-24T20:00:00,M-105,51.62,2.0,229.19,normal
2025-05-24T21:00:00,M-105,54.03,2.24,227.21,normal
2025-05-24T22:00:00,M-105,55.64,2.21,229.07,normal
2025-05-24T23:00:00,M-105,53.55,2.23,230.97,normal
2025-05-25T00:00:00,M-105,55.65,2.46,231.2,normal
2025-05-25T01:00:00,M-105,54.73,2.27,228.25,normal
2025-05-25T02:00:00,M-105,55.72,2.46,229.84,normal
2025-05-25T03:00:00,M-105,56.03,2.05,230.88,normal
2025-05-25T04:00:00,M-105,56.13,2.12,232.52,normal
2025-05-25T05:00:00,M-105,54.57,2.07,231.65,normal
2025-05-25T06:00:00,M-105,55.31,2.36,229.65,normal
2025-05-25T07:00:00,M-105,56.03,1.91,228.62,normal
2025-05-25T08:00:00,M-105,57.11,2.12,232.21,normal
2025-05-25T09:00:00,M-105,55.12,2.38,228.23,normal
2025-05-25T10:00:00,M-105,54.69,2.01,229.63,normal
2025-05-25T11:00:00,M-105,53.9,2.03,229.76,normal
2025-05-25T12:00:00,M-105,53.85,2.21,231.22,normal
2025-05-25T13:00:00,M-105,54.44,2.19,233.84,normal
2025-05-25T14:00:00,M-105,54.25,2.42,231.82,normal
2025-05-25T15:00:00,M-105,52.57,2.09,230.82,normal
2025-05-25T16:00:00,M-105,53.99,2.1,231.09,normal
2025-05-25T17:00:00,M-105,56.74,2.33,230.06,normal
2025-05-25T18:00:00,M-105,54.06,2.32,231.19,normal
2025-05-25T19:00:00,M-105,56.15,2.09,230.82,normal
2025-05-25T20:00:00,M-105,54.03,2.0,229.91,normal
2025-05-25T21:00:00,M-105,53.96,2.13,228.61,normal
2025-05-25T22:00:00,M-105,54.32,2.31,232.37,normal
2025-05-25T23:00:00,M-105,57.23,2.4,230.13,normal
2025-05-26T00:00:00,M-105,54.1,2.15,230.27,normal
2025-05-26T01:00:00,M-105,54.01,2.1,232.41,normal
2025-05-26T02:00:00,M-105,53.86,2.11,228.7,normal
2025-05-26T03:00:00,M-105,54.36,2.34,232.06,normal
2025-05-26T04:00:00,M-105,52.41,2.23,229.72,normal
2025-05-26T05:00:00,M-105,55.58,1.98,228.64,normal
2025-05-26T06:00:00,M-105,56.36,2.29,229.97,normal
2025-05-26T07:00:00,M-105,53.37,2.28,229.5,normal
2025-05-26T08:00:00,M-105,54.73,2.23,228.58,normal
2025-05-26T09:00:00,M-105,56.28,2.15,230.91,normal
2025-05-26T10:00:00,M-105,54.91,2.13,228.43,normal
2025-05-26T11:00:00,M-105,54.57,2.05,231.27,normal
2025-05-26T12:00:00,M-105,56.45,2.25,232.1,normal
2025-05-26T13:00:00,M-105,55.73,2.14,229.01,normal
2025-05-26T14:00:00,M-105,56.46,2.03,230.05,normal
2025-05-26T15:00:00,M-105,54.26,2.03,229.45,normal
2025-05-26T16:00:00,M-105,53.99,2.0,229.55,normal
2025-05-26T17:00:00,M-105,54.2,2.24,228.51,normal
2025-05-26T18:00:00,M-105,53.3,2.01,229.09,normal
2025-05-26T19:00:00,M-105,54.28,2.19,231.17,normal
2025-05-26T20:00:00,M-105,55.94,2.45,229.28,normal
2025-05-26T21:00:00,M-105,56.53,2.38,227.7,normal
2025-05-26T22:00:00,M-105,55.54,2.21,229.82,normal
2025-05-26T23:00:00,M-105,56.79,2.27,228.31,normal
2025-05-27T00:00:00,M-105,56.35,2.24,230.28,normal
2025-05-27T01:00:00,M-105,55.65,2.17,230.45,normal
2025-05-27T02:00:00,M-105,56.1,2.21,228.35,normal
2025-05-27T03:00:00,M-105,56.42,2.47,228.69,normal
2025-05-27T04:00:00,M-105,54.77,2.22,228.8,normal
2025-05-27T05:00:00,M-105,53.57,2.33,228.68,normal
2025-05-27T06:00:00,M-105,55.59,2.57,231.36,normal
2025-05-27T07:00:00,M-105,55.85,2.27,228.44,normal
2025-05-27T08:00:00,M-105,56.16,1.93,229.37,normal
2025-05-27T09:00:00,M-105,54.93,2.05,231.13,normal
2025-05-27T10:00:00,M-105,54.67,2.22,230.28,normal
2025-05-27T11:00:00,M-105,55.78,2.12,229.86,normal
2025-05-27T12:00:00,M-105,57.33,2.28,229.18,normal
2025-05-27T13:00:00,M-105,53.65,2.21,229.44,normal
2025-05-27T14:00:00,M-105,56.53,2.31,230.11,normal
2025-05-27T15:00:00,M-105,55.94,2.3,231.69,normal
2025-05-27T16:00:00,M-105,54.66,2.14,228.28,normal
2025-05-27T17:00:00,M-105,53.25,2.21,231.51,normal
2025-05-27T18:00:00,M-105,54.53,2.33,231.42,normal
2025-05-27T19:00:00,M-105,53.96,2.35,229.61,normal
2025-05-27T20:00:00,M-105,56.87,2.34,231.93,normal
2025-05-27T21:00:00,M-105,55.29,1.97,231.92,normal
2025-05-27T22:00:00,M-105,54.55,2.14,230.09,normal
2025-05-27T23:00:00,M-105,52.77,2.34,231.73,normal
2025-05-28T00:00:00,M-105,54.86,2.29,230.56,normal
2025-05-28T01:00:00,M-105,53.0,2.02,230.0,normal
2025-05-28T02:00:00,M-105,54.45,2.09,230.12,normal
2025-05-28T03:00:00,M-105,56.91,2.14,229.55,normal
2025-05-28T04:00:00,M-105,54.11,2.16,231.73,normal
2025-05-28T05:00:00,M-105,54.62,2.23,231.06,normal
2025-05-28T06:00:00,M-105,57.57,2.43,227.38,normal
2025-05-28T07:00:00,M-105,55.04,2.33,229.49,normal
2025-05-28T08:00:00,M-105,54.64,2.15,229.21,normal
2025-05-28T09:00:00,M-105,56.02,2.21,228.91,normal
2025-05-28T10:00:00,M-105,53.98,2.2,229.91,normal
2025-05-28T11:00:00,M-105,55.17,2.03,233.92,normal
2025-05-28T12:00:00,M-105,54.1,2.16,228.98,normal
2025-05-28T13:00:00,M-105,56.11,2.27,231.58,normal
2025-05-28T14:00:00,M-105,53.27,2.39,230.4,normal
2025-05-28T15:00:00,M-105,54.58,2.19,231.15,normal
2025-05-28T16:00:00,M-105,55.04,2.08,231.15,normal
2025-05-28T17:00:00,M-105,53.99,2.37,229.57,normal
2025-05-28T18:00:00,M-105,56.04,2.04,229.22,normal
2025-05-28T19:00:00,M-105,53.75,2.09,230.21,normal
2025-05-28T20:00:00,M-105,53.97,2.35,226.55,normal
2025-05-28T21:00:00,M-105,57.34,2.03,229.72,normal
2025-05-28T22:00:00,M-105,54.82,2.39,228.69,normal
2025-05-28T23:00:00,M-105,56.28,2.2,228.97,normal
2025-05-29T00:00:00,M-105,56.43,2.13,228.78,normal
2025-05-29T01:00:00,M-105,56.97,2.36,230.24,normal
2025-05-29T02:00:00,M-105,56.86,2.21,228.96,normal
2025-05-29T03:00:00,M-105,53.98,1.93,231.18,normal
2025-05-29T04:00:00,M-105,54.62,2.18,231.99,normal
2025-05-29T05:00:00,M-105,56.69,2.32,230.18,normal
2025-05-29T06:00:00,M-105,55.07,2.28,228.31,normal
2025-05-29T07:00:00,M-105,53.67,2.25,227.32,normal
2025-05-29T08:00:00,M-105,55.74,2.28,231.43,normal
2025-05-29T09:00:00,M-105,56.51,2.21,231.17,normal
2025-05-29T10:00:00,M-105,56.25,2.25,230.44,normal
2025-05-29T11:00:00,M-105,54.38,2.34,232.99,normal
2025-05-29T12:00:00,M-105,55.7,2.27,228.05,normal
2025-05-29T13:00:00,M-105,52.92,2.33,232.97,normal
2025-05-29T14:00:00,M-105,54.48,2.33,230.83,normal
2025-05-29T15:00:00,M-105,54.37,2.22,231.16,normal
2025-05-29T16:00:00,M-105,53.92,2.0,230.12,normal
2025-05-29T17:00:00,M-105,53.96,2.25,228.24,normal
2025-05-29T18:00:00,M-105,53.01,2.23,230.27,normal
2025-05-29T19:00:00,M-105,54.98,2.44,229.82,normal
2025-05-29T20:00:00,M-105,54.88,2.08,228.87,normal
2025-05-29T21:00:00,M-105,56.11,2.38,228.35,normal
2025-05-29T22:00:00,M-105,52.72,2.37,232.06,normal
2025-05-29T23:00:00,M-105,55.2,2.48,229.05,normal
2025-05-30T00:00:00,M-105,53.15,2.36,230.26,normal
2025-05-30T01:00:00,M-105,54.76,2.48,230.82,normal
2025-05-30T02:00:00,M-105,54.3,2.14,230.76,normal
2025-05-30T03:00:00,M-105,54.46,2.24,227.81,normal
2025-05-30T04:00:00,M-105,55.44,2.24,230.04,normal
2025-05-30T05:00:00,M-105,56.47,2.34,232.42,normal
2025-05-30T06:00:00,M-105,53.6,2.32,228.05,normal
2025-05-30T07:00:00,M-105,55.18,2.16,231.05,normal
2025-05-30T08:00:00,M-105,55.33,2.37,228.75,normal
2025-05-30T09:00:00,M-105,53.97,2.39,228.95,normal
2025-05-30T10:00:00,M-105,55.02,2.15,230.41,normal
2025-05-30T11:00:00,M-105,54.84,2.3,231.39,normal
2025-05-30T12:00:00,M-105,53.7,2.26,228.52,normal
2025-05-30T13:00:00,M-105,55.46,2.1,229.38,normal
2025-05-30T14:00:00,M-105,58.2,2.24,230.33,normal
2025-05-30T15:00:00,M-105,54.66,1.98,227.61,normal
2025-05-30T16:00:00,M-105,53.29,2.37,228.51,normal
2025-05-30T17:00:00,M-105,55.59,2.34,225.78,normal
2025-05-30T18:00:00,M-105,55.01,2.23,228.25,normal
2025-05-30T19:00:00,M-105,57.23,2.35,229.95,normal
2025-05-30T20:00:00,M-105,57.18,2.32,230.8,normal
2025-05-30T21:00:00,M-105,52.81,2.21,230.07,normal
2025-05-30T22:00:00,M-105,53.85,2.07,228.12,normal
2025-05-30T23:00:00,M-105,55.53,2.26,228.17,normal
2025-05-31T00:00:00,M-105,54.3,2.07,229.89,normal
2025-05-31T01:00:00,M-105,57.5,2.18,230.96,normal
2025-05-31T02:00:00,M-105,55.74,2.12,225.82,normal
2025-05-31T03:00:00,M-105,54.79,2.16,229.17,normal
2025-05-31T04:00:00,M-105,53.65,2.25,229.47,normal
2025-05-31T05:00:00,M-105,53.0,2.16,230.35,normal
2025-05-31T06:00:00,M-105,56.59,2.1,229.44,normal
2025-05-31T07:00:00,M-105,58.15,2.19,229.03,normal
2025-05-31T08:00:00,M-105,55.79,2.02,232.0,normal
2025-05-31T09:00:00,M-105,56.12,2.36,232.35,normal
2025-05-31T10:00:00,M-105,54.8,2.23,232.65,normal
2025-05-31T11:00:00,M-105,54.71,1.85,228.27,normal
2025-05-31T12:00:00,M-105,53.86,2.14,229.77,normal
2025-05-31T13:00:00,M-105,55.13,2.32,230.58,normal
2025-05-31T14:00:00,M-105,53.2,2.12,231.19,normal
2025-05-31T15:00:00,M-105,54.73,2.11,233.03,normal
2025-05-31T16:00:00,M-105,54.77,2.14,227.79,normal
2025-05-31T17:00:00,M-105,54.76,2.13,229.02,normal
2025-05-31T18:00:00,M-105,53.94,2.33,229.63,normal
2025-05-31T19:00:00,M-105,55.19,2.16,230.21,normal
2025-05-31T20:00:00,M-105,54.8,2.1,228.8,normal
2025-05-31T21:00:00,M-105,54.19,2.42,228.72,normal
2025-05-31T22:00:00,M-105,53.79,2.1,229.76,normal
2025-05-31T23:00:00,M-105,56.08,2.33,229.53,normal
2025-06-01T00:00:00,M-105,55.1,2.42,232.23,normal
2025-06-01T01:00:00,M-105,54.96,1.86,231.96,normal
2025-06-01T02:00:00,M-105,55.09,2.51,226.96,normal
2025-06-01T03:00:00,M-105,55.72,2.35,232.55,normal
2025-06-01T04:00:00,M-105,56.17,2.03,229.73,normal
2025-06-01T05:00:00,M-105,54.41,2.13,230.51,normal
2025-06-01T06:00:00,M-105,54.9,2.19,229.39,normal
2025-06-01T07:00:00,M-105,56.17,2.16,231.1,normal
2025-06-01T08:00:00,M-105,56.03,2.17,230.28,normal
2025-06-01T09:00:00,M-105,54.15,2.41,228.96,normal
2025-06-01T10:00:00,M-105,53.24,2.29,227.0,normal
2025-06-01T11:00:00,M-105,56.13,2.23,231.25,normal
2025-06-01T12:00:00,M-105,53.92,2.18,230.29,normal
2025-06-01T13:00:00,M-105,54.62,2.63,228.07,normal
2025-06-01T14:00:00,M-105,54.19,2.25,230.81,normal
2025-06-01T15:00:00,M-105,54.14,2.3,228.06,normal
2025-06-01T16:00:00,M-105,55.21,2.36,228.46,normal
2025-06-01T17:00:00,M-105,55.23,2.2,228.74,normal
2025-06-01T18:00:00,M-105,54.6,2.18,229.63,normal
2025-06-01T19:00:00,M-105,56.23,2.11,230.92,normal
2025-06-01T20:00:00,M-105,54.31,2.3,232.41,normal
2025-06-01T21:00:00,M-105,54.1,2.09,230.17,normal
2025-06-01T22:00:00,M-105,53.75,2.17,230.78,normal
2025-06-01T23:00:00,M-105,54.37,2.32,230.8,normal
2025-06-02T00:00:00,M-105,55.25,2.33,230.42,normal
2025-06-02T01:00:00,M-105,53.52,1.97,225.77,normal
2025-06-02T02:00:00,M-105,55.27,2.19,230.6,normal
2025-06-02T03:00:00,M-105,54.96,2.03,229.4,normal
2025-06-02T04:00:00,M-105,54.66,2.39,229.62,normal
2025-06-02T05:00:00,M-105,54.28,2.23,228.19,normal
2025-06-02T06:00:00,M-105,54.52,2.21,228.91,normal
2025-06-02T07:00:00,M-105,52.86,2.13,230.51,normal
2025-06-02T08:00:00,M-105,56.97,2.2,230.46,normal
2025-06-02T09:00:00,M-105,55.07,2.1,230.65,normal
2025-06-02T10:00:00,M-105,55.29,2.28,229.59,normal
2025-06-02T11:00:00,M-105,54.38,2.28,231.37,normal
2025-06-02T12:00:00,M-105,54.63,2.23,229.23,normal
2025-06-02T13:00:00,M-105,56.16,2.12,231.85,normal
2025-06-02T14:00:00,M-105,55.71,2.31,233.72,normal
2025-06-02T15:00:00,M-105,56.19,2.42,231.04,normal
2025-06-02T16:00:00,M-105,52.52,2.36,225.97,normal
2025-06-02T17:00:00,M-105,55.25,2.36,228.33,normal
2025-06-02T18:00:00,M-105,54.22,2.28,228.92,normal
2025-06-02T19:00:00,M-105,55.27,2.56,233.68,normal
2025-06-02T20:00:00,M-105,54.95,1.85,231.01,normal
2025-06-02T21:00:00,M-105,55.62,2.27,227.2,normal
2025-06-02T22:00:00,M-105,54.73,2.19,230.48,normal
2025-06-02T23:00:00,M-105,55.27,2.41,231.48,normal
2025-06-03T00:00:00,M-105,52.98,2.2,229.25,normal
2025-06-03T01:00:00,M-105,56.23,2.16,227.81,normal
2025-06-03T02:00:00,M-105,53.39,2.34,233.27,normal
2025-06-03T03:00:00,M-105,53.0,2.19,231.25,normal
2025-06-03T04:00:00,M-105,54.92,2.07,231.67,normal
2025-06-03T05:00:00,M-105,54.66,2.43,226.32,normal
2025-06-03T06:00:00,M-105,55.3,2.32,229.54,normal
2025-06-03T07:00:00,M-105,54.82,2.08,228.77,normal
2025-06-03T08:00:00,M-105,56.01,2.41,228.4,normal
2025-06-03T09:00:00,M-105,57.55,2.07,231.29,normal
2025-06-03T10:00:00,M-105,56.21,2.23,230.36,normal
2025-06-03T11:00:00,M-105,56.11,2.3,230.04,normal
2025-06-03T12:00:00,M-105,57.24,2.42,232.14,normal
2025-06-03T13:00:00,M-105,54.21,2.45,231.73,normal
2025-06-03T14:00:00,M-105,55.28,2.09,230.87,normal
2025-06-03T15:00:00,M-105,53.64,2.23,228.95,normal
2025-06-03T16:00:00,M-105,55.33,2.28,231.93,normal
2025-06-03T17:00:00,M-105,55.16,2.1,228.11,normal
2025-06-03T18:00:00,M-105,53.27,2.25,229.72,normal
2025-06-03T19:00:00,M-105,56.49,2.14,226.64,normal
2025-06-03T20:00:00,M-105,54.81,2.05,228.14,normal
2025-06-03T21:00:00,M-105,54.9,2.31,229.27,normal
2025-06-03T22:00:00,M-105,53.98,2.27,230.19,normal
2025-06-03T23:00:00,M-105,53.52,2.22,229.65,normal
2025-06-04T00:00:00,M-105,53.44,2.24,229.23,normal
2025-06-04T01:00:00,M-105,54.52,2.34,231.01,normal
2025-06-04T02:00:00,M-105,53.39,2.25,231.6,normal
2025-06-04T03:00:00,M-105,57.11,2.27,230.17,normal
2025-06-04T04:00:00,M-105,54.81,2.26,229.55,normal
2025-06-04T05:00:00,M-105,57.5,2.15,232.36,normal
2025-06-04T06:00:00,M-105,55.16,2.43,229.78,normal
2025-06-04T07:00:00,M-105,56.67,2.01,229.8,normal
2025-06-04T08:00:00,M-105,53.75,2.26,230.08,normal
2025-06-04T09:00:00,M-105,53.85,2.15,227.97,normal
2025-06-04T10:00:00,M-105,56.04,2.18,231.27,normal
2025-06-04T11:00:00,M-105,56.86,2.15,230.63,normal
2025-06-04T12:00:00,M-105,54.85,2.12,229.22,normal
2025-06-04T13:00:00,M-105,55.96,2.15,229.56,normal
2025-06-04T14:00:00,M-105,54.14,2.36,229.67,normal
2025-06-04T15:00:00,M-105,55.95,2.05,231.09,normal
2025-06-04T16:00:00,M-105,55.7,2.18,228.33,normal
2025-06-04T17:00:00,M-105,53.31,2.6,226.5,normal
2025-06-04T18:00:00,M-105,55.7,2.1,228.53,normal
2025-06-04T19:00:00,M-105,56.74,1.96,230.64,normal
2025-06-04T20:00:00,M-105,54.61,2.13,227.45,normal
2025-06-04T21:00:00,M-105,56.69,2.23,228.63,normal
2025-06-04T22:00:00,M-105,55.7,2.12,231.6,normal
2025-06-04T23:00:00,M-105,53.85,2.3,229.57,normal
2025-06-05T00:00:00,M-105,54.57,2.24,228.63,normal
2025-06-05T01:00:00,M-105,56.92,2.31,232.59,normal
2025-06-05T02:00:00,M-105,56.03,2.23,230.76,normal
2025-06-05T03:00:00,M-105,56.56,2.08,229.26,normal
2025-06-05T04:00:00,M-105,52.51,1.97,229.62,normal
2025-06-05T05:00:00,M-105,53.95,2.23,229.5,normal
2025-06-05T06:00:00,M-105,53.34,2.26,228.87,normal
2025-06-05T07:00:00,M-105,55.59,2.46,228.92,normal
2025-06-05T08:00:00,M-105,53.98,2.43,228.1,normal
2025-06-05T09:00:00,M-105,54.47,2.02,228.19,normal
2025-06-05T10:00:00,M-105,54.91,2.17,229.63,normal
2025-06-05T11:00:00,M-105,56.53,1.95,229.14,normal
2025-06-05T12:00:00,M-105,56.41,2.45,231.84,normal
2025-06-05T13:00:00,M-105,52.79,2.54,230.57,normal
2025-06-05T14:00:00,M-105,54.95,2.31,228.0,normal
2025-06-05T15:00:00,M-105,54.41,2.36,228.4,normal
2025-06-05T16:00:00,M-105,55.34,2.18,228.14,normal
2025-06-05T17:00:00,M-105,55.28,2.05,229.93,normal
2025-06-05T18:00:00,M-105,56.37,2.27,230.62,normal
2025-06-05T19:00:00,M-105,55.4,2.24,230.49,normal
2025-06-05T20:00:00,M-105,52.43,2.08,230.7,normal
2025-06-05T21:00:00,M-105,54.06,2.02,229.93,normal
2025-06-05T22:00:00,M-105,55.37,2.21,232.54,normal
2025-06-05T23:00:00,M-105,53.52,2.21,227.9,normal
2025-06-06T00:00:00,M-105,55.45,2.2,228.05,normal
2025-06-06T01:00:00,M-105,56.93,2.24,227.64,normal
2025-06-06T02:00:00,M-105,52.72,1.98,230.11,normal
2025-06-06T03:00:00,M-105,53.99,2.14,229.32,normal
2025-06-06T04:00:00,M-105,54.35,2.13,230.22,normal
2025-06-06T05:00:00,M-105,54.97,2.37,229.55,normal
2025-06-06T06:00:00,M-105,52.5,1.84,230.22,normal
2025-06-06T07:00:00,M-105,55.28,2.06,230.2,normal
2025-06-06T08:00:00,M-105,53.57,2.32,234.02,normal
2025-06-06T09:00:00,M-105,54.09,2.38,230.35,normal
2025-06-06T10:00:00,M-105,54.68,2.3,228.74,normal
2025-06-06T11:00:00,M-105,53.81,2.17,227.78,normal
2025-06-06T12:00:00,M-105,55.72,1.98,228.84,normal
2025-06-06T13:00:00,M-105,54.97,2.06,230.72,normal
2025-06-06T14:00:00,M-105,54.69,2.14,227.61,normal
2025-06-06T15:00:00,M-105,53.95,1.98,227.1,normal
2025-06-06T16:00:00,M-105,56.21,2.36,230.16,normal
2025-06-06T17:00:00,M-105,52.99,2.35,231.6,normal
2025-06-06T18:00:00,M-105,53.35,2.14,228.6,normal
2025-06-06T19:00:00,M-105,57.83,2.29,231.06,normal
2025-06-06T20:00:00,M-105,55.88,2.04,230.16,normal
2025-06-06T21:00:00,M-105,56.0,2.41,231.24,normal
2025-06-06T22:00:00,M-105,53.32,1.9,231.15,normal
2025-06-06T23:00:00,M-105,55.96,1.97,229.17,normal
2025-06-07T00:00:00,M-105,53.82,1.97,232.53,normal
2025-06-07T01:00:00,M-105,57.16,2.15,231.92,normal
2025-06-07T02:00:00,M-105,54.97,1.97,230.77,normal
2025-06-07T03:00:00,M-105,57.59,2.05,228.98,normal
2025-06-07T04:00:00,M-105,54.51,1.98,228.97,normal
2025-06-07T05:00:00,M-105,55.54,2.09,230.0,normal
2025-06-07T06:00:00,M-105,55.99,2.36,229.04,normal
2025-06-07T07:00:00,M-105,54.71,2.39,228.65,normal
2025-06-07T08:00:00,M-105,54.34,2.49,229.62,normal
2025-06-07T09:00:00,M-105,54.75,2.03,228.63,normal
2025-06-07T10:00:00,M-105,54.03,2.09,227.8,normal
2025-06-07T11:00:00,M-105,55.54,2.25,229.49,normal
2025-06-07T12:00:00,M-105,53.1,2.3,231.44,normal
2025-06-07T13:00:00,M-105,55.31,2.01,231.09,normal
2025-06-07T14:00:00,M-105,54.17,2.09,230.61,normal
2025-06-07T15:00:00,M-105,56.71,2.36,230.39,normal
2025-06-07T16:00:00,M-105,55.78,2.38,234.91,normal
2025-06-07T17:00:00,M-105,55.36,2.28,229.72,normal
2025-06-07T18:00:00,M-105,55.75,2.26,231.86,normal
2025-06-07T19:00:00,M-105,55.13,2.13,227.12,normal
2025-06-07T20:00:00,M-105,54.94,1.99,229.31,normal
2025-06-07T21:00:00,M-105,53.72,1.9,230.03,normal
2025-06-07T22:00:00,M-105,54.47,2.35,230.7,normal
2025-06-07T23:00:00,M-105,57.28,2.34,230.1,normal
2025-06-08T00:00:00,M-105,55.52,2.13,228.52,normal
2025-06-08T01:00:00,M-105,56.37,1.92,229.67,normal
2025-06-08T02:00:00,M-105,56.0,2.2,230.74,normal
2025-06-08T03:00:00,M-105,54.49,2.06,231.36,normal
2025-06-08T04:00:00,M-105,56.19,1.93,228.89,normal
2025-06-08T05:00:00,M-105,55.04,2.16,228.03,normal
2025-06-08T06:00:00,M-105,55.21,2.32,233.92,normal
2025-06-08T07:00:00,M-105,53.07,2.23,229.81,normal
2025-06-08T08:00:00,M-105,54.61,2.3,230.09,normal
2025-06-08T09:00:00,M-105,56.19,2.04,231.51,normal
2025-06-08T10:00:00,M-105,53.11,2.19,228.71,normal
2025-06-08T11:00:00,M-105,57.6,2.16,229.85,normal
2025-06-08T12:00:00,M-105,55.0,2.52,231.86,normal
2025-06-08T13:00:00,M-105,55.33,2.26,232.64,normal
2025-06-08T14:00:00,M-105,55.2,2.09,233.68,normal
2025-06-08T15:00:00,M-105,54.75,2.23,231.66,normal
2025-06-08T16:00:00,M-105,54.21,1.95,230.27,normal
2025-06-08T17:00:00,M-105,54.25,2.29,231.53,normal
2025-06-08T18:00:00,M-105,55.92,2.39,230.51,normal
2025-06-08T19:00:00,M-105,54.03,2.06,228.65,normal
2025-06-08T20:00:00,M-105,56.45,2.02,229.78,normal
2025-06-08T21:00:00,M-105,57.03,2.15,228.09,normal
2025-06-08T22:00:00,M-105,53.69,2.01,229.13,normal
2025-06-08T23:00:00,M-105,53.2,1.95,227.52,normal
2025-06-09T00:00:00,M-105,56.02,2.25,229.14,normal
2025-06-09T01:00:00,M-105,54.17,2.01,229.7,normal
2025-06-09T02:00:00,M-105,56.7,2.11,231.95,normal
2025-06-09T03:00:00,M-105,51.89,1.99,229.06,normal
2025-06-09T04:00:00,M-105,53.52,1.94,225.34,normal
2025-06-09T05:00:00,M-105,54.37,2.23,230.68,normal
2025-06-09T06:00:00,M-105,54.79,2.53,230.21,normal
2025-06-09T07:00:00,M-105,56.06,2.43,229.95,normal
2025-06-09T08:00:00,M-105,56.09,1.89,231.13,normal
2025-06-09T09:00:00,M-105,55.4,2.4,231.26,normal
2025-06-09T10:00:00,M-105,54.45,2.27,229.87,normal
2025-06-09T11:00:00,M-105,53.24,2.11,230.56,normal
2025-06-09T12:00:00,M-105,54.34,1.91,231.95,normal
2025-06-09T13:00:00,M-105,55.03,2.32,228.56,normal
2025-06-09T14:00:00,M-105,55.24,2.27,225.44,normal
2025-06-09T15:00:00,M-105,54.59,2.35,228.2,normal
2025-06-09T16:00:00,M-105,53.04,2.34,232.77,normal
2025-06-09T17:00:00,M-105,52.52,2.28,227.52,normal
2025-06-09T18:00:00,M-105,55.13,2.11,230.77,normal
2025-06-09T19:00:00,M-105,54.8,2.27,229.97,normal
2025-06-09T20:00:00,M-105,55.46,2.41,227.09,normal
2025-06-09T21:00:00,M-105,55.55,2.22,231.13,normal
2025-06-09T22:00:00,M-105,56.44,1.99,230.35,normal
2025-06-09T23:00:00,M-105,53.26,2.22,231.39,normal
2025-06-10T00:00:00,M-105,53.22,2.12,230.0,normal
2025-06-10T01:00:00,M-105,54.05,2.19,227.57,normal
2025-06-10T02:00:00,M-105,54.71,2.16,228.92,normal
2025-06-10T03:00:00,M-105,55.02,2.03,230.62,normal
2025-06-10T04:00:00,M-105,55.57,2.26,229.69,normal
2025-06-10T05:00:00,M-105,56.72,2.13,231.79,normal
2025-06-10T06:00:00,M-105,54.87,2.01,232.25,normal
2025-06-10T07:00:00,M-105,52.95,2.52,229.17,normal
2025-06-10T08:00:00,M-105,53.39,1.86,232.0,normal
2025-06-10T09:00:00,M-105,55.29,2.39,226.41,normal
2025-06-10T10:00:00,M-105,53.64,2.38,230.93,normal
2025-06-10T11:00:00,M-105,54.01,2.47,228.05,normal
2025-06-10T12:00:00,M-105,54.63,2.32,230.88,normal
2025-06-10T13:00:00,M-105,53.74,2.02,228.02,normal
2025-06-10T14:00:00,M-105,54.96,2.34,231.13,normal
2025-06-10T15:00:00,M-105,53.82,2.02,229.23,normal
2025-06-10T16:00:00,M-105,55.11,2.08,231.42,normal
2025-06-10T17:00:00,M-105,54.59,2.21,226.91,normal
2025-06-10T18:00:00,M-105,54.04,2.18,230.37,normal
2025-06-10T19:00:00,M-105,54.72,2.15,228.69,normal
2025-06-10T20:00:00,M-105,55.4,2.11,229.68,normal
2025-06-10T21:00:00,M-105,54.02,2.14,232.1,normal
2025-06-10T22:00:00,M-105,53.35,2.18,229.27,normal
2025-06-10T23:00:00,M-105,54.55,2.15,229.59,normal
2025-06-11T00:00:00,M-105,52.41,2.13,229.78,normal
2025-06-11T01:00:00,M-105,55.25,2.32,226.07,normal
2025-06-11T02:00:00,M-105,52.94,2.29,228.75,normal
2025-06-11T03:00:00,M-105,55.82,2.44,232.69,normal
2025-06-11T04:00:00,M-105,53.9,2.01,233.3,normal
2025-06-11T05:00:00,M-105,53.7,2.11,232.54,normal
2025-06-11T06:00:00,M-105,55.63,2.29,231.37,normal
2025-06-11T07:00:00,M-105,54.18,2.32,230.97,normal
2025-06-11T08:00:00,M-105,55.56,2.28,229.41,normal
2025-06-11T09:00:00,M-105,54.64,2.34,227.29,normal
2025-06-11T10:00:00,M-105,54.52,2.19,231.74,normal
2025-06-11T11:00:00,M-105,54.45,2.23,228.1,normal
2025-06-11T12:00:00,M-105,56.82,2.48,231.08,normal
2025-06-11T13:00:00,M-105,54.01,2.01,229.99,normal
2025-06-11T14:00:00,M-105,55.52,2.19,228.11,normal
2025-06-11T15:00:00,M-105,54.77,2.39,228.41,normal
2025-06-11T16:00:00,M-105,56.36,2.35,230.14,normal
2025-06-11T17:00:00,M-105,55.2,2.04,231.38,normal
2025-06-11T18:00:00,M-105,56.46,2.42,227.62,normal
2025-06-11T19:00:00,M-105,55.58,2.18,229.48,normal
2025-06-11T20:00:00,M-105,52.74,2.39,231.24,normal
2025-06-11T21:00:00,M-105,56.74,2.2,232.15,normal
2025-06-11T22:00:00,M-105,55.96,2.3,229.86,normal
2025-06-11T23:00:00,M-105,55.94,2.42,232.28,normal
2025-06-12T00:00:00,M-105,55.54,2.22,228.42,normal
2025-06-12T01:00:00,M-105,55.1,2.47,231.39,normal
2025-06-12T02:00:00,M-105,54.41,2.1,233.41,normal
2025-06-12T03:00:00,M-105,55.34,2.28,230.22,normal
2025-06-12T04:00:00,M-105,56.96,2.01,231.17,normal
2025-06-12T05:00:00,M-105,55.21,2.15,229.89,normal
2025-06-12T06:00:00,M-105,55.16,2.18,229.4,normal
2025-06-12T07:00:00,M-105,55.05,2.26,229.05,normal
2025-06-12T08:00:00,M-105,54.4,2.17,229.9,normal
2025-06-12T09:00:00,M-105,55.7,2.26,230.28,normal
2025-06-12T10:00:00,M-105,56.36,2.47,230.14,normal
2025-06-12T11:00:00,M-105,53.35,2.2,229.45,normal
2025-06-12T12:00:00,M-105,55.12,2.05,231.45,normal
2025-06-12T13:00:00,M-105,53.34,2.26,232.41,normal
2025-06-12T14:00:00,M-105,54.81,2.16,230.83,normal
2025-06-12T15:00:00,M-105,55.36,2.14,228.21,normal
2025-06-12T16:00:00,M-105,56.42,2.25,229.25,normal
2025-06-12T17:00:00,M-105,54.9,2.0,229.55,normal
2025-06-12T18:00:00,M-105,56.1,2.26,228.85,normal
2025-06-12T19:00:00,M-105,54.41,2.47,230.49,normal
2025-06-12T20:00:00,M-105,55.53,2.38,230.51,normal
2025-06-12T21:00:00,M-105,55.62,2.53,233.05,normal
2025-06-12T22:00:00,M-105,56.8,2.23,227.19,normal
2025-06-12T23:00:00,M-105,57.05,2.33,230.1,normal
2025-06-13T00:00:00,M-105,53.06,2.06,230.04,normal
2025-06-13T01:00:00,M-105,56.5,2.32,230.44,normal
2025-06-13T02:00:00,M-105,55.91,2.13,229.81,normal
2025-06-13T03:00:00,M-105,56.13,2.45,229.83,normal
2025-06-13T04:00:00,M-105,56.01,2.04,231.61,normal
2025-06-13T05:00:00,M-105,56.18,2.23,230.73,normal
2025-06-13T06:00:00,M-105,57.0,2.21,231.15,normal
2025-06-13T07:00:00,M-105,56.93,2.1,228.32,normal
2025-06-13T08:00:00,M-105,54.29,2.18,226.61,normal
2025-06-13T09:00:00,M-105,55.68,2.18,232.89,normal
2025-06-13T10:00:00,M-105,56.06,2.06,228.72,normal
2025-06-13T11:00:00,M-105,55.07,2.05,228.64,normal
2025-06-13T12:00:00,M-105,54.34,2.23,228.01,normal
2025-06-13T13:00:00,M-105,55.19,2.16,230.69,normal
2025-06-13T14:00:00,M-105,56.98,2.25,227.93,normal
2025-06-13T15:00:00,M-105,55.69,2.05,231.0,normal
2025-06-13T16:00:00,M-105,55.22,1.79,232.11,normal
2025-06-13T17:00:00,M-105,54.81,2.49,231.62,normal
2025-06-13T18:00:00,M-105,54.15,2.11,234.03,normal
2025-06-13T19:00:00,M-105,55.21,2.18,232.24,normal
2025-06-13T20:00:00,M-105,56.12,2.0,229.75,normal
2025-06-13T21:00:00,M-105,55.28,2.05,231.62,normal
2025-06-13T22:00:00,M-105,56.99,2.33,228.46,normal
2025-06-13T23:00:00,M-105,53.93,2.19,227.51,normal
2025-06-14T00:00:00,M-105,54.89,2.41,230.39,normal
2025-06-14T01:00:00,M-105,53.26,2.13,229.06,normal
2025-06-14T02:00:00,M-105,54.21,2.01,230.22,normal
2025-06-14T03:00:00,M-105,54.99,1.94,229.29,normal
2025-06-14T04:00:00,M-105,55.99,2.25,228.83,normal
2025-06-14T05:00:00,M-105,54.0,2.07,229.55,normal
2025-06-14T06:00:00,M-105,54.39,2.26,226.45,normal
2025-06-14T07:00:00,M-105,53.4,2.15,229.93,normal
2025-06-14T08:00:00,M-105,54.36,2.27,228.9,normal
2025-06-14T09:00:00,M-105,54.62,2.54,227.97,normal
2025-06-14T10:00:00,M-105,52.85,2.0,230.42,normal
2025-06-14T11:00:00,M-105,54.49,2.14,227.96,normal
2025-06-14T12:00:00,M-105,52.66,2.45,231.59,normal
2025-06-14T13:00:00,M-105,54.66,2.18,231.21,normal
2025-06-14T14:00:00,M-105,55.91,2.32,230.27,normal
2025-06-14T15:00:00,M-105,54.81,2.18,229.26,normal
2025-06-14T16:00:00,M-105,53.74,2.31,228.23,normal
2025-06-14T17:00:00,M-105,55.75,2.19,230.38,normal
2025-06-14T18:00:00,M-105,57.17,2.23,226.15,normal
2025-06-14T19:00:00,M-105,56.45,2.14,231.25,normal
2025-06-14T20:00:00,M-105,55.2,2.23,233.37,normal
2025-06-14T21:00:00,M-105,55.12,2.19,229.75,normal
2025-06-14T22:00:00,M-105,54.56,2.11,227.56,normal
2025-06-14T23:00:00,M-105,54.95,2.14,232.33,normal
2025-06-15T00:00:00,M-105,55.45,2.11,230.41,normal
2025-06-15T01:00:00,M-105,55.67,2.32,228.26,normal
2025-06-15T02:00:00,M-105,54.62,2.19,232.27,normal
2025-06-15T03:00:00,M-105,54.76,2.19,229.93,normal
2025-06-15T04:00:00,M-105,54.52,2.06,229.24,normal
2025-06-15T05:00:00,M-105,54.01,2.12,228.91,normal
2025-06-15T06:00:00,M-105,54.32,2.01,232.36,normal
2025-06-15T07:00:00,M-105,52.87,2.13,231.39,normal
2025-06-15T08:00:00,M-105,54.77,2.01,229.42,normal
2025-06-15T09:00:00,M-105,53.89,2.21,229.23,normal
2025-06-15T10:00:00,M-105,53.66,2.2,228.9,normal
2025-06-15T11:00:00,M-105,55.97,2.37,228.62,normal
2025-06-15T12:00:00,M-105,53.71,2.36,232.43,normal
2025-06-15T13:00:00,M-105,53.78,2.12,227.17,normal
2025-06-15T14:00:00,M-105,54.09,2.3,230.6,normal
2025-06-15T15:00:00,M-105,55.75,2.41,234.27,normal
2025-06-15T16:00:00,M-105,53.58,2.34,229.78,normal
2025-06-15T17:00:00,M-105,55.49,2.1,227.68,normal
2025-06-15T18:00:00,M-105,56.11,2.14,230.95,normal
2025-06-15T19:00:00,M-105,56.91,2.38,230.54,normal
2025-06-15T20:00:00,M-105,55.2,2.25,230.51,normal
2025-06-15T21:00:00,M-105,56.79,1.93,232.44,normal
2025-06-15T22:00:00,M-105,53.42,2.13,228.76,normal
2025-06-15T23:00:00,M-105,54.41,2.29,234.02,normal
2025-06-16T00:00:00,M-105,55.35,1.93,228.19,normal
2025-06-16T01:00:00,M-105,54.92,2.15,230.64,normal
2025-06-16T02:00:00,M-105,54.74,2.28,229.95,normal
2025-06-16T03:00:00,M-105,56.03,2.32,232.89,normal
2025-06-16T04:00:00,M-105,57.2,2.06,229.96,normal
2025-06-16T05:00:00,M-105,53.63,2.24,229.78,normal
2025-06-16T06:00:00,M-105,51.89,2.22,231.62,normal
2025-06-16T07:00:00,M-105,55.63,2.13,229.07,normal
2025-06-16T08:00:00,M-105,53.3,2.14,228.88,normal
2025-06-16T09:00:00,M-105,55.22,2.28,229.45,normal
2025-06-16T10:00:00,M-105,52.74,2.25,232.04,normal
2025-06-16T11:00:00,M-105,55.46,2.43,229.35,normal
2025-06-16T12:00:00,M-105,52.76,1.97,229.3,normal
2025-06-16T13:00:00,M-105,54.14,2.21,229.01,normal
2025-06-16T14:00:00,M-105,56.43,2.15,229.6,normal
2025-06-16T15:00:00,M-105,54.69,2.03,230.82,normal
2025-06-16T16:00:00,M-105,56.27,2.07,227.98,normal
2025-06-16T17:00:00,M-105,56.55,2.19,229.77,normal
2025-06-16T18:00:00,M-105,54.04,2.02,230.46,normal
2025-06-16T19:00:00,M-105,55.76,1.95,229.74,normal
2025-06-16T20:00:00,M-105,55.75,1.95,230.87,normal
2025-06-16T21:00:00,M-105,52.98,2.13,229.95,normal
2025-06-16T22:00:00,M-105,53.99,2.21,229.92,normal
2025-06-16T23:00:00,M-105,56.8,2.22,231.72,normal
2025-06-17T00:00:00,M-105,56.71,2.07,230.82,normal
2025-06-17T01:00:00,M-105,56.53,2.05,229.24,normal
2025-06-17T02:00:00,M-105,53.79,2.03,229.76,normal
2025-06-17T03:00:00,M-105,56.12,2.11,227.92,normal
2025-06-17T04:00:00,M-105,56.58,2.1,229.53,normal
2025-06-17T05:00:00,M-105,54.9,2.2,229.67,normal
2025-06-17T06:00:00,M-105,55.67,2.12,230.48,normal
2025-06-17T07:00:00,M-105,55.41,2.17,231.04,normal
2025-06-17T08:00:00,M-105,55.47,2.06,230.48,normal
2025-06-17T09:00:00,M-105,53.97,2.39,229.56,normal
2025-06-17T10:00:00,M-105,54.51,2.11,232.34,normal
2025-06-17T11:00:00,M-105,55.52,2.2,229.85,normal
2025-06-17T12:00:00,M-105,54.61,2.21,229.48,normal
2025-06-17T13:00:00,M-105,54.11,2.24,230.5,normal
2025-06-17T14:00:00,M-105,54.58,2.36,231.91,normal
2025-06-17T15:00:00,M-105,55.85,2.15,233.09,normal
2025-06-17T16:00:00,M-105,54.15,2.07,231.45,normal
2025-06-17T17:00:00,M-105,55.8,2.1,229.54,normal
2025-06-17T18:00:00,M-105,55.22,2.28,230.49,normal
2025-06-17T19:00:00,M-105,57.11,2.14,226.31,normal
2025-06-17T20:00:00,M-105,56.21,2.31,230.97,normal
2025-06-17T21:00:00,M-105,54.18,2.19,228.34,normal
2025-06-17T22:00:00,M-105,55.37,2.16,231.75,normal
2025-06-17T23:00:00,M-105,55.13,2.12,228.45,normal
2025-06-18T00:00:00,M-105,56.6,2.46,230.71,normal
2025-06-18T01:00:00,M-105,56.56,2.0,231.27,normal
2025-06-18T02:00:00,M-105,54.4,2.32,229.89,normal
2025-06-18T03:00:00,M-105,56.03,2.15,230.88,normal
2025-06-18T04:00:00,M-105,56.7,2.17,227.86,normal
2025-06-18T05:00:00,M-105,56.96,2.19,229.35,normal
2025-06-18T06:00:00,M-105,53.1,2.26,229.77,normal
2025-06-18T07:00:00,M-105,54.09,2.05,228.65,normal
2025-06-18T08:00:00,M-105,55.64,1.92,229.54,normal
2025-06-18T09:00:00,M-105,55.93,2.33,230.46,normal
2025-06-18T10:00:00,M-105,55.8,2.17,230.41,normal
2025-06-18T11:00:00,M-105,54.62,2.02,231.28,normal
2025-06-18T12:00:00,M-105,56.61,2.39,230.71,normal
2025-06-18T13:00:00,M-105,54.92,2.17,229.77,normal
2025-06-18T14:00:00,M-105,56.94,2.09,230.02,normal
2025-06-18T15:00:00,M-105,55.5,2.11,230.96,normal
2025-06-18T16:00:00,M-105,56.99,2.09,229.37,normal
2025-06-18T17:00:00,M-105,55.43,2.16,230.42,normal
2025-06-18T18:00:00,M-105,55.68,2.01,229.65,normal
2025-06-18T19:00:00,M-105,54.66,2.04,230.85,normal
2025-06-18T20:00:00,M-105,56.59,2.3,229.2,normal
2025-06-18T21:00:00,M-105,54.66,2.52,231.85,normal
2025-06-18T22:00:00,M-105,55.87,2.04,230.93,normal
2025-06-18T23:00:00,M-105,55.08,2.07,230.95,normal
2025-06-19T00:00:00,M-105,57.03,1.77,230.81,normal
2025-06-19T01:00:00,M-105,56.59,2.47,229.68,normal
2025-06-19T02:00:00,M-105,55.4,2.17,230.44,normal
2025-06-19T03:00:00,M-105,55.34,2.23,230.71,normal
2025-06-19T04:00:00,M-105,53.36,2.44,226.29,normal
2025-06-19T05:00:00,M-105,57.66,2.11,231.09,normal
2025-06-19T06:00:00,M-105,53.37,1.98,229.25,normal
2025-06-19T07:00:00,M-105,54.82,1.87,229.05,normal
2025-06-19T08:00:00,M-105,55.05,2.28,229.34,normal
2025-06-19T09:00:00,M-105,54.9,2.18,230.08,normal
2025-06-19T10:00:00,M-105,55.35,1.92,228.59,normal
2025-06-19T11:00:00,M-105,56.1,2.15,231.63,normal
2025-06-19T12:00:00,M-105,54.17,2.27,230.72,normal
2025-06-19T13:00:00,M-105,54.58,2.0,231.07,normal
2025-06-19T14:00:00,M-105,53.23,2.07,230.4,normal
2025-06-19T15:00:00,M-105,56.05,2.28,230.8,normal
2025-06-19T16:00:00,M-105,53.55,2.24,228.79,normal
2025-06-19T17:00:00,M-105,56.96,1.95,230.76,normal
2025-06-19T18:00:00,M-105,55.78,2.2,230.76,normal
2025-06-19T19:00:00,M-105,54.5,2.1,231.89,normal
2025-06-19T20:00:00,M-105,55.79,2.15,230.88,normal
2025-06-19T21:00:00,M-105,54.75,2.0,229.03,normal
2025-06-19T22:00:00,M-105,55.82,2.25,229.44,normal
2025-06-19T23:00:00,M-105,55.44,2.24,228.97,normal
2025-06-20T00:00:00,M-105,55.91,1.99,231.92,normal
2025-06-20T01:00:00,M-105,56.94,2.08,230.61,normal
2025-06-20T02:00:00,M-105,54.83,2.25,230.29,normal
2025-06-20T03:00:00,M-105,58.89,2.07,229.97,normal
2025-06-20T04:00:00,M-105,54.07,1.96,232.23,normal
2025-06-20T05:00:00,M-105,55.37,2.44,230.8,normal
2025-06-20T06:00:00,M-105,53.69,2.07,229.31,normal
2025-06-20T07:00:00,M-105,55.0,2.43,230.17,normal
2025-06-20T08:00:00,M-105,55.67,2.05,232.73,normal
2025-06-20T09:00:00,M-105,55.11,2.07,233.42,normal
2025-06-20T10:00:00,M-105,54.59,2.24,229.12,normal
2025-06-20T11:00:00,M-105,56.78,1.94,230.42,normal
2025-06-20T12:00:00,M-105,53.42,2.28,233.56,normal
2025-06-20T13:00:00,M-105,56.88,2.22,230.75,normal
2025-06-20T14:00:00,M-105,57.56,1.89,229.52,normal
2025-06-20T15:00:00,M-105,54.11,2.17,230.39,normal
2025-06-20T16:00:00,M-105,56.24,2.1,230.42,normal
2025-06-20T17:00:00,M-105,54.81,2.22,231.61,normal
2025-06-20T18:00:00,M-105,56.68,2.28,229.08,normal
2025-06-20T19:00:00,M-105,56.0,2.13,228.55,normal
2025-06-20T20:00:00,M-105,55.3,2.1,232.05,normal
2025-06-20T21:00:00,M-105,55.52,2.48,232.05,normal
2025-06-20T22:00:00,M-105,54.79,2.14,230.91,normal
2025-06-20T23:00:00,M-105,55.94,2.35,230.37,normal
2025-06-21T00:00:00,M-105,55.57,2.08,234.46,normal
2025-06-21T01:00:00,M-105,58.1,2.37,228.06,normal
2025-06-21T02:00:00,M-105,54.4,2.31,230.44,normal
2025-06-21T03:00:00,M-105,54.62,2.18,229.7,normal
2025-06-21T04:00:00,M-105,53.97,2.2,229.75,normal
2025-06-21T05:00:00,M-105,54.34,2.12,230.14,normal
2025-06-21T06:00:00,M-105,56.77,2.31,227.39,normal
2025-06-21T07:00:00,M-105,55.0,2.05,231.89,normal
2025-06-21T08:00:00,M-105,52.86,2.2,230.96,normal
2025-06-21T09:00:00,M-105,54.89,2.31,228.16,normal
2025-06-21T10:00:00,M-105,55.15,2.17,232.67,normal
2025-06-21T11:00:00,M-105,56.68,2.1,229.11,normal
2025-06-21T12:00:00,M-105,54.01,2.28,230.89,normal
2025-06-21T13:00:00,M-105,53.96,2.36,229.45,normal
2025-06-21T14:00:00,M-105,54.1,2.29,231.22,normal
2025-06-21T15:00:00,M-105,56.38,2.29,229.92,normal
2025-06-21T16:00:00,M-105,51.59,2.38,230.17,normal
2025-06-21T17:00:00,M-105,53.05,2.06,232.6,normal
2025-06-21T18:00:00,M-105,55.91,2.01,228.63,normal
2025-06-21T19:00:00,M-105,55.32,2.02,227.49,normal
2025-06-21T20:00:00,M-105,57.12,2.35,230.55,normal
2025-06-21T21:00:00,M-105,54.34,2.08,232.79,normal
2025-06-21T22:00:00,M-105,54.47,2.14,231.86,normal
2025-06-21T23:00:00,M-105,53.49,2.2,229.43,normal
2025-06-22T00:00:00,M-105,54.92,2.05,234.0,normal
2025-06-22T01:00:00,M-105,56.72,2.42,230.38,normal
2025-06-22T02:00:00,M-105,56.27,2.08,230.46,normal
2025-06-22T03:00:00,M-105,55.91,2.28,229.27,normal
2025-06-22T04:00:00,M-105,54.58,1.97,231.98,normal
2025-06-22T05:00:00,M-105,56.25,2.31,231.67,normal
2025-06-22T06:00:00,M-105,55.33,2.28,229.15,normal
2025-06-22T07:00:00,M-105,55.71,2.21,229.47,normal
2025-06-22T08:00:00,M-105,55.76,2.16,228.57,normal
2025-06-22T09:00:00,M-105,52.61,2.4,230.33,normal
2025-06-22T10:00:00,M-105,55.29,2.25,229.76,normal
2025-06-22T11:00:00,M-105,56.15,2.3,231.26,normal
2025-06-22T12:00:00,M-105,55.8,2.06,230.48,normal
2025-06-22T13:00:00,M-105,57.31,2.26,229.66,normal
2025-06-22T14:00:00,M-105,54.71,2.27,231.15,normal
2025-06-22T15:00:00,M-105,57.26,2.12,230.81,normal
2025-06-22T16:00:00,M-105,55.97,2.51,229.54,normal
2025-06-22T17:00:00,M-105,55.84,2.26,228.7,normal
2025-06-22T18:00:00,M-105,55.83,2.33,230.8,normal
2025-06-22T19:00:00,M-105,56.53,2.4,230.24,normal
2025-06-22T20:00:00,M-105,55.73,2.27,232.67,normal
2025-06-22T21:00:00,M-105,53.91,2.16,229.61,normal
2025-06-22T22:00:00,M-105,56.53,1.92,231.5,normal
2025-06-22T23:00:00,M-105,56.1,2.13,228.81,normal
2025-06-23T00:00:00,M-105,55.51,2.2,228.62,normal
2025-06-23T01:00:00,M-105,55.15,2.47,230.48,normal
2025-06-23T02:00:00,M-105,53.59,1.91,229.12,normal
2025-06-23T03:00:00,M-105,55.59,2.2,227.35,normal
2025-06-23T04:00:00,M-105,55.57,2.33,229.72,normal
2025-06-23T05:00:00,M-105,57.41,2.23,229.53,normal
2025-06-23T06:00:00,M-105,55.42,2.17,230.32,normal
2025-06-23T07:00:00,M-105,53.21,2.34,229.62,normal
2025-06-23T08:00:00,M-105,54.42,2.33,228.61,normal
2025-06-23T09:00:00,M-105,56.33,1.92,228.84,normal
2025-06-23T10:00:00,M-105,53.9,2.06,228.48,normal
2025-06-23T11:00:00,M-105,55.45,2.36,228.29,normal
2025-06-23T12:00:00,M-105,57.5,2.17,231.82,normal
2025-06-23T13:00:00,M-105,54.42,2.28,233.62,normal
2025-06-23T14:00:00,M-105,55.19,2.39,230.39,normal
2025-06-23T15:00:00,M-105,56.31,1.91,230.88,normal
2025-06-23T16:00:00,M-105,52.72,2.07,231.72,normal
2025-06-23T17:00:00,M-105,55.41,2.19,231.03,normal
2025-06-23T18:00:00,M-105,54.38,2.01,230.43,normal
2025-06-23T19:00:00,M-105,53.15,2.11,229.52,normal
2025-06-23T20:00:00,M-105,55.93,2.01,227.68,normal
2025-06-23T21:00:00,M-105,56.61,2.18,227.3,normal
2025-06-23T22:00:00,M-105,56.07,1.91,227.89,normal
2025-06-23T23:00:00,M-105,54.07,2.43,229.3,normal
2025-06-24T00:00:00,M-105,55.68,2.27,230.49,normal
2025-06-24T01:00:00,M-105,57.91,2.17,230.0,normal
2025-06-24T02:00:00,M-105,51.76,2.2,233.51,normal
2025-06-24T03:00:00,M-105,53.73,2.38,230.83,normal
2025-06-24T04:00:00,M-105,55.98,1.93,229.34,normal
2025-06-24T05:00:00,M-105,54.55,2.37,230.56,normal
2025-06-24T06:00:00,M-105,54.43,2.45,231.23,normal
2025-06-24T07:00:00,M-105,55.28,2.13,230.69,normal
2025-06-24T08:00:00,M-105,53.26,2.42,228.59,normal
2025-06-24T09:00:00,M-105,56.28,2.06,233.25,normal
2025-06-24T10:00:00,M-105,54.37,2.26,228.34,normal
2025-06-24T11:00:00,M-105,56.28,1.98,231.68,normal
2025-06-24T12:00:00,M-105,57.52,2.2,233.24,normal
2025-06-24T13:00:00,M-105,51.89,2.08,230.58,normal
2025-06-24T14:00:00,M-105,55.27,2.26,229.67,normal
2025-06-24T15:00:00,M-105,57.29,2.31,229.91,normal
2025-06-24T16:00:00,M-105,56.37,2.32,232.93,normal
2025-06-24T17:00:00,M-105,54.23,2.38,227.91,normal
2025-06-24T18:00:00,M-105,52.1,2.24,230.05,normal
2025-06-24T19:00:00,M-105,53.3,2.04,230.65,normal
2025-06-24T20:00:00,M-105,55.35,2.19,230.88,normal
2025-06-24T21:00:00,M-105,54.1,2.38,228.97,normal
2025-06-24T22:00:00,M-105,54.95,2.16,229.62,normal
2025-06-24T23:00:00,M-105,53.6,2.25,229.3,normal
2025-06-25T00:00:00,M-105,53.36,2.39,231.24,normal
2025-06-25T01:00:00,M-105,55.2,2.09,227.37,normal
2025-06-25T02:00:00,M-105,56.27,2.38,230.39,normal
2025-06-25T03:00:00,M-105,55.47,2.36,230.98,normal
2025-06-25T04:00:00,M-105,55.58,2.02,230.48,normal
2025-06-25T05:00:00,M-105,54.96,2.37,232.62,normal
2025-06-25T06:00:00,M-105,54.25,2.03,231.0,normal
2025-06-25T07:00:00,M-105,56.94,2.19,228.8,normal
2025-06-25T08:00:00,M-105,53.51,1.96,228.58,normal
2025-06-25T09:00:00,M-105,54.37,2.17,229.12,normal
2025-06-25T10:00:00,M-105,56.15,2.35,225.48,normal
2025-06-25T11:00:00,M-105,55.06,2.04,228.96,normal
2025-06-25T12:00:00,M-105,55.67,2.4,231.88,normal
2025-06-25T13:00:00,M-105,54.5,2.22,229.87,normal
2025-06-25T14:00:00,M-105,54.3,2.37,229.42,normal
2025-06-25T15:00:00,M-105,54.2,2.0,230.77,normal
2025-06-25T16:00:00,M-105,56.0,2.29,232.92,normal
2025-06-25T17:00:00,M-105,56.14,2.35,230.61,normal
2025-06-25T18:00:00,M-105,55.99,2.16,231.9,normal
2025-06-25T19:00:00,M-105,56.02,1.86,232.0,normal
2025-06-25T20:00:00,M-105,55.01,2.32,229.62,normal
2025-06-25T21:00:00,M-105,55.48,2.22,230.96,normal
2025-06-25T22:00:00,M-105,57.51,2.15,227.98,normal
2025-06-25T23:00:00,M-105,54.21,2.22,227.65,normal
2025-06-26T00:00:00,M-105,54.01,2.43,232.27,normal
2025-06-26T01:00:00,M-105,54.92,2.14,229.23,normal
2025-06-26T02:00:00,M-105,55.17,2.13,229.83,normal
2025-06-26T03:00:00,M-105,56.01,2.34,228.17,normal
2025-06-26T04:00:00,M-105,55.44,2.23,230.14,normal
2025-06-26T05:00:00,M-105,55.06,2.09,230.71,normal
2025-06-26T06:00:00,M-105,52.75,2.22,231.36,normal
2025-06-26T07:00:00,M-105,56.53,2.09,228.37,normal
2025-06-26T08:00:00,M-105,55.41,2.12,227.06,normal
2025-06-26T09:00:00,M-105,53.85,2.05,230.32,normal
2025-06-26T10:00:00,M-105,56.31,2.2,231.69,normal
2025-06-26T11:00:00,M-105,56.31,2.41,232.95,normal
2025-06-26T12:00:00,M-105,56.27,2.11,229.88,normal
2025-06-26T13:00:00,M-105,54.99,2.03,231.11,normal
2025-06-26T14:00:00,M-105,54.33,2.15,230.66,normal
2025-06-26T15:00:00,M-105,54.65,2.32,229.26,normal
2025-06-26T16:00:00,M-105,56.69,2.17,228.9,normal
2025-06-26T17:00:00,M-105,55.62,2.35,228.9,normal
2025-06-26T18:00:00,M-105,55.39,2.29,227.87,normal
2025-06-26T19:00:00,M-105,56.41,2.42,226.92,normal
2025-06-26T20:00:00,M-105,54.71,2.26,228.57,normal
2025-06-26T21:00:00,M-105,54.63,2.12,230.59,normal
2025-06-26T22:00:00,M-105,56.44,2.11,231.97,normal
2025-06-26T23:00:00,M-105,57.12,2.26,229.95,normal
2025-06-27T00:00:00,M-105,56.88,2.25,231.95,normal
2025-06-27T01:00:00,M-105,55.56,1.99,229.59,normal
2025-06-27T02:00:00,M-105,53.39,1.99,225.81,normal
2025-06-27T03:00:00,M-105,55.07,2.15,227.7,normal
2025-06-27T04:00:00,M-105,55.23,2.29,230.36,normal
2025-06-27T05:00:00,M-105,54.8,2.24,229.03,normal
2025-06-27T06:00:00,M-105,56.4,2.14,226.76,normal
2025-06-27T07:00:00,M-105,53.72,2.46,229.25,normal
2025-06-27T08:00:00,M-105,54.78,1.99,228.15,normal
2025-06-27T09:00:00,M-105,55.39,2.06,229.61,normal
2025-06-27T10:00:00,M-105,55.7,2.22,229.92,normal
2025-06-27T11:00:00,M-105,55.58,2.3,232.41,normal
2025-06-27T12:00:00,M-105,53.7,2.01,230.01,normal
2025-06-27T13:00:00,M-105,54.95,2.22,231.1,normal
2025-06-27T14:00:00,M-105,56.15,2.18,229.22,normal
2025-06-27T15:00:00,M-105,55.13,2.35,229.16,normal
2025-06-27T16:00:00,M-105,53.65,2.21,226.25,normal
2025-06-27T17:00:00,M-105,55.08,2.16,229.31,normal
2025-06-27T18:00:00,M-105,57.26,2.25,228.01,normal
2025-06-27T19:00:00,M-105,54.29,2.14,232.18,normal
2025-06-27T20:00:00,M-105,54.69,2.23,230.77,normal
2025-06-27T21:00:00,M-105,54.63,2.06,231.03,normal
2025-06-27T22:00:00,M-105,54.25,2.28,230.29,normal
2025-06-27T23:00:00,M-105,52.65,2.01,231.95,normal
2025-06-28T00:00:00,M-105,54.63,2.22,228.23,normal
2025-06-28T01:00:00,M-105,52.73,2.17,230.44,normal
2025-06-28T02:00:00,M-105,56.23,2.19,232.48,normal
2025-06-28T03:00:00,M-105,52.15,2.12,231.92,normal
2025-06-28T04:00:00,M-105,57.07,2.69,229.88,normal
2025-06-28T05:00:00,M-105,54.6,1.99,229.68,normal
2025-06-28T06:00:00,M-105,53.27,2.39,228.38,normal
2025-06-28T07:00:00,M-105,55.73,2.46,230.49,normal
2025-06-28T08:00:00,M-105,54.15,2.46,231.51,normal
2025-06-28T09:00:00,M-105,57.18,2.48,229.87,normal
2025-06-28T10:00:00,M-105,55.23,2.15,232.08,normal
2025-06-28T11:00:00,M-105,55.49,2.15,229.14,normal
2025-06-28T12:00:00,M-105,53.45,2.14,229.36,normal
2025-06-28T13:00:00,M-105,52.35,1.98,230.07,normal
2025-06-28T14:00:00,M-105,54.17,2.3,230.13,normal
2025-06-28T15:00:00,M-105,55.27,2.07,229.61,normal
2025-06-28T16:00:00,M-105,53.28,2.19,231.27,normal
2025-06-28T17:00:00,M-105,53.33,2.01,229.84,normal
2025-06-28T18:00:00,M-105,53.1,2.31,229.81,normal
2025-06-28T19:00:00,M-105,55.13,2.16,228.98,normal
2025-06-28T20:00:00,M-105,54.49,2.12,230.8,normal
2025-06-28T21:00:00,M-105,55.27,2.05,230.83,normal
2025-06-28T22:00:00,M-105,56.25,1.98,230.64,normal
2025-06-28T23:00:00,M-105,55.22,2.13,225.97,normal
2025-06-29T00:00:00,M-105,56.0,1.97,227.79,normal
2025-06-29T01:00:00,M-105,54.48,2.24,227.37,normal
2025-06-29T02:00:00,M-105,54.14,2.02,229.12,normal
2025-06-29T03:00:00,M-105,55.1,2.48,229.53,normal
2025-06-29T04:00:00,M-105,53.25,2.04,229.12,normal
2025-06-29T05:00:00,M-105,55.17,2.1,231.32,normal
2025-06-29T06:00:00,M-105,55.35,1.94,230.76,normal
2025-06-29T07:00:00,M-105,55.68,2.26,229.31,normal
2025-06-29T08:00:00,M-105,56.23,2.18,227.94,normal
2025-06-29T09:00:00,M-105,54.67,1.92,230.1,normal
2025-06-29T10:00:00,M-105,55.16,2.03,231.76,normal
2025-06-29T11:00:00,M-105,56.06,2.16,230.57,normal
2025-06-29T12:00:00,M-105,55.85,2.21,229.69,normal
2025-06-29T13:00:00,M-105,56.22,2.25,231.62,normal
2025-06-29T14:00:00,M-105,54.17,2.33,228.38,normal
2025-06-29T15:00:00,M-105,57.35,2.32,227.89,normal
2025-06-29T16:00:00,M-105,54.43,2.47,230.18,normal
2025-06-29T17:00:00,M-105,57.87,2.3,228.78,normal
2025-06-29T18:00:00,M-105,56.0,2.09,231.94,normal
2025-06-29T19:00:00,M-105,55.28,2.18,231.99,normal
2025-06-29T20:00:00,M-105,53.42,2.07,231.75,normal
2025-06-29T21:00:00,M-105,55.56,1.86,229.14,normal
2025-06-29T22:00:00,M-105,56.58,1.95,231.06,normal
2025-06-29T23:00:00,M-105,55.65,2.38,228.86,normal
2025-04-01T00:00:00,M-106,55.21,2.23,232.86,normal
2025-04-01T01:00:00,M-106,56.04,2.01,232.72,normal
2025-04-01T02:00:00,M-106,52.91,2.15,230.38,normal
2025-04-01T03:00:00,M-106,55.05,2.03,230.02,normal
2025-04-01T04:00:00,M-106,54.54,2.06,232.16,normal
2025-04-01T05:00:00,M-106,54.93,2.46,230.96,normal
2025-04-01T06:00:00,M-106,53.93,2.33,230.66,normal
2025-04-01T07:00:00,M-106,55.12,2.53,231.88,normal
2025-04-01T08:00:00,M-106,54.0,2.0,231.13,normal
2025-04-01T09:00:00,M-106,56.57,2.03,230.34,normal
2025-04-01T10:00:00,M-106,54.85,2.13,231.42,normal
2025-04-01T11:00:00,M-106,54.01,2.37,233.33,normal
2025-04-01T12:00:00,M-106,54.49,2.14,229.95,normal
2025-04-01T13:00:00,M-106,57.34,1.99,229.47,normal
2025-04-01T14:00:00,M-106,55.24,2.23,231.43,normal
2025-04-01T15:00:00,M-106,54.46,2.22,228.12,normal
2025-04-01T16:00:00,M-106,55.78,2.15,229.71,normal
2025-04-01T17:00:00,M-106,56.46,2.34,229.24,normal
2025-04-01T18:00:00,M-106,54.81,2.37,232.61,normal
2025-04-01T19:00:00,M-106,56.6,2.44,228.64,normal
2025-04-01T20:00:00,M-106,54.35,2.2,226.66,normal
2025-04-01T21:00:00,M-106,53.8,2.15,231.07,normal
2025-04-01T22:00:00,M-106,56.1,2.03,228.34,normal
2025-04-01T23:00:00,M-106,52.63,2.16,231.21,normal
2025-04-02T00:00:00,M-106,54.94,1.98,231.08,normal
2025-04-02T01:00:00,M-106,54.46,2.19,229.88,normal
2025-04-02T02:00:00,M-106,57.38,2.3,229.92,normal
2025-04-02T03:00:00,M-106,53.34,2.1,232.49,normal
2025-04-02T04:00:00,M-106,54.41,2.19,230.63,normal
2025-04-02T05:00:00,M-106,54.83,2.19,233.61,normal
2025-04-02T06:00:00,M-106,54.36,2.08,231.45,normal
2025-04-02T07:00:00,M-106,56.88,2.0,231.9,normal
2025-04-02T08:00:00,M-106,55.67,1.77,228.11,normal
2025-04-02T09:00:00,M-106,54.89,2.21,229.43,normal
2025-04-02T10:00:00,M-106,55.96,2.18,229.56,normal
2025-04-02T11:00:00,M-106,55.01,1.99,231.21,normal
2025-04-02T12:00:00,M-106,55.45,2.09,230.9,normal
2025-04-02T13:00:00,M-106,54.91,2.23,230.17,normal
2025-04-02T14:00:00,M-106,53.88,2.17,229.55,normal
2025-04-02T15:00:00,M-106,56.55,2.31,231.78,normal
2025-04-02T16:00:00,M-106,54.25,2.36,229.66,normal
2025-04-02T17:00:00,M-106,55.29,2.15,230.07,normal
2025-04-02T18:00:00,M-106,55.35,2.39,228.02,normal
2025-04-02T19:00:00,M-106,54.65,2.22,230.87,normal
2025-04-02T20:00:00,M-106,55.87,1.94,230.76,normal
2025-04-02T21:00:00,M-106,56.25,2.08,229.71,normal
2025-04-02T22:00:00,M-106,56.9,2.0,228.88,normal
2025-04-02T23:00:00,M-106,55.83,2.11,230.95,normal
2025-04-03T00:00:00,M-106,57.61,2.17,231.64,normal
2025-04-03T01:00:00,M-106,54.98,2.19,229.43,normal
2025-04-03T02:00:00,M-106,52.75,2.12,231.3,normal
2025-04-03T03:00:00,M-106,55.35,2.14,233.37,normal
2025-04-03T04:00:00,M-106,56.27,2.4,228.59,normal
2025-04-03T05:00:00,M-106,56.25,2.38,229.86,normal
2025-04-03T06:00:00,M-106,53.03,2.23,229.49,normal
2025-04-03T07:00:00,M-106,54.15,1.88,230.61,normal
2025-04-03T08:00:00,M-106,52.95,2.47,230.01,normal
2025-04-03T09:00:00,M-106,53.81,2.14,230.77,normal
2025-04-03T10:00:00,M-106,53.88,2.38,230.88,normal
2025-04-03T11:00:00,M-106,56.05,2.54,231.65,normal
2025-04-03T12:00:00,M-106,55.44,2.19,232.96,normal
2025-04-03T13:00:00,M-106,57.94,2.43,231.46,normal
2025-04-03T14:00:00,M-106,54.38,2.04,229.71,normal
2025-04-03T15:00:00,M-106,54.12,2.18,229.71,normal
2025-04-03T16:00:00,M-106,54.13,2.28,229.28,normal
2025-04-03T17:00:00,M-106,55.36,2.18,230.92,normal
2025-04-03T18:00:00,M-106,56.84,2.4,228.05,normal
2025-04-03T19:00:00,M-106,55.79,2.12,231.31,normal
2025-04-03T20:00:00,M-106,54.73,2.2,231.1,normal
2025-04-03T21:00:00,M-106,55.53,2.33,230.17,normal
2025-04-03T22:00:00,M-106,56.7,2.18,230.3,normal
2025-04-03T23:00:00,M-106,54.74,2.11,228.14,normal
2025-04-04T00:00:00,M-106,54.61,2.4,229.98,normal
2025-04-04T01:00:00,M-106,56.3,2.42,230.19,normal
2025-04-04T02:00:00,M-106,54.24,2.21,228.88,normal
2025-04-04T03:00:00,M-106,53.07,2.39,231.23,normal
2025-04-04T04:00:00,M-106,53.86,2.12,229.89,normal
2025-04-04T05:00:00,M-106,54.78,2.08,228.32,normal
2025-04-04T06:00:00,M-106,54.0,2.21,229.13,normal
2025-04-04T07:00:00,M-106,54.81,2.21,231.08,normal
2025-04-04T08:00:00,M-106,56.58,2.43,231.36,normal
2025-04-04T09:00:00,M-106,57.2,2.42,231.37,normal
2025-04-04T10:00:00,M-106,51.57,2.01,231.11,normal
2025-04-04T11:00:00,M-106,56.64,2.3,230.29,normal
2025-04-04T12:00:00,M-106,55.28,2.17,229.47,normal
2025-04-04T13:00:00,M-106,53.9,2.57,230.67,normal
2025-04-04T14:00:00,M-106,55.27,2.17,230.15,normal
2025-04-04T15:00:00,M-106,57.97,2.0,228.89,normal
2025-04-04T16:00:00,M-106,55.22,2.33,229.67,normal
2025-04-04T17:00:00,M-106,56.01,2.21,231.35,normal
2025-04-04T18:00:00,M-106,54.1,2.05,233.27,normal
2025-04-04T19:00:00,M-106,55.44,2.52,229.41,normal
2025-04-04T20:00:00,M-106,54.56,2.12,233.48,normal
2025-04-04T21:00:00,M-106,55.97,2.43,231.17,normal
2025-04-04T22:00:00,M-106,53.74,2.2,231.18,normal
2025-04-04T23:00:00,M-106,56.43,2.04,226.98,normal
2025-04-05T00:00:00,M-106,52.54,2.17,231.75,normal
2025-04-05T01:00:00,M-106,56.76,2.22,228.93,normal
2025-04-05T02:00:00,M-106,55.26,2.29,229.95,normal
2025-04-05T03:00:00,M-106,54.46,2.4,230.38,normal
2025-04-05T04:00:00,M-106,55.51,2.19,232.74,normal
2025-04-05T05:00:00,M-106,57.37,2.18,230.41,normal
2025-04-05T06:00:00,M-106,56.8,2.13,231.12,normal
2025-04-05T07:00:00,M-106,56.05,2.11,227.05,normal
2025-04-05T08:00:00,M-106,53.99,1.75,230.77,normal
2025-04-05T09:00:00,M-106,54.38,2.14,229.19,normal
2025-04-05T10:00:00,M-106,55.13,1.89,227.96,normal
2025-04-05T11:00:00,M-106,54.22,2.05,227.65,normal
2025-04-05T12:00:00,M-106,55.08,2.17,228.23,normal
2025-04-05T13:00:00,M-106,54.46,2.17,229.69,normal
2025-04-05T14:00:00,M-106,54.34,1.99,230.64,normal
2025-04-05T15:00:00,M-106,54.9,2.31,229.57,normal
2025-04-05T16:00:00,M-106,53.86,2.15,231.01,normal
2025-04-05T17:00:00,M-106,55.29,2.36,229.82,normal
2025-04-05T18:00:00,M-106,54.35,2.35,227.68,normal
2025-04-05T19:00:00,M-106,56.52,2.39,230.38,normal
2025-04-05T20:00:00,M-106,57.01,1.95,230.41,normal
2025-04-05T21:00:00,M-106,56.65,2.17,229.3,normal
2025-04-05T22:00:00,M-106,53.89,2.29,228.27,normal
2025-04-05T23:00:00,M-106,54.49,2.19,228.64,normal
2025-04-06T00:00:00,M-106,54.93,2.17,229.6,normal
2025-04-06T01:00:00,M-106,55.14,2.09,228.77,normal
2025-04-06T02:00:00,M-106,55.3,2.44,229.33,normal
2025-04-06T03:00:00,M-106,55.12,2.37,229.35,normal
2025-04-06T04:00:00,M-106,54.7,2.43,229.75,normal
2025-04-06T05:00:00,M-106,55.5,2.31,230.38,normal
2025-04-06T06:00:00,M-106,53.95,2.02,232.62,normal
2025-04-06T07:00:00,M-106,52.02,2.24,229.65,normal
2025-04-06T08:00:00,M-106,55.16,2.1,232.36,normal
2025-04-06T09:00:00,M-106,55.52,2.48,231.41,normal
2025-04-06T10:00:00,M-106,54.32,2.29,232.79,normal
2025-04-06T11:00:00,M-106,56.45,2.3,229.06,normal
2025-04-06T12:00:00,M-106,54.65,2.34,231.62,normal
2025-04-06T13:00:00,M-106,56.79,2.36,229.8,normal
2025-04-06T14:00:00,M-106,54.49,2.22,228.78,normal
2025-04-06T15:00:00,M-106,56.6,2.19,229.64,normal
2025-04-06T16:00:00,M-106,54.98,2.13,230.22,normal
2025-04-06T17:00:00,M-106,55.39,2.08,226.34,normal
2025-04-06T18:00:00,M-106,53.7,2.38,229.53,normal
2025-04-06T19:00:00,M-106,54.01,1.99,232.58,normal
2025-04-06T20:00:00,M-106,55.64,2.33,230.42,normal
2025-04-06T21:00:00,M-106,55.3,2.1,231.27,normal
2025-04-06T22:00:00,M-106,56.3,2.13,232.71,normal
2025-04-06T23:00:00,M-106,52.91,2.14,230.19,normal
2025-04-07T00:00:00,M-106,57.54,2.11,227.97,normal
2025-04-07T01:00:00,M-106,55.59,2.02,232.64,normal
2025-04-07T02:00:00,M-106,54.52,2.02,231.9,normal
2025-04-07T03:00:00,M-106,54.25,2.28,230.89,normal
2025-04-07T04:00:00,M-106,55.78,2.07,230.07,normal
2025-04-07T05:00:00,M-106,54.35,2.34,229.46,normal
2025-04-07T06:00:00,M-106,52.66,2.59,229.49,normal
2025-04-07T07:00:00,M-106,54.77,2.06,230.83,normal
2025-04-07T08:00:00,M-106,53.96,2.04,229.23,normal
2025-04-07T09:00:00,M-106,54.56,2.39,228.97,normal
2025-04-07T10:00:00,M-106,54.69,1.95,229.6,normal
2025-04-07T11:00:00,M-106,55.15,2.29,229.17,normal
2025-04-07T12:00:00,M-106,54.69,2.23,231.54,normal
2025-04-07T13:00:00,M-106,54.5,2.28,229.07,normal
2025-04-07T14:00:00,M-106,53.74,2.22,229.93,normal
2025-04-07T15:00:00,M-106,53.21,2.05,229.76,normal
2025-04-07T16:00:00,M-106,56.7,2.2,226.67,normal
2025-04-07T17:00:00,M-106,55.42,2.01,230.45,normal
2025-04-07T18:00:00,M-106,53.81,2.27,229.12,normal
2025-04-07T19:00:00,M-106,54.98,2.28,228.89,normal
2025-04-07T20:00:00,M-106,53.49,2.06,231.68,normal
2025-04-07T21:00:00,M-106,56.54,2.39,228.61,normal
2025-04-07T22:00:00,M-106,55.42,2.05,229.87,normal
2025-04-07T23:00:00,M-106,56.15,2.25,232.13,normal
2025-04-08T00:00:00,M-106,57.25,1.84,227.07,normal
2025-04-08T01:00:00,M-106,53.16,2.18,229.02,normal
2025-04-08T02:00:00,M-106,55.67,2.27,231.58,normal
2025-04-08T03:00:00,M-106,54.28,2.22,229.31,normal
2025-04-08T04:00:00,M-106,54.68,2.19,230.31,normal
2025-04-08T05:00:00,M-106,55.68,1.92,232.22,normal
2025-04-08T06:00:00,M-106,56.33,2.26,230.09,normal
2025-04-08T07:00:00,M-106,55.26,2.11,230.07,normal
2025-04-08T08:00:00,M-106,54.67,2.23,230.02,normal
2025-04-08T09:00:00,M-106,56.22,2.36,231.74,normal
2025-04-08T10:00:00,M-106,54.74,2.08,230.24,normal
2025-04-08T11:00:00,M-106,53.7,2.26,230.14,normal
2025-04-08T12:00:00,M-106,54.02,2.4,233.3,normal
2025-04-08T13:00:00,M-106,54.39,2.24,229.61,normal
2025-04-08T14:00:00,M-106,55.2,2.05,231.91,normal
2025-04-08T15:00:00,M-106,56.39,2.23,230.41,normal
2025-04-08T16:00:00,M-106,55.12,1.98,229.43,normal
2025-04-08T17:00:00,M-106,56.1,1.94,228.88,normal
2025-04-08T18:00:00,M-106,54.75,2.17,232.39,normal
2025-04-08T19:00:00,M-106,54.59,2.26,228.21,normal
2025-04-08T20:00:00,M-106,56.64,2.4,231.88,normal
2025-04-08T21:00:00,M-106,55.01,2.25,231.08,normal
2025-04-08T22:00:00,M-106,54.14,2.29,232.07,normal
2025-04-08T23:00:00,M-106,54.66,2.45,229.99,normal
2025-04-09T00:00:00,M-106,56.64,2.32,230.4,normal
2025-04-09T01:00:00,M-106,53.79,2.49,231.11,normal
2025-04-09T02:00:00,M-106,53.5,2.18,230.82,normal
2025-04-09T03:00:00,M-106,53.79,2.06,231.21,normal
2025-04-09T04:00:00,M-106,53.65,2.3,230.22,normal
2025-04-09T05:00:00,M-106,55.95,2.25,228.17,normal
2025-04-09T06:00:00,M-106,55.4,2.27,230.44,normal
2025-04-09T07:00:00,M-106,55.26,2.2,226.94,normal
2025-04-09T08:00:00,M-106,55.29,2.13,231.2,normal
2025-04-09T09:00:00,M-106,53.22,2.04,228.83,normal
2025-04-09T10:00:00,M-106,53.28,2.51,230.71,normal
2025-04-09T11:00:00,M-106,52.32,2.42,227.41,normal
2025-04-09T12:00:00,M-106,57.18,2.06,227.62,normal
2025-04-09T13:00:00,M-106,54.79,2.16,228.82,normal
2025-04-09T14:00:00,M-106,56.24,2.34,228.36,normal
2025-04-09T15:00:00,M-106,54.13,2.0,229.65,normal
2025-04-09T16:00:00,M-106,54.59,2.17,230.36,normal
2025-04-09T17:00:00,M-106,54.91,2.08,230.72,normal
2025-04-09T18:00:00,M-106,55.91,2.39,230.77,normal
2025-04-09T19:00:00,M-106,52.96,2.35,228.22,normal
2025-04-09T20:00:00,M-106,55.89,2.31,230.16,normal
2025-04-09T21:00:00,M-106,55.01,2.17,227.83,normal
2025-04-09T22:00:00,M-106,53.16,2.14,230.63,normal
2025-04-09T23:00:00,M-106,53.52,2.17,229.36,normal
2025-04-10T00:00:00,M-106,54.88,2.15,228.89,normal
2025-04-10T01:00:00,M-106,56.25,2.12,229.66,normal
2025-04-10T02:00:00,M-106,55.86,2.06,230.81,normal
2025-04-10T03:00:00,M-106,55.29,2.01,228.15,normal
2025-04-10T04:00:00,M-106,56.67,2.12,230.39,normal
2025-04-10T05:00:00,M-106,55.46,2.36,229.94,normal
2025-04-10T06:00:00,M-106,55.17,2.03,231.02,normal
2025-04-10T07:00:00,M-106,55.17,2.19,229.44,normal
2025-04-10T08:00:00,M-106,55.2,2.08,228.67,normal
2025-04-10T09:00:00,M-106,54.84,1.94,230.87,normal
2025-04-10T10:00:00,M-106,53.32,2.34,228.24,normal
2025-04-10T11:00:00,M-106,55.23,2.38,230.77,normal
2025-04-10T12:00:00,M-106,55.01,2.32,229.15,normal
2025-04-10T13:00:00,M-106,53.59,2.16,226.2,normal
2025-04-10T14:00:00,M-106,56.35,2.1,232.31,normal
2025-04-10T15:00:00,M-106,55.62,2.15,230.48,normal
2025-04-10T16:00:00,M-106,54.68,2.41,230.6,normal
2025-04-10T17:00:00,M-106,55.1,2.19,230.91,normal
2025-04-10T18:00:00,M-106,55.32,2.12,232.55,normal
2025-04-10T19:00:00,M-106,57.28,2.31,231.52,normal
2025-04-10T20:00:00,M-106,55.32,2.34,232.38,normal
2025-04-10T21:00:00,M-106,54.12,2.17,229.63,normal
2025-04-10T22:00:00,M-106,54.87,2.27,227.75,normal
2025-04-10T23:00:00,M-106,55.58,2.46,230.61,normal
2025-04-11T00:00:00,M-106,54.42,2.09,229.32,normal
2025-04-11T01:00:00,M-106,57.11,2.09,230.62,normal
2025-04-11T02:00:00,M-106,55.09,2.22,231.83,normal
2025-04-11T03:00:00,M-106,53.19,2.27,231.48,normal
2025-04-11T04:00:00,M-106,52.5,2.34,230.5,normal
2025-04-11T05:00:00,M-106,55.05,2.05,227.04,normal
2025-04-11T06:00:00,M-106,53.98,2.09,229.8,normal
2025-04-11T07:00:00,M-106,55.77,2.33,228.95,normal
2025-04-11T08:00:00,M-106,55.98,2.02,231.52,normal
2025-04-11T09:00:00,M-106,53.8,2.23,229.36,normal
2025-04-11T10:00:00,M-106,56.36,1.93,229.0,normal
2025-04-11T11:00:00,M-106,53.42,2.34,232.35,normal
2025-04-11T12:00:00,M-106,54.58,2.13,229.67,normal
2025-04-11T13:00:00,M-106,54.61,2.36,231.14,normal
2025-04-11T14:00:00,M-106,57.42,2.27,227.71,normal
2025-04-11T15:00:00,M-106,56.09,1.83,229.9,normal
2025-04-11T16:00:00,M-106,56.04,2.22,231.16,normal
2025-04-11T17:00:00,M-106,54.67,2.1,229.26,normal
2025-04-11T18:00:00,M-106,56.3,2.13,231.22,normal
2025-04-11T19:00:00,M-106,54.34,2.33,228.83,normal
2025-04-11T20:00:00,M-106,56.44,2.45,228.48,normal
2025-04-11T21:00:00,M-106,56.72,2.21,228.72,normal
2025-04-11T22:00:00,M-106,53.52,2.2,229.5,normal
2025-04-11T23:00:00,M-106,55.08,2.41,231.17,normal
2025-04-12T00:00:00,M-106,55.77,2.01,228.99,normal
2025-04-12T01:00:00,M-106,57.5,2.29,230.67,normal
2025-04-12T02:00:00,M-106,55.51,2.32,232.42,normal
2025-04-12T03:00:00,M-106,56.72,2.04,226.48,normal
2025-04-12T04:00:00,M-106,55.39,2.13,228.79,normal
2025-04-12T05:00:00,M-106,54.9,2.12,229.18,normal
2025-04-12T06:00:00,M-106,54.07,1.93,229.45,normal
2025-04-12T07:00:00,M-106,55.92,2.07,228.17,normal
2025-04-12T08:00:00,M-106,57.19,2.19,227.32,normal
2025-04-12T09:00:00,M-106,54.33,2.05,230.2,normal
2025-04-12T10:00:00,M-106,55.08,2.42,227.44,normal
2025-04-12T11:00:00,M-106,56.72,2.16,230.78,normal
2025-04-12T12:00:00,M-106,52.89,2.2,228.74,normal
2025-04-12T13:00:00,M-106,55.12,2.15,230.6,normal
2025-04-12T14:00:00,M-106,57.42,1.97,228.33,normal
2025-04-12T15:00:00,M-106,56.11,2.32,230.15,normal
2025-04-12T16:00:00,M-106,56.22,2.33,230.45,normal
2025-04-12T17:00:00,M-106,55.26,2.1,232.19,normal
2025-04-12T18:00:00,M-106,54.77,2.23,228.7,normal
2025-04-12T19:00:00,M-106,51.46,2.02,232.55,normal
2025-04-12T20:00:00,M-106,55.12,2.24,230.62,normal
2025-04-12T21:00:00,M-106,55.16,2.22,228.61,normal
2025-04-12T22:00:00,M-106,55.31,2.4,231.01,normal
2025-04-12T23:00:00,M-106,55.98,2.19,228.45,normal
2025-04-13T00:00:00,M-106,55.32,2.24,228.68,normal
2025-04-13T01:00:00,M-106,55.87,2.25,232.03,normal
2025-04-13T02:00:00,M-106,56.71,1.87,229.36,normal
2025-04-13T03:00:00,M-106,54.77,2.34,229.17,normal
2025-04-13T04:00:00,M-106,54.46,2.37,230.12,normal
2025-04-13T05:00:00,M-106,53.51,2.36,228.35,normal
2025-04-13T06:00:00,M-106,55.5,2.31,228.71,normal
2025-04-13T07:00:00,M-106,55.3,2.29,229.14,normal
2025-04-13T08:00:00,M-106,54.18,2.52,228.71,normal
2025-04-13T09:00:00,M-106,56.2,2.13,230.57,normal
2025-04-13T10:00:00,M-106,54.92,2.16,231.55,normal
2025-04-13T11:00:00,M-106,52.86,1.97,229.9,normal
2025-04-13T12:00:00,M-106,57.71,2.36,229.48,normal
2025-04-13T13:00:00,M-106,54.0,2.25,228.78,normal
2025-04-13T14:00:00,M-106,53.01,2.27,232.43,normal
2025-04-13T15:00:00,M-106,54.96,2.17,230.57,normal
2025-04-13T16:00:00,M-106,55.21,2.12,231.83,normal
2025-04-13T17:00:00,M-106,57.15,2.41,231.35,normal
2025-04-13T18:00:00,M-106,52.63,2.01,230.78,normal
2025-04-13T19:00:00,M-106,54.66,2.26,231.58,normal
2025-04-13T20:00:00,M-106,54.13,2.24,231.44,normal
2025-04-13T21:00:00,M-106,54.21,2.27,228.84,normal
2025-04-13T22:00:00,M-106,51.92,2.47,229.53,normal
2025-04-13T23:00:00,M-106,54.35,1.91,230.0,normal
2025-04-14T00:00:00,M-106,55.06,2.36,230.26,normal
2025-04-14T01:00:00,M-106,53.84,2.09,229.3,normal
2025-04-14T02:00:00,M-106,55.2,2.6,229.94,normal
2025-04-14T03:00:00,M-106,55.06,2.08,231.65,normal
2025-04-14T04:00:00,M-106,53.82,2.46,228.85,normal
2025-04-14T05:00:00,M-106,54.0,2.41,227.01,normal
2025-04-14T06:00:00,M-106,54.87,2.53,227.8,normal
2025-04-14T07:00:00,M-106,54.27,2.34,227.38,normal
2025-04-14T08:00:00,M-106,52.55,2.03,227.51,normal
2025-04-14T09:00:00,M-106,54.7,2.33,227.92,normal
2025-04-14T10:00:00,M-106,55.71,2.26,229.16,normal
2025-04-14T11:00:00,M-106,55.34,2.37,230.06,normal
2025-04-14T12:00:00,M-106,56.02,1.98,229.68,normal
2025-04-14T13:00:00,M-106,52.97,2.08,232.22,normal
2025-04-14T14:00:00,M-106,54.68,2.24,228.01,normal
2025-04-14T15:00:00,M-106,56.62,2.46,229.19,normal
2025-04-14T16:00:00,M-106,54.8,2.47,228.56,normal
2025-04-14T17:00:00,M-106,54.64,2.19,228.88,normal
2025-04-14T18:00:00,M-106,54.24,2.21,229.95,normal
2025-04-14T19:00:00,M-106,57.9,2.29,231.21,normal
2025-04-14T20:00:00,M-106,54.2,2.21,230.43,normal
2025-04-14T21:00:00,M-106,55.34,2.51,231.37,normal
2025-04-14T22:00:00,M-106,55.96,2.31,228.59,normal
2025-04-14T23:00:00,M-106,53.06,2.51,230.35,normal
2025-04-15T00:00:00,M-106,55.64,2.24,231.6,normal
2025-04-15T01:00:00,M-106,53.82,2.25,231.65,normal
2025-04-15T02:00:00,M-106,54.33,2.34,229.47,normal
2025-04-15T03:00:00,M-106,56.43,2.24,229.42,normal
2025-04-15T04:00:00,M-106,55.64,2.28,228.06,normal
2025-04-15T05:00:00,M-106,54.53,2.33,231.44,normal
2025-04-15T06:00:00,M-106,55.31,2.24,230.19,normal
2025-04-15T07:00:00,M-106,55.38,2.04,229.74,normal
2025-04-15T08:00:00,M-106,54.41,2.24,229.31,normal
2025-04-15T09:00:00,M-106,56.68,2.0,230.58,normal
2025-04-15T10:00:00,M-106,54.42,2.28,228.99,normal
2025-04-15T11:00:00,M-106,55.35,1.96,230.29,normal
2025-04-15T12:00:00,M-106,54.21,1.95,229.89,normal
2025-04-15T13:00:00,M-106,56.33,1.94,232.21,normal
2025-04-15T14:00:00,M-106,55.59,1.96,229.25,normal
2025-04-15T15:00:00,M-106,56.63,2.22,229.56,normal
2025-04-15T16:00:00,M-106,55.07,2.32,230.54,normal
2025-04-15T17:00:00,M-106,55.03,2.41,229.8,normal
2025-04-15T18:00:00,M-106,55.83,1.95,230.36,normal
2025-04-15T19:00:00,M-106,55.08,2.4,231.34,normal
2025-04-15T20:00:00,M-106,55.03,2.2,228.66,normal
2025-04-15T21:00:00,M-106,55.36,2.1,227.9,normal
2025-04-15T22:00:00,M-106,54.5,2.16,230.24,normal
2025-04-15T23:00:00,M-106,53.54,2.28,229.58,normal
2025-04-16T00:00:00,M-106,53.52,2.13,231.51,normal
2025-04-16T01:00:00,M-106,56.0,2.2,231.42,normal
2025-04-16T02:00:00,M-106,53.71,2.13,227.71,normal
2025-04-16T03:00:00,M-106,55.98,2.25,229.85,normal
2025-04-16T04:00:00,M-106,56.06,2.19,230.87,normal
2025-04-16T05:00:00,M-106,57.27,2.31,229.99,normal
2025-04-16T06:00:00,M-106,56.29,2.19,228.19,normal
2025-04-16T07:00:00,M-106,55.76,2.1,229.3,normal
2025-04-16T08:00:00,M-106,53.46,2.2,232.34,normal
2025-04-16T09:00:00,M-106,55.15,2.27,231.64,normal
2025-04-16T10:00:00,M-106,54.18,2.35,229.45,normal
2025-04-16T11:00:00,M-106,51.73,2.39,229.45,normal
2025-04-16T12:00:00,M-106,56.08,2.19,232.18,normal
2025-04-16T13:00:00,M-106,55.1,2.22,230.4,normal
2025-04-16T14:00:00,M-106,53.9,1.98,229.37,normal
2025-04-16T15:00:00,M-106,54.15,1.93,230.02,normal
2025-04-16T16:00:00,M-106,51.75,2.11,232.19,normal
2025-04-16T17:00:00,M-106,54.84,2.13,229.97,normal
2025-04-16T18:00:00,M-106,53.6,2.34,230.76,normal
2025-04-16T19:00:00,M-106,56.26,2.02,229.01,normal
2025-04-16T20:00:00,M-106,55.6,2.46,228.89,normal
2025-04-16T21:00:00,M-106,54.67,2.21,232.8,normal
2025-04-16T22:00:00,M-106,55.17,2.11,228.6,normal
2025-04-16T23:00:00,M-106,53.99,2.26,230.47,normal
2025-04-17T00:00:00,M-106,55.0,2.34,231.83,normal
2025-04-17T01:00:00,M-106,53.33,2.35,229.3,normal
2025-04-17T02:00:00,M-106,55.46,2.34,231.36,normal
2025-04-17T03:00:00,M-106,55.88,2.29,230.62,normal
2025-04-17T04:00:00,M-106,54.25,2.13,228.83,normal
2025-04-17T05:00:00,M-106,55.81,2.19,231.58,normal
2025-04-17T06:00:00,M-106,55.59,2.05,232.9,normal
2025-04-17T07:00:00,M-106,56.47,2.4,230.86,normal
2025-04-17T08:00:00,M-106,54.54,2.23,229.95,normal
2025-04-17T09:00:00,M-106,54.96,1.91,228.86,normal
2025-04-17T10:00:00,M-106,56.47,2.07,231.51,normal
2025-04-17T11:00:00,M-106,53.28,1.9,229.11,normal
2025-04-17T12:00:00,M-106,55.01,2.14,230.33,normal
2025-04-17T13:00:00,M-106,54.57,2.19,230.32,normal
2025-04-17T14:00:00,M-106,55.84,2.09,229.96,normal
2025-04-17T15:00:00,M-106,55.07,2.57,229.05,normal
2025-04-17T16:00:00,M-106,57.41,2.3,232.31,normal
2025-04-17T17:00:00,M-106,55.17,2.37,229.4,normal
2025-04-17T18:00:00,M-106,55.7,2.11,228.65,normal
2025-04-17T19:00:00,M-106,56.96,2.06,230.16,normal
2025-04-17T20:00:00,M-106,56.22,2.03,228.94,normal
2025-04-17T21:00:00,M-106,56.52,2.15,230.79,normal
2025-04-17T22:00:00,M-106,56.15,2.34,228.11,normal
2025-04-17T23:00:00,M-106,52.85,2.33,228.96,normal
2025-04-18T00:00:00,M-106,56.85,2.3,229.05,normal
2025-04-18T01:00:00,M-106,53.1,2.13,231.31,normal
2025-04-18T02:00:00,M-106,55.03,2.46,231.55,normal
2025-04-18T03:00:00,M-106,56.19,2.16,230.09,normal
2025-04-18T04:00:00,M-106,55.84,2.21,230.06,normal
2025-04-18T05:00:00,M-106,55.87,2.23,232.41,normal
2025-04-18T06:00:00,M-106,53.95,2.33,230.2,normal
2025-04-18T07:00:00,M-106,55.13,2.39,228.35,normal
2025-04-18T08:00:00,M-106,54.75,2.2,230.49,normal
2025-04-18T09:00:00,M-106,56.06,2.18,231.36,normal
2025-04-18T10:00:00,M-106,56.16,2.21,229.13,normal
2025-04-18T11:00:00,M-106,54.47,1.98,229.58,normal
2025-04-18T12:00:00,M-106,52.38,2.19,229.52,normal
2025-04-18T13:00:00,M-106,56.09,2.12,228.25,normal
2025-04-18T14:00:00,M-106,54.58,2.19,226.56,normal
2025-04-18T15:00:00,M-106,54.73,2.28,230.31,normal
2025-04-18T16:00:00,M-106,54.05,2.04,229.22,normal
2025-04-18T17:00:00,M-106,54.42,2.29,227.56,normal
2025-04-18T18:00:00,M-106,56.5,2.19,230.33,normal
2025-04-18T19:00:00,M-106,55.3,2.09,227.67,normal
2025-04-18T20:00:00,M-106,55.73,2.4,230.32,normal
2025-04-18T21:00:00,M-106,54.44,2.12,228.99,normal
2025-04-18T22:00:00,M-106,53.16,2.29,229.54,normal
2025-04-18T23:00:00,M-106,54.49,2.18,228.67,normal
2025-04-19T00:00:00,M-106,53.98,2.1,231.21,normal
2025-04-19T01:00:00,M-106,55.8,2.12,226.65,normal
2025-04-19T02:00:00,M-106,54.63,2.34,231.34,normal
2025-04-19T03:00:00,M-106,54.66,2.21,229.64,normal
2025-04-19T04:00:00,M-106,55.21,2.22,231.95,normal
2025-04-19T05:00:00,M-106,55.72,2.29,230.71,normal
2025-04-19T06:00:00,M-106,54.9,1.88,229.79,normal
2025-04-19T07:00:00,M-106,55.25,2.27,230.88,normal
2025-04-19T08:00:00,M-106,56.71,2.22,232.73,normal
2025-04-19T09:00:00,M-106,55.13,2.07,232.06,normal
2025-04-19T10:00:00,M-106,54.36,2.17,230.69,normal
2025-04-19T11:00:00,M-106,56.89,2.39,229.37,normal
2025-04-19T12:00:00,M-106,54.63,2.53,229.27,normal
2025-04-19T13:00:00,M-106,56.79,1.81,231.13,normal
2025-04-19T14:00:00,M-106,56.42,2.18,232.18,normal
2025-04-19T15:00:00,M-106,54.5,2.11,231.87,normal
2025-04-19T16:00:00,M-106,55.71,2.11,229.66,normal
2025-04-19T17:00:00,M-106,56.39,2.11,227.46,normal
2025-04-19T18:00:00,M-106,55.05,2.02,229.59,normal
2025-04-19T19:00:00,M-106,55.63,2.19,232.23,normal
2025-04-19T20:00:00,M-106,54.97,2.26,231.37,normal
2025-04-19T21:00:00,M-106,53.56,2.27,228.17,normal
2025-04-19T22:00:00,M-106,55.09,2.42,230.37,normal
2025-04-19T23:00:00,M-106,56.08,2.26,228.23,normal
2025-04-20T00:00:00,M-106,55.57,2.19,229.17,normal
2025-04-20T01:00:00,M-106,56.74,2.13,228.69,normal
2025-04-20T02:00:00,M-106,56.53,2.14,229.59,normal
2025-04-20T03:00:00,M-106,56.28,2.08,227.49,normal
2025-04-20T04:00:00,M-106,54.84,2.03,232.54,normal
2025-04-20T05:00:00,M-106,53.46,2.32,229.84,normal
2025-04-20T06:00:00,M-106,54.53,2.04,229.22,normal
2025-04-20T07:00:00,M-106,55.26,2.05,229.67,normal
2025-04-20T08:00:00,M-106,54.9,2.26,228.02,normal
2025-04-20T09:00:00,M-106,55.18,2.36,228.34,normal
2025-04-20T10:00:00,M-106,56.65,2.18,230.17,normal
2025-04-20T11:00:00,M-106,56.67,2.3,231.28,normal
2025-04-20T12:00:00,M-106,57.1,2.18,230.37,normal
2025-04-20T13:00:00,M-106,54.67,2.13,228.57,normal
2025-04-20T14:00:00,M-106,54.67,2.4,227.83,normal
2025-04-20T15:00:00,M-106,54.22,1.82,231.15,normal
2025-04-20T16:00:00,M-106,52.42,2.12,229.37,normal
2025-04-20T17:00:00,M-106,54.98,2.27,232.13,normal
2025-04-20T18:00:00,M-106,55.05,2.25,230.16,normal
2025-04-20T19:00:00,M-106,56.16,2.03,231.32,normal
2025-04-20T20:00:00,M-106,55.05,2.12,229.05,normal
2025-04-20T21:00:00,M-106,55.68,2.46,230.52,normal
2025-04-20T22:00:00,M-106,55.54,2.33,230.98,normal
2025-04-20T23:00:00,M-106,54.96,2.17,230.43,normal
2025-04-21T00:00:00,M-106,55.63,1.9,229.44,normal
2025-04-21T01:00:00,M-106,56.47,2.27,231.62,normal
2025-04-21T02:00:00,M-106,54.02,2.06,229.04,normal
2025-04-21T03:00:00,M-106,56.28,2.05,230.82,normal
2025-04-21T04:00:00,M-106,54.75,2.17,229.74,normal
2025-04-21T05:00:00,M-106,54.01,2.29,230.43,normal
2025-04-21T06:00:00,M-106,54.84,2.17,229.16,normal
2025-04-21T07:00:00,M-106,55.19,1.91,232.04,normal
2025-04-21T08:00:00,M-106,56.86,2.08,230.94,normal
2025-04-21T09:00:00,M-106,55.87,2.16,229.55,normal
2025-04-21T10:00:00,M-106,55.01,2.3,231.62,normal
2025-04-21T11:00:00,M-106,54.78,2.12,230.67,normal
2025-04-21T12:00:00,M-106,56.56,2.1,230.88,normal
2025-04-21T13:00:00,M-106,55.33,2.26,229.96,normal
2025-04-21T14:00:00,M-106,53.17,2.36,231.37,normal
2025-04-21T15:00:00,M-106,54.85,2.28,231.38,normal
2025-04-21T16:00:00,M-106,54.91,2.09,231.98,normal
2025-04-21T17:00:00,M-106,56.24,2.25,233.16,normal
2025-04-21T18:00:00,M-106,54.15,2.29,230.61,normal
2025-04-21T19:00:00,M-106,55.96,2.3,229.92,normal
2025-04-21T20:00:00,M-106,55.06,2.34,230.35,normal
2025-04-21T21:00:00,M-106,55.94,1.93,230.86,normal
2025-04-21T22:00:00,M-106,55.69,2.49,232.53,normal
2025-04-21T23:00:00,M-106,53.64,2.23,231.79,normal
2025-04-22T00:00:00,M-106,53.39,2.1,230.68,normal
2025-04-22T01:00:00,M-106,54.89,2.42,231.08,normal
2025-04-22T02:00:00,M-106,53.89,2.21,230.59,normal
2025-04-22T03:00:00,M-106,56.7,2.07,230.75,normal
2025-04-22T04:00:00,M-106,54.86,2.28,229.87,normal
2025-04-22T05:00:00,M-106,54.84,1.98,232.82,normal
2025-04-22T06:00:00,M-106,54.99,2.11,231.02,normal
2025-04-22T07:00:00,M-106,52.77,1.93,231.32,normal
2025-04-22T08:00:00,M-106,57.54,2.34,229.65,normal
2025-04-22T09:00:00,M-106,54.43,2.11,230.25,normal
2025-04-22T10:00:00,M-106,54.13,1.99,230.06,normal
2025-04-22T11:00:00,M-106,55.45,2.17,231.69,normal
2025-04-22T12:00:00,M-106,55.71,2.17,228.72,normal
2025-04-22T13:00:00,M-106,56.94,2.38,229.56,normal
2025-04-22T14:00:00,M-106,55.76,2.2,232.24,normal
2025-04-22T15:00:00,M-106,54.28,2.33,226.49,normal
2025-04-22T16:00:00,M-106,54.67,2.16,230.4,normal
2025-04-22T17:00:00,M-106,55.99,1.82,227.18,normal
2025-04-22T18:00:00,M-106,55.2,2.06,229.78,normal
2025-04-22T19:00:00,M-106,54.15,2.38,230.47,normal
2025-04-22T20:00:00,M-106,54.42,2.53,231.04,normal
2025-04-22T21:00:00,M-106,56.72,2.18,230.89,normal
2025-04-22T22:00:00,M-106,54.81,1.99,231.3,normal
2025-04-22T23:00:00,M-106,55.2,2.1,229.8,normal
2025-04-23T00:00:00,M-106,55.8,1.98,231.61,normal
2025-04-23T01:00:00,M-106,56.94,2.1,230.17,normal
2025-04-23T02:00:00,M-106,54.85,2.25,231.29,normal
2025-04-23T03:00:00,M-106,55.71,2.26,231.36,normal
2025-04-23T04:00:00,M-106,55.4,2.17,230.51,normal
2025-04-23T05:00:00,M-106,54.8,2.13,226.78,normal
2025-04-23T06:00:00,M-106,55.95,2.13,230.89,normal
2025-04-23T07:00:00,M-106,56.1,2.17,230.37,normal
2025-04-23T08:00:00,M-106,56.74,2.21,229.22,normal
2025-04-23T09:00:00,M-106,55.43,2.28,229.06,normal
2025-04-23T10:00:00,M-106,56.29,2.1,229.64,normal
2025-04-23T11:00:00,M-106,53.32,2.13,228.29,normal
2025-04-23T12:00:00,M-106,53.82,2.21,230.82,normal
2025-04-23T13:00:00,M-106,54.38,2.41,228.6,normal
2025-04-23T14:00:00,M-106,55.11,2.12,230.24,normal
2025-04-23T15:00:00,M-106,55.15,2.12,230.97,normal
2025-04-23T16:00:00,M-106,55.5,2.32,228.15,normal
2025-04-23T17:00:00,M-106,52.95,2.3,230.57,normal
2025-04-23T18:00:00,M-106,55.77,2.05,229.77,normal
2025-04-23T19:00:00,M-106,55.99,1.89,230.23,normal
2025-04-23T20:00:00,M-106,54.89,2.25,230.46,normal
2025-04-23T21:00:00,M-106,56.58,2.23,228.1,normal
2025-04-23T22:00:00,M-106,56.69,2.35,231.5,normal
2025-04-23T23:00:00,M-106,55.34,2.5,229.25,normal
2025-04-24T00:00:00,M-106,53.75,2.24,230.72,normal
2025-04-24T01:00:00,M-106,54.98,2.3,231.27,normal
2025-04-24T02:00:00,M-106,54.97,1.97,229.09,normal
2025-04-24T03:00:00,M-106,56.3,2.41,230.2,normal
2025-04-24T04:00:00,M-106,55.45,2.07,229.54,normal
2025-04-24T05:00:00,M-106,54.26,2.19,230.05,normal
2025-04-24T06:00:00,M-106,53.32,2.06,233.13,normal
2025-04-24T07:00:00,M-106,55.01,1.99,227.89,normal
2025-04-24T08:00:00,M-106,54.24,2.22,228.5,normal
2025-04-24T09:00:00,M-106,56.19,2.16,232.35,normal
2025-04-24T10:00:00,M-106,54.88,2.22,228.87,normal
2025-04-24T11:00:00,M-106,53.79,2.38,227.69,normal
2025-04-24T12:00:00,M-106,55.55,2.02,229.4,normal
2025-04-24T13:00:00,M-106,54.65,2.04,231.09,normal
2025-04-24T14:00:00,M-106,54.91,2.41,229.14,normal
2025-04-24T15:00:00,M-106,53.06,1.98,231.68,normal
2025-04-24T16:00:00,M-106,55.58,2.21,227.98,normal
2025-04-24T17:00:00,M-106,55.38,2.26,227.28,normal
2025-04-24T18:00:00,M-106,52.56,2.16,228.18,normal
2025-04-24T19:00:00,M-106,53.89,1.99,229.86,normal
2025-04-24T20:00:00,M-106,54.5,2.13,230.31,normal
2025-04-24T21:00:00,M-106,54.37,2.35,230.41,normal
2025-04-24T22:00:00,M-106,55.0,2.28,227.19,normal
2025-04-24T23:00:00,M-106,54.21,1.92,232.61,normal
2025-04-25T00:00:00,M-106,54.71,2.3,229.65,normal
2025-04-25T01:00:00,M-106,55.48,2.14,229.25,normal
2025-04-25T02:00:00,M-106,54.6,2.29,228.79,normal
2025-04-25T03:00:00,M-106,53.61,2.2,230.29,normal
2025-04-25T04:00:00,M-106,52.39,2.22,230.7,normal
2025-04-25T05:00:00,M-106,53.6,2.08,228.57,normal
2025-04-25T06:00:00,M-106,54.74,2.22,230.83,normal
2025-04-25T07:00:00,M-106,53.65,2.21,230.62,normal
2025-04-25T08:00:00,M-106,54.6,2.11,231.19,normal
2025-04-25T09:00:00,M-106,54.62,2.42,231.44,normal
2025-04-25T10:00:00,M-106,55.12,2.38,229.93,normal
2025-04-25T11:00:00,M-106,55.6,2.22,230.04,normal
2025-04-25T12:00:00,M-106,52.76,2.06,230.98,normal
2025-04-25T13:00:00,M-106,54.55,1.93,231.53,normal
2025-04-25T14:00:00,M-106,54.08,2.3,230.52,normal
2025-04-25T15:00:00,M-106,55.63,2.1,229.06,normal
2025-04-25T16:00:00,M-106,56.28,2.14,230.79,normal
2025-04-25T17:00:00,M-106,53.04,2.0,228.47,normal
2025-04-25T18:00:00,M-106,55.24,2.05,232.28,normal
2025-04-25T19:00:00,M-106,56.83,2.13,229.41,normal
2025-04-25T20:00:00,M-106,56.97,2.06,228.0,normal
2025-04-25T21:00:00,M-106,56.49,2.23,231.42,normal
2025-04-25T22:00:00,M-106,55.74,2.17,231.17,normal
2025-04-25T23:00:00,M-106,55.23,2.19,228.26,normal
2025-04-26T00:00:00,M-106,54.65,2.03,231.67,normal
2025-04-26T01:00:00,M-106,56.77,2.11,227.31,normal
2025-04-26T02:00:00,M-106,55.1,2.41,231.28,normal
2025-04-26T03:00:00,M-106,56.31,2.55,232.65,normal
2025-04-26T04:00:00,M-106,54.43,2.14,229.84,normal
2025-04-26T05:00:00,M-106,56.2,1.98,229.78,normal
2025-04-26T06:00:00,M-106,54.29,2.2,230.39,normal
2025-04-26T07:00:00,M-106,54.51,2.35,229.8,normal
2025-04-26T08:00:00,M-106,56.56,2.17,229.11,normal
2025-04-26T09:00:00,M-106,54.62,2.35,230.35,normal
2025-04-26T10:00:00,M-106,52.85,2.2,228.23,normal
2025-04-26T11:00:00,M-106,54.39,2.45,230.69,normal
2025-04-26T12:00:00,M-106,56.69,1.93,229.3,normal
2025-04-26T13:00:00,M-106,56.01,2.16,230.81,normal
2025-04-26T14:00:00,M-106,56.97,2.25,228.15,normal
2025-04-26T15:00:00,M-106,55.46,2.19,230.13,normal
2025-04-26T16:00:00,M-106,54.12,2.26,230.09,normal
2025-04-26T17:00:00,M-106,55.86,2.04,233.55,normal
2025-04-26T18:00:00,M-106,53.26,2.1,229.89,normal
2025-04-26T19:00:00,M-106,54.6,2.48,231.04,normal
2025-04-26T20:00:00,M-106,55.01,2.11,231.85,normal
2025-04-26T21:00:00,M-106,54.43,2.37,231.4,normal
2025-04-26T22:00:00,M-106,55.42,2.26,229.54,normal
2025-04-26T23:00:00,M-106,53.8,2.09,230.87,normal
2025-04-27T00:00:00,M-106,54.97,2.14,227.98,normal
2025-04-27T01:00:00,M-106,55.85,1.94,229.79,normal
2025-04-27T02:00:00,M-106,54.7,2.22,229.43,normal
2025-04-27T03:00:00,M-106,51.37,2.27,227.83,normal
2025-04-27T04:00:00,M-106,53.63,2.31,229.83,normal
2025-04-27T05:00:00,M-106,56.06,2.3,230.78,normal
2025-04-27T06:00:00,M-106,55.16,2.24,229.51,normal
2025-04-27T07:00:00,M-106,53.6,2.31,231.1,normal
2025-04-27T08:00:00,M-106,54.28,2.23,230.22,normal
2025-04-27T09:00:00,M-106,54.83,2.5,230.85,normal
2025-04-27T10:00:00,M-106,56.3,2.13,230.95,normal
2025-04-27T11:00:00,M-106,54.51,2.02,230.18,normal
2025-04-27T12:00:00,M-106,54.25,2.22,231.5,normal
2025-04-27T13:00:00,M-106,56.53,2.29,230.67,normal
2025-04-27T14:00:00,M-106,55.27,2.45,231.52,normal
2025-04-27T15:00:00,M-106,54.65,2.2,231.64,normal
2025-04-27T16:00:00,M-106,56.64,2.51,228.04,normal
2025-04-27T17:00:00,M-106,54.92,2.12,228.76,normal
2025-04-27T18:00:00,M-106,54.38,2.23,230.86,normal
2025-04-27T19:00:00,M-106,56.58,2.1,228.14,normal
2025-04-27T20:00:00,M-106,55.13,1.92,230.16,normal
2025-04-27T21:00:00,M-106,55.59,2.12,233.98,normal
2025-04-27T22:00:00,M-106,55.33,2.1,230.68,normal
2025-04-27T23:00:00,M-106,55.23,2.42,228.76,normal
2025-04-28T00:00:00,M-106,54.64,2.13,230.65,normal
2025-04-28T01:00:00,M-106,53.18,2.42,231.14,normal
2025-04-28T02:00:00,M-106,53.04,2.44,230.81,normal
2025-04-28T03:00:00,M-106,54.68,2.26,229.48,normal
2025-04-28T04:00:00,M-106,54.24,2.0,231.03,normal
2025-04-28T05:00:00,M-106,54.72,2.36,230.72,normal
2025-04-28T06:00:00,M-106,55.7,2.45,228.71,normal
2025-04-28T07:00:00,M-106,52.7,2.37,232.98,normal
2025-04-28T08:00:00,M-106,53.95,2.22,230.54,normal
2025-04-28T09:00:00,M-106,55.1,2.32,226.81,normal
2025-04-28T10:00:00,M-106,54.98,2.01,230.55,normal
2025-04-28T11:00:00,M-106,54.74,2.22,231.01,normal
2025-04-28T12:00:00,M-106,56.6,1.88,228.66,normal
2025-04-28T13:00:00,M-106,53.39,2.23,230.66,normal
2025-04-28T14:00:00,M-106,55.69,2.13,229.03,normal
2025-04-28T15:00:00,M-106,55.52,2.31,229.79,normal
2025-04-28T16:00:00,M-106,56.61,2.3,230.71,normal
2025-04-28T17:00:00,M-106,54.18,2.41,231.79,normal
2025-04-28T18:00:00,M-106,55.43,2.01,227.08,normal
2025-04-28T19:00:00,M-106,55.19,2.27,229.54,normal
2025-04-28T20:00:00,M-106,56.12,2.31,231.64,normal
2025-04-28T21:00:00,M-106,56.44,2.44,230.64,normal
2025-04-28T22:00:00,M-106,56.73,2.41,228.94,normal
2025-04-28T23:00:00,M-106,56.6,2.36,229.75,normal
2025-04-29T00:00:00,M-106,54.6,2.2,228.51,normal
2025-04-29T01:00:00,M-106,56.46,2.29,230.9,normal
2025-04-29T02:00:00,M-106,54.96,2.38,231.92,normal
2025-04-29T03:00:00,M-106,54.54,2.12,229.06,normal
2025-04-29T04:00:00,M-106,54.16,2.13,229.27,normal
2025-04-29T05:00:00,M-106,54.91,2.01,228.26,normal
2025-04-29T06:00:00,M-106,53.61,1.96,227.94,normal
2025-04-29T07:00:00,M-106,53.65,2.31,230.76,normal
2025-04-29T08:00:00,M-106,54.59,2.15,231.81,normal
2025-04-29T09:00:00,M-106,54.69,2.37,229.94,normal
2025-04-29T10:00:00,M-106,54.79,2.32,231.48,normal
2025-04-29T11:00:00,M-106,58.13,2.22,228.6,normal
2025-04-29T12:00:00,M-106,55.15,2.18,228.81,normal
2025-04-29T13:00:00,M-106,55.03,2.4,231.79,normal
2025-04-29T14:00:00,M-106,54.47,2.16,232.03,normal
2025-04-29T15:00:00,M-106,55.38,1.95,230.68,normal
2025-04-29T16:00:00,M-106,54.46,2.43,232.34,normal
2025-04-29T17:00:00,M-106,55.73,2.11,231.82,normal
2025-04-29T18:00:00,M-106,55.58,1.97,229.13,normal
2025-04-29T19:00:00,M-106,56.89,2.25,232.16,normal
2025-04-29T20:00:00,M-106,54.44,2.0,229.22,normal
2025-04-29T21:00:00,M-106,54.35,2.05,232.19,normal
2025-04-29T22:00:00,M-106,56.31,2.21,227.61,normal
2025-04-29T23:00:00,M-106,53.67,2.23,229.65,normal
2025-04-30T00:00:00,M-106,53.85,2.19,228.54,normal
2025-04-30T01:00:00,M-106,56.31,2.14,228.02,normal
2025-04-30T02:00:00,M-106,55.35,2.54,233.05,normal
2025-04-30T03:00:00,M-106,55.1,2.29,233.36,normal
2025-04-30T04:00:00,M-106,53.64,1.74,228.11,normal
2025-04-30T05:00:00,M-106,53.82,2.26,228.49,normal
2025-04-30T06:00:00,M-106,53.56,2.31,229.88,normal
2025-04-30T07:00:00,M-106,53.99,2.19,230.07,normal
2025-04-30T08:00:00,M-106,56.72,2.38,227.5,normal
2025-04-30T09:00:00,M-106,55.59,2.04,228.28,normal
2025-04-30T10:00:00,M-106,54.82,2.36,227.54,normal
2025-04-30T11:00:00,M-106,55.89,2.1,231.77,normal
2025-04-30T12:00:00,M-106,54.76,2.47,228.62,normal
2025-04-30T13:00:00,M-106,53.56,1.96,228.35,normal
2025-04-30T14:00:00,M-106,55.57,2.03,229.59,normal
2025-04-30T15:00:00,M-106,54.99,2.34,229.68,normal
2025-04-30T16:00:00,M-106,55.98,2.17,229.66,normal
2025-04-30T17:00:00,M-106,54.24,2.35,232.08,normal
2025-04-30T18:00:00,M-106,56.95,2.23,234.26,normal
2025-04-30T19:00:00,M-106,53.7,2.24,230.38,normal
2025-04-30T20:00:00,M-106,56.21,2.2,229.24,normal
2025-04-30T21:00:00,M-106,52.64,2.25,229.98,normal
2025-04-30T22:00:00,M-106,56.7,2.13,231.6,normal
2025-04-30T23:00:00,M-106,54.33,2.11,231.74,normal
2025-05-01T00:00:00,M-106,54.64,2.21,231.14,normal
2025-05-01T01:00:00,M-106,56.03,2.11,231.89,normal
2025-05-01T02:00:00,M-106,52.51,2.04,230.55,normal
2025-05-01T03:00:00,M-106,55.85,2.06,231.1,normal
2025-05-01T04:00:00,M-106,55.3,2.19,228.87,normal
2025-05-01T05:00:00,M-106,55.03,2.41,230.08,normal
2025-05-01T06:00:00,M-106,52.92,1.97,229.17,normal
2025-05-01T07:00:00,M-106,53.71,2.19,228.23,normal
2025-05-01T08:00:00,M-106,54.26,2.1,229.44,normal
2025-05-01T09:00:00,M-106,55.91,2.39,228.04,normal
2025-05-01T10:00:00,M-106,53.77,2.11,231.31,normal
2025-05-01T11:00:00,M-106,52.77,1.91,231.93,normal
2025-05-01T12:00:00,M-106,57.61,2.24,230.28,normal
2025-05-01T13:00:00,M-106,53.22,2.32,227.79,normal
2025-05-01T14:00:00,M-106,54.43,2.38,228.19,normal
2025-05-01T15:00:00,M-106,54.31,2.44,230.77,normal
2025-05-01T16:00:00,M-106,53.76,2.46,231.26,normal
2025-05-01T17:00:00,M-106,55.04,2.2,230.96,normal
2025-05-01T18:00:00,M-106,55.24,1.85,230.52,normal
2025-05-01T19:00:00,M-106,53.27,2.17,228.33,normal
2025-05-01T20:00:00,M-106,55.82,2.01,230.83,normal
2025-05-01T21:00:00,M-106,53.94,2.15,231.03,normal
2025-05-01T22:00:00,M-106,54.97,2.18,226.09,normal
2025-05-01T23:00:00,M-106,55.69,2.1,230.76,normal
2025-05-02T00:00:00,M-106,53.47,2.25,228.66,normal
2025-05-02T01:00:00,M-106,54.46,2.22,231.87,normal
2025-05-02T02:00:00,M-106,54.58,2.2,231.85,normal
2025-05-02T03:00:00,M-106,56.0,2.36,228.12,normal
2025-05-02T04:00:00,M-106,54.19,2.26,231.28,normal
2025-05-02T05:00:00,M-106,56.62,1.95,230.9,normal
2025-05-02T06:00:00,M-106,56.69,2.29,232.0,normal
2025-05-02T07:00:00,M-106,54.98,2.06,229.82,normal
2025-05-02T08:00:00,M-106,56.05,1.93,231.04,normal
2025-05-02T09:00:00,M-106,56.32,2.45,232.08,normal
2025-05-02T10:00:00,M-106,55.56,2.44,232.52,normal
2025-05-02T11:00:00,M-106,54.34,1.95,228.86,normal
2025-05-02T12:00:00,M-106,54.31,2.3,227.57,normal
2025-05-02T13:00:00,M-106,55.27,2.36,230.78,normal
2025-05-02T14:00:00,M-106,52.63,2.04,228.73,normal
2025-05-02T15:00:00,M-106,56.39,2.34,230.72,normal
2025-05-02T16:00:00,M-106,56.22,2.47,230.56,normal
2025-05-02T17:00:00,M-106,55.7,2.14,229.65,normal
2025-05-02T18:00:00,M-106,56.0,1.99,230.73,normal
2025-05-02T19:00:00,M-106,57.8,2.33,231.53,normal
2025-05-02T20:00:00,M-106,55.05,2.37,231.06,normal
2025-05-02T21:00:00,M-106,54.07,2.22,232.02,normal
2025-05-02T22:00:00,M-106,56.96,2.2,230.96,normal
2025-05-02T23:00:00,M-106,55.33,2.16,230.9,normal
2025-05-03T00:00:00,M-106,55.98,2.24,230.9,normal
2025-05-03T01:00:00,M-106,55.05,2.3,227.67,normal
2025-05-03T02:00:00,M-106,55.83,2.35,229.45,normal
2025-05-03T03:00:00,M-106,57.0,2.14,231.27,normal
2025-05-03T04:00:00,M-106,56.02,2.17,230.94,normal
2025-05-03T05:00:00,M-106,55.85,2.15,231.02,normal
2025-05-03T06:00:00,M-106,55.09,1.74,232.68,normal
2025-05-03T07:00:00,M-106,54.18,2.36,230.68,normal
2025-05-03T08:00:00,M-106,54.41,2.57,229.62,normal
2025-05-03T09:00:00,M-106,55.84,2.16,231.98,normal
2025-05-03T10:00:00,M-106,55.16,2.35,229.56,normal
2025-05-03T11:00:00,M-106,54.33,2.13,230.7,normal
2025-05-03T12:00:00,M-106,54.22,2.39,227.97,normal
2025-05-03T13:00:00,M-106,53.89,2.1,231.63,normal
2025-05-03T14:00:00,M-106,55.05,2.23,230.62,normal
2025-05-03T15:00:00,M-106,52.84,2.12,227.07,normal
2025-05-03T16:00:00,M-106,53.12,2.19,230.29,normal
2025-05-03T17:00:00,M-106,54.28,2.23,228.34,normal
2025-05-03T18:00:00,M-106,56.94,2.35,230.89,normal
2025-05-03T19:00:00,M-106,54.56,2.51,230.18,normal
2025-05-03T20:00:00,M-106,54.43,2.42,228.9,normal
2025-05-03T21:00:00,M-106,53.65,2.18,229.68,normal
2025-05-03T22:00:00,M-106,54.71,2.22,230.18,normal
2025-05-03T23:00:00,M-106,53.76,2.07,231.35,normal
2025-05-04T00:00:00,M-106,55.36,2.25,229.97,normal
2025-05-04T01:00:00,M-106,54.22,2.12,230.5,normal
2025-05-04T02:00:00,M-106,55.63,2.02,228.35,normal
2025-05-04T03:00:00,M-106,53.38,2.24,227.26,normal
2025-05-04T04:00:00,M-106,53.31,2.09,228.93,normal
2025-05-04T05:00:00,M-106,56.16,2.13,229.33,normal
2025-05-04T06:00:00,M-106,54.24,2.25,230.77,normal
2025-05-04T07:00:00,M-106,56.95,2.23,228.09,normal
2025-05-04T08:00:00,M-106,56.35,2.19,229.2,normal
2025-05-04T09:00:00,M-106,54.75,2.2,229.96,normal
2025-05-04T10:00:00,M-106,57.38,2.46,230.32,normal
2025-05-04T11:00:00,M-106,54.22,2.21,228.3,normal
2025-05-04T12:00:00,M-106,55.19,2.12,229.46,normal
2025-05-04T13:00:00,M-106,53.33,2.19,229.58,normal
2025-05-04T14:00:00,M-106,53.29,2.38,226.41,normal
2025-05-04T15:00:00,M-106,55.81,2.17,229.57,normal
2025-05-04T16:00:00,M-106,55.08,2.22,229.64,normal
2025-05-04T17:00:00,M-106,55.35,2.28,228.68,normal
2025-05-04T18:00:00,M-106,54.72,2.27,227.97,normal
2025-05-04T19:00:00,M-106,54.04,2.36,228.16,normal
2025-05-04T20:00:00,M-106,56.23,2.29,230.22,normal
2025-05-04T21:00:00,M-106,54.84,2.1,230.4,normal
2025-05-04T22:00:00,M-106,56.66,2.38,228.4,normal
2025-05-04T23:00:00,M-106,54.23,2.19,233.45,normal
2025-05-05T00:00:00,M-106,56.12,2.08,231.18,normal
2025-05-05T01:00:00,M-106,55.54,2.18,231.45,normal
2025-05-05T02:00:00,M-106,54.66,2.16,230.79,normal
2025-05-05T03:00:00,M-106,54.92,2.3,229.45,normal
2025-05-05T04:00:00,M-106,53.16,2.09,232.22,normal
2025-05-05T05:00:00,M-106,53.37,2.07,228.17,normal
2025-05-05T06:00:00,M-106,55.43,2.1,233.39,normal
2025-05-05T07:00:00,M-106,54.35,1.98,231.31,normal
2025-05-05T08:00:00,M-106,53.13,2.3,233.37,normal
2025-05-05T09:00:00,M-106,53.22,2.41,229.26,normal
2025-05-05T10:00:00,M-106,55.56,2.04,229.1,normal
2025-05-05T11:00:00,M-106,55.67,2.39,228.48,normal
2025-05-05T12:00:00,M-106,56.27,2.29,227.54,normal
2025-05-05T13:00:00,M-106,56.01,1.99,227.98,normal
2025-05-05T14:00:00,M-106,56.29,1.97,230.73,normal
2025-05-05T15:00:00,M-106,56.49,2.17,231.61,normal
2025-05-05T16:00:00,M-106,54.63,2.22,230.71,normal
2025-05-05T17:00:00,M-106,55.34,2.17,230.22,normal
2025-05-05T18:00:00,M-106,52.65,2.17,229.05,normal
2025-05-05T19:00:00,M-106,55.14,2.12,230.34,normal
2025-05-05T20:00:00,M-106,54.69,2.36,230.79,normal
2025-05-05T21:00:00,M-106,54.2,2.13,230.33,normal
2025-05-05T22:00:00,M-106,55.28,2.41,228.61,normal
2025-05-05T23:00:00,M-106,54.37,2.08,230.78,normal
2025-05-06T00:00:00,M-106,55.09,2.07,231.24,normal
2025-05-06T01:00:00,M-106,54.83,2.23,229.54,normal
2025-05-06T02:00:00,M-106,54.36,2.23,229.46,normal
2025-05-06T03:00:00,M-106,54.53,1.99,226.08,normal
2025-05-06T04:00:00,M-106,55.79,2.22,230.9,normal
2025-05-06T05:00:00,M-106,55.44,1.87,227.03,normal
2025-05-06T06:00:00,M-106,54.87,2.16,232.69,normal
2025-05-06T07:00:00,M-106,55.17,2.35,232.03,normal
2025-05-06T08:00:00,M-106,54.81,2.39,229.22,normal
2025-05-06T09:00:00,M-106,56.09,2.26,229.58,normal
2025-05-06T10:00:00,M-106,54.98,1.95,229.99,normal
2025-05-06T11:00:00,M-106,54.71,2.24,228.58,normal
2025-05-06T12:00:00,M-106,55.21,2.24,232.19,normal
2025-05-06T13:00:00,M-106,55.06,1.92,232.69,normal
2025-05-06T14:00:00,M-106,53.05,2.07,227.63,normal
2025-05-06T15:00:00,M-106,53.31,2.18,229.07,normal
2025-05-06T16:00:00,M-106,53.22,1.86,230.99,normal
2025-05-06T17:00:00,M-106,54.91,2.22,229.16,normal
2025-05-06T18:00:00,M-106,56.37,2.12,227.62,normal
2025-05-06T19:00:00,M-106,53.96,1.99,232.41,normal
2025-05-06T20:00:00,M-106,53.94,2.31,229.38,normal
2025-05-06T21:00:00,M-106,52.98,2.43,232.65,normal
2025-05-06T22:00:00,M-106,55.36,2.0,230.84,normal
2025-05-06T23:00:00,M-106,55.4,2.26,229.72,normal
2025-05-07T00:00:00,M-106,55.46,2.35,230.51,normal
2025-05-07T01:00:00,M-106,53.66,2.37,228.72,normal
2025-05-07T02:00:00,M-106,58.03,2.11,229.5,normal
2025-05-07T03:00:00,M-106,55.49,2.44,232.5,normal
2025-05-07T04:00:00,M-106,54.83,2.29,228.51,normal
2025-05-07T05:00:00,M-106,54.43,2.33,231.32,normal
2025-05-07T06:00:00,M-106,55.06,2.09,231.62,normal
2025-05-07T07:00:00,M-106,55.32,2.29,230.39,normal
2025-05-07T08:00:00,M-106,52.17,2.21,228.5,normal
2025-05-07T09:00:00,M-106,54.05,2.23,231.22,normal
2025-05-07T10:00:00,M-106,54.82,2.4,231.23,normal
2025-05-07T11:00:00,M-106,55.61,1.94,230.5,normal
2025-05-07T12:00:00,M-106,55.83,2.17,229.64,normal
2025-05-07T13:00:00,M-106,54.34,2.18,231.22,normal
2025-05-07T14:00:00,M-106,52.07,2.42,231.57,normal
2025-05-07T15:00:00,M-106,55.77,2.1,229.47,normal
2025-05-07T16:00:00,M-106,53.39,2.29,224.91,normal
2025-05-07T17:00:00,M-106,54.76,2.12,229.38,normal
2025-05-07T18:00:00,M-106,55.48,2.32,227.51,normal
2025-05-07T19:00:00,M-106,56.06,2.45,229.65,normal
2025-05-07T20:00:00,M-106,54.07,2.08,230.05,normal
2025-05-07T21:00:00,M-106,54.62,2.05,231.66,normal
2025-05-07T22:00:00,M-106,53.4,2.53,233.35,normal
2025-05-07T23:00:00,M-106,54.75,2.1,232.61,normal
2025-05-08T00:00:00,M-106,56.32,2.03,229.73,normal
2025-05-08T01:00:00,M-106,55.78,2.19,230.27,normal
2025-05-08T02:00:00,M-106,55.95,2.28,233.56,normal
2025-05-08T03:00:00,M-106,54.45,2.46,231.64,normal
2025-05-08T04:00:00,M-106,55.35,2.17,227.87,normal
2025-05-08T05:00:00,M-106,55.54,1.95,231.08,normal
2025-05-08T06:00:00,M-106,54.57,1.99,229.45,normal
2025-05-08T07:00:00,M-106,55.88,2.16,230.01,normal
2025-05-08T08:00:00,M-106,55.24,2.11,230.22,normal
2025-05-08T09:00:00,M-106,55.66,2.01,225.44,normal
2025-05-08T10:00:00,M-106,55.03,2.17,232.41,normal
2025-05-08T11:00:00,M-106,55.09,2.03,228.13,normal
2025-05-08T12:00:00,M-106,54.36,2.28,232.64,normal
2025-05-08T13:00:00,M-106,55.73,2.16,228.15,normal
2025-05-08T14:00:00,M-106,54.7,2.39,230.72,normal
2025-05-08T15:00:00,M-106,53.51,2.1,229.83,normal
2025-05-08T16:00:00,M-106,55.42,2.57,231.48,normal
2025-05-08T17:00:00,M-106,54.75,2.01,229.65,normal
2025-05-08T18:00:00,M-106,53.96,2.14,228.37,normal
2025-05-08T19:00:00,M-106,53.99,2.36,231.62,normal
2025-05-08T20:00:00,M-106,54.62,2.11,230.89,normal
2025-05-08T21:00:00,M-106,54.74,2.12,230.43,normal
2025-05-08T22:00:00,M-106,54.8,2.21,230.04,normal
2025-05-08T23:00:00,M-106,55.56,2.23,231.57,normal
2025-05-09T00:00:00,M-106,53.79,2.31,229.54,normal
2025-05-09T01:00:00,M-106,56.76,1.99,228.7,normal
2025-05-09T02:00:00,M-106,55.56,2.18,229.74,normal
2025-05-09T03:00:00,M-106,52.39,2.03,230.3,normal
2025-05-09T04:00:00,M-106,55.16,2.13,230.44,normal
2025-05-09T05:00:00,M-106,56.04,2.02,228.94,normal
2025-05-09T06:00:00,M-106,57.24,2.47,230.37,normal
2025-05-09T07:00:00,M-106,55.18,2.29,231.51,normal
2025-05-09T08:00:00,M-106,54.95,2.2,229.94,normal
2025-05-09T09:00:00,M-106,56.44,2.3,229.13,normal
2025-05-09T10:00:00,M-106,54.35,2.25,229.96,normal
2025-05-09T11:00:00,M-106,53.64,2.13,229.83,normal
2025-05-09T12:00:00,M-106,55.38,2.3,228.97,normal
2025-05-09T13:00:00,M-106,54.96,2.24,229.55,normal
2025-05-09T14:00:00,M-106,53.77,2.32,229.83,normal
2025-05-09T15:00:00,M-106,57.11,2.19,231.67,normal
2025-05-09T16:00:00,M-106,53.1,2.38,229.39,normal
2025-05-09T17:00:00,M-106,54.22,2.41,231.56,normal
2025-05-09T18:00:00,M-106,54.66,2.22,230.6,normal
2025-05-09T19:00:00,M-106,54.31,2.14,232.59,normal
2025-05-09T20:00:00,M-106,55.87,2.0,231.73,normal
2025-05-09T21:00:00,M-106,51.76,2.26,230.18,normal
2025-05-09T22:00:00,M-106,54.93,2.14,229.3,normal
2025-05-09T23:00:00,M-106,55.14,2.13,227.1,normal
2025-05-10T00:00:00,M-106,56.51,2.19,231.77,normal
2025-05-10T01:00:00,M-106,55.75,2.28,229.58,normal
2025-05-10T02:00:00,M-106,56.07,2.12,228.0,normal
2025-05-10T03:00:00,M-106,53.63,1.9,228.94,normal
2025-05-10T04:00:00,M-106,52.67,1.97,232.32,normal
2025-05-10T05:00:00,M-106,53.86,2.3,228.5,normal
2025-05-10T06:00:00,M-106,54.48,1.8,230.1,normal
2025-05-10T07:00:00,M-106,54.76,1.87,230.41,normal
2025-05-10T08:00:00,M-106,56.49,2.36,229.83,normal
2025-05-10T09:00:00,M-106,56.9,2.29,230.01,normal
2025-05-10T10:00:00,M-106,55.98,2.14,226.2,normal
2025-05-10T11:00:00,M-106,55.72,2.03,231.46,normal
2025-05-10T12:00:00,M-106,53.49,2.22,231.53,normal
2025-05-10T13:00:00,M-106,54.54,2.16,234.45,normal
2025-05-10T14:00:00,M-106,54.27,2.28,231.33,normal
2025-05-10T15:00:00,M-106,56.19,2.22,227.35,normal
2025-05-10T16:00:00,M-106,58.26,2.31,231.38,normal
2025-05-10T17:00:00,M-106,54.14,2.41,230.61,normal
2025-05-10T18:00:00,M-106,56.01,2.29,228.34,normal
2025-05-10T19:00:00,M-106,54.59,2.19,227.25,normal
2025-05-10T20:00:00,M-106,52.35,2.26,228.16,normal
2025-05-10T21:00:00,M-106,54.94,2.53,231.55,normal
2025-05-10T22:00:00,M-106,55.43,2.1,230.83,normal
2025-05-10T23:00:00,M-106,53.79,2.29,229.05,normal
2025-05-11T00:00:00,M-106,54.75,2.13,229.59,normal
2025-05-11T01:00:00,M-106,55.17,2.3,230.36,normal
2025-05-11T02:00:00,M-106,56.71,1.92,229.72,normal
2025-05-11T03:00:00,M-106,54.31,2.24,231.94,normal
2025-05-11T04:00:00,M-106,55.45,2.38,230.06,normal
2025-05-11T05:00:00,M-106,54.68,2.53,228.99,normal
2025-05-11T06:00:00,M-106,54.92,2.06,230.17,normal
2025-05-11T07:00:00,M-106,52.75,2.19,228.28,normal
2025-05-11T08:00:00,M-106,53.94,2.38,227.17,normal
2025-05-11T09:00:00,M-106,55.01,2.4,226.89,normal
2025-05-11T10:00:00,M-106,56.31,2.58,230.88,normal
2025-05-11T11:00:00,M-106,54.04,2.15,231.17,normal
2025-05-11T12:00:00,M-106,56.97,2.32,228.99,normal
2025-05-11T13:00:00,M-106,54.48,2.24,230.26,normal
2025-05-11T14:00:00,M-106,53.61,2.13,230.07,normal
2025-05-11T15:00:00,M-106,57.17,2.12,231.1,normal
2025-05-11T16:00:00,M-106,54.48,2.05,228.83,normal
2025-05-11T17:00:00,M-106,53.43,2.36,231.65,normal
2025-05-11T18:00:00,M-106,54.32,2.04,230.85,normal
2025-05-11T19:00:00,M-106,54.11,2.3,229.4,normal
2025-05-11T20:00:00,M-106,54.48,2.22,231.77,normal
2025-05-11T21:00:00,M-106,58.34,2.24,230.52,normal
2025-05-11T22:00:00,M-106,56.39,2.04,228.51,normal
2025-05-11T23:00:00,M-106,55.37,2.21,228.89,normal
2025-05-12T00:00:00,M-106,55.57,2.05,231.04,normal
2025-05-12T01:00:00,M-106,55.48,2.18,230.79,normal
2025-05-12T02:00:00,M-106,54.59,2.31,229.75,normal
2025-05-12T03:00:00,M-106,54.46,2.1,229.63,normal
2025-05-12T04:00:00,M-106,53.67,1.99,231.94,normal
2025-05-12T05:00:00,M-106,53.78,2.15,229.0,normal
2025-05-12T06:00:00,M-106,56.97,2.34,230.78,normal
2025-05-12T07:00:00,M-106,56.28,2.31,225.18,normal
2025-05-12T08:00:00,M-106,55.66,2.19,228.44,normal
2025-05-12T09:00:00,M-106,54.01,2.22,230.22,normal
2025-05-12T10:00:00,M-106,52.93,2.24,230.52,normal
2025-05-12T11:00:00,M-106,53.81,2.23,229.35,normal
2025-05-12T12:00:00,M-106,53.4,2.22,231.55,normal
2025-05-12T13:00:00,M-106,55.1,2.53,232.05,normal
2025-05-12T14:00:00,M-106,51.72,2.29,231.07,normal
2025-05-12T15:00:00,M-106,53.16,2.15,229.37,normal
2025-05-12T16:00:00,M-106,54.99,2.18,232.04,normal
2025-05-12T17:00:00,M-106,52.97,1.98,233.76,normal
2025-05-12T18:00:00,M-106,54.64,1.95,230.95,normal
2025-05-12T19:00:00,M-106,55.32,2.17,231.61,normal
2025-05-12T20:00:00,M-106,55.44,2.11,232.41,normal
2025-05-12T21:00:00,M-106,56.15,2.25,230.8,normal
2025-05-12T22:00:00,M-106,55.98,2.47,228.74,normal
2025-05-12T23:00:00,M-106,56.46,2.3,230.24,normal
2025-05-13T00:00:00,M-106,54.98,2.14,231.39,normal
2025-05-13T01:00:00,M-106,54.45,2.3,230.23,normal
2025-05-13T02:00:00,M-106,54.1,2.51,230.57,normal
2025-05-13T03:00:00,M-106,54.94,2.07,228.68,normal
2025-05-13T04:00:00,M-106,55.3,2.17,230.3,normal
2025-05-13T05:00:00,M-106,56.8,2.41,230.93,normal
2025-05-13T06:00:00,M-106,56.67,2.05,229.08,normal
2025-05-13T07:00:00,M-106,56.56,2.07,232.61,normal
2025-05-13T08:00:00,M-106,57.69,2.27,229.77,normal
2025-05-13T09:00:00,M-106,55.55,2.38,232.55,normal
2025-05-13T10:00:00,M-106,54.63,2.27,228.46,normal
2025-05-13T11:00:00,M-106,56.4,2.11,231.18,normal
2025-05-13T12:00:00,M-106,54.43,2.13,228.04,normal
2025-05-13T13:00:00,M-106,56.43,2.22,230.32,normal
2025-05-13T14:00:00,M-106,55.61,2.07,229.51,normal
2025-05-13T15:00:00,M-106,55.95,2.25,229.15,normal
2025-05-13T16:00:00,M-106,53.6,2.51,229.77,normal
2025-05-13T17:00:00,M-106,54.1,2.2,230.38,normal
2025-05-13T18:00:00,M-106,56.52,2.05,229.06,normal
2025-05-13T19:00:00,M-106,55.9,2.14,229.6,normal
2025-05-13T20:00:00,M-106,51.66,2.13,228.7,normal
2025-05-13T21:00:00,M-106,56.52,2.06,227.56,normal
2025-05-13T22:00:00,M-106,54.59,2.35,229.63,normal
2025-05-13T23:00:00,M-106,56.07,2.03,229.9,normal
2025-05-14T00:00:00,M-106,55.42,2.17,229.05,normal
2025-05-14T01:00:00,M-106,56.38,2.01,228.32,normal
2025-05-14T02:00:00,M-106,55.44,2.61,231.84,normal
2025-05-14T03:00:00,M-106,54.13,2.35,233.29,normal
2025-05-14T04:00:00,M-106,55.47,2.18,229.01,normal
2025-05-14T05:00:00,M-106,55.06,2.33,229.21,normal
2025-05-14T06:00:00,M-106,56.63,2.28,229.13,normal
2025-05-14T07:00:00,M-106,56.4,2.36,229.79,normal
2025-05-14T08:00:00,M-106,57.75,2.06,229.96,normal
2025-05-14T09:00:00,M-106,52.94,2.01,229.39,normal
2025-05-14T10:00:00,M-106,56.49,2.3,233.5,normal
2025-05-14T11:00:00,M-106,55.04,2.12,230.21,normal
2025-05-14T12:00:00,M-106,55.6,2.07,230.03,normal
2025-05-14T13:00:00,M-106,54.7,2.39,226.83,normal
2025-05-14T14:00:00,M-106,56.82,2.34,231.32,normal
2025-05-14T15:00:00,M-106,55.22,2.29,229.37,normal
2025-05-14T16:00:00,M-106,55.63,2.07,231.03,normal
2025-05-14T17:00:00,M-106,53.31,2.17,227.6,normal
2025-05-14T18:00:00,M-106,54.15,2.12,228.65,normal
2025-05-14T19:00:00,M-106,55.03,2.14,231.16,normal
2025-05-14T20:00:00,M-106,53.4,2.11,231.04,normal
2025-05-14T21:00:00,M-106,54.26,1.88,232.2,normal
2025-05-14T22:00:00,M-106,56.66,2.22,228.64,normal
2025-05-14T23:00:00,M-106,55.54,2.17,232.0,normal
2025-05-15T00:00:00,M-106,55.65,2.2,227.94,normal
2025-05-15T01:00:00,M-106,55.78,2.22,232.08,normal
2025-05-15T02:00:00,M-106,55.03,2.12,231.18,normal
2025-05-15T03:00:00,M-106,54.71,2.35,230.43,normal
2025-05-15T04:00:00,M-106,55.19,2.1,229.43,normal
2025-05-15T05:00:00,M-106,53.3,2.22,228.42,normal
2025-05-15T06:00:00,M-106,53.41,2.03,232.75,normal
2025-05-15T07:00:00,M-106,53.91,2.29,230.81,normal
2025-05-15T08:00:00,M-106,54.48,2.1,229.12,normal
2025-05-15T09:00:00,M-106,53.89,2.12,231.43,normal
2025-05-15T10:00:00,M-106,56.15,2.26,227.72,normal
2025-05-15T11:00:00,M-106,54.64,2.14,230.63,normal
2025-05-15T12:00:00,M-106,54.02,1.94,228.77,normal
2025-05-15T13:00:00,M-106,55.71,2.38,231.27,normal
2025-05-15T14:00:00,M-106,55.09,2.16,231.77,normal
2025-05-15T15:00:00,M-106,55.19,2.11,229.94,normal
2025-05-15T16:00:00,M-106,55.94,2.0,233.4,normal
2025-05-15T17:00:00,M-106,53.88,2.24,229.69,normal
2025-05-15T18:00:00,M-106,57.91,2.19,228.26,normal
2025-05-15T19:00:00,M-106,53.56,2.08,229.58,normal
2025-05-15T20:00:00,M-106,56.32,2.14,229.52,normal
2025-05-15T21:00:00,M-106,52.39,2.36,231.54,normal
2025-05-15T22:00:00,M-106,53.09,2.01,228.69,normal
2025-05-15T23:00:00,M-106,54.5,2.09,230.83,normal
2025-05-16T00:00:00,M-106,55.11,2.34,228.64,normal
2025-05-16T01:00:00,M-106,55.4,2.4,228.33,normal
2025-05-16T02:00:00,M-106,54.53,2.12,230.65,normal
2025-05-16T03:00:00,M-106,54.48,2.16,229.72,normal
2025-05-16T04:00:00,M-106,54.47,2.29,231.83,normal
2025-05-16T05:00:00,M-106,54.65,2.33,230.85,normal
2025-05-16T06:00:00,M-106,54.16,2.13,231.17,normal
2025-05-16T07:00:00,M-106,55.27,2.23,230.88,normal
2025-05-16T08:00:00,M-106,53.85,2.24,230.03,normal
2025-05-16T09:00:00,M-106,54.12,2.64,228.63,normal
2025-05-16T10:00:00,M-106,54.76,2.26,227.79,normal
2025-05-16T11:00:00,M-106,56.22,2.28,228.59,normal
2025-05-16T12:00:00,M-106,53.83,1.98,227.99,normal
2025-05-16T13:00:00,M-106,54.34,2.2,231.08,normal
2025-05-16T14:00:00,M-106,54.99,2.08,228.34,normal
2025-05-16T15:00:00,M-106,55.76,2.12,228.86,normal
2025-05-16T16:00:00,M-106,55.58,2.41,230.15,normal
2025-05-16T17:00:00,M-106,54.96,2.26,229.98,normal
2025-05-16T18:00:00,M-106,56.07,2.12,230.33,normal
2025-05-16T19:00:00,M-106,55.39,2.24,228.51,normal
2025-05-16T20:00:00,M-106,56.95,1.98,230.74,normal
2025-05-16T21:00:00,M-106,55.24,2.27,228.57,normal
2025-05-16T22:00:00,M-106,55.57,1.86,230.37,normal
2025-05-16T23:00:00,M-106,54.13,2.22,229.88,normal
2025-05-17T00:00:00,M-106,56.58,1.88,232.42,normal
2025-05-17T01:00:00,M-106,53.08,1.94,227.99,normal
2025-05-17T02:00:00,M-106,56.92,2.31,233.07,normal
2025-05-17T03:00:00,M-106,55.55,2.07,230.17,normal
2025-05-17T04:00:00,M-106,55.27,2.38,231.78,normal
2025-05-17T05:00:00,M-106,57.48,2.0,229.72,normal
2025-05-17T06:00:00,M-106,55.3,2.11,228.76,normal
2025-05-17T07:00:00,M-106,56.77,2.07,230.52,normal
2025-05-17T08:00:00,M-106,55.85,2.28,232.7,normal
2025-05-17T09:00:00,M-106,54.61,2.39,231.76,normal
2025-05-17T10:00:00,M-106,55.5,2.35,231.97,normal
2025-05-17T11:00:00,M-106,56.91,2.17,228.93,normal
2025-05-17T12:00:00,M-106,55.03,2.14,229.35,normal
2025-05-17T13:00:00,M-106,53.79,2.16,226.72,normal
2025-05-17T14:00:00,M-106,53.03,1.9,228.43,normal
2025-05-17T15:00:00,M-106,54.72,2.06,229.9,normal
2025-05-17T16:00:00,M-106,53.06,2.09,232.13,normal
2025-05-17T17:00:00,M-106,56.99,2.33,228.41,normal
2025-05-17T18:00:00,M-106,56.67,2.06,230.51,normal
2025-05-17T19:00:00,M-106,55.42,2.46,230.54,normal
2025-05-17T20:00:00,M-106,54.98,2.21,229.75,normal
2025-05-17T21:00:00,M-106,54.36,2.1,230.15,normal
2025-05-17T22:00:00,M-106,55.7,2.09,229.42,normal
2025-05-17T23:00:00,M-106,53.72,2.17,231.55,normal
2025-05-18T00:00:00,M-106,55.8,2.23,229.8,normal
2025-05-18T01:00:00,M-106,54.34,2.17,230.81,normal
2025-05-18T02:00:00,M-106,53.82,2.24,233.15,normal
2025-05-18T03:00:00,M-106,53.27,2.03,230.01,normal
2025-05-18T04:00:00,M-106,57.58,2.09,230.24,normal
2025-05-18T05:00:00,M-106,54.0,2.31,229.66,normal
2025-05-18T06:00:00,M-106,55.65,2.21,230.92,normal
2025-05-18T07:00:00,M-106,54.68,2.08,231.21,normal
2025-05-18T08:00:00,M-106,56.48,2.14,228.27,normal
2025-05-18T09:00:00,M-106,55.93,2.17,230.89,normal
2025-05-18T10:00:00,M-106,55.42,2.24,230.32,normal
2025-05-18T11:00:00,M-106,54.28,1.86,230.95,normal
2025-05-18T12:00:00,M-106,54.85,2.18,230.21,normal
2025-05-18T13:00:00,M-106,53.4,2.32,229.15,normal
2025-05-18T14:00:00,M-106,55.8,2.15,230.46,normal
2025-05-18T15:00:00,M-106,53.7,2.08,231.81,normal
2025-05-18T16:00:00,M-106,53.47,2.03,229.8,normal
2025-05-18T17:00:00,M-106,57.01,2.54,228.98,normal
2025-05-18T18:00:00,M-106,55.4,2.15,230.32,normal
2025-05-18T19:00:00,M-106,53.24,2.06,228.42,normal
2025-05-18T20:00:00,M-106,56.65,2.39,228.69,normal
2025-05-18T21:00:00,M-106,55.73,2.04,229.24,normal
2025-05-18T22:00:00,M-106,53.86,2.31,230.27,normal
2025-05-18T23:00:00,M-106,53.1,2.18,230.6,normal
2025-05-19T00:00:00,M-106,53.64,2.04,230.42,normal
2025-05-19T01:00:00,M-106,56.3,2.39,231.8,normal
2025-05-19T02:00:00,M-106,54.22,2.09,228.86,normal
2025-05-19T03:00:00,M-106,56.36,2.25,230.97,normal
2025-05-19T04:00:00,M-106,53.99,2.28,229.46,normal
2025-05-19T05:00:00,M-106,56.44,2.26,231.06,normal
2025-05-19T06:00:00,M-106,54.5,2.19,229.94,normal
2025-05-19T07:00:00,M-106,57.14,2.35,229.45,normal
2025-05-19T08:00:00,M-106,54.15,2.35,228.93,normal
2025-05-19T09:00:00,M-106,55.47,2.22,232.7,normal
2025-05-19T10:00:00,M-106,55.19,2.25,226.84,normal
2025-05-19T11:00:00,M-106,53.86,2.05,230.33,normal
2025-05-19T12:00:00,M-106,55.26,2.01,228.97,normal
2025-05-19T13:00:00,M-106,57.25,2.28,229.35,normal
2025-05-19T14:00:00,M-106,54.4,2.43,230.99,normal
2025-05-19T15:00:00,M-106,54.83,2.18,228.36,normal
2025-05-19T16:00:00,M-106,55.66,2.25,233.98,normal
2025-05-19T17:00:00,M-106,54.35,2.14,229.95,normal
2025-05-19T18:00:00,M-106,56.26,2.26,232.63,normal
2025-05-19T19:00:00,M-106,55.12,2.34,230.51,normal
2025-05-19T20:00:00,M-106,54.51,2.34,235.28,normal
2025-05-19T21:00:00,M-106,55.71,2.3,229.59,normal
2025-05-19T22:00:00,M-106,54.1,2.28,230.85,normal
2025-05-19T23:00:00,M-106,55.41,2.25,229.55,normal
2025-05-20T00:00:00,M-106,53.81,2.25,227.04,normal
2025-05-20T01:00:00,M-106,57.44,2.37,229.44,normal
2025-05-20T02:00:00,M-106,55.18,2.35,231.37,normal
2025-05-20T03:00:00,M-106,55.44,2.39,233.02,normal
2025-05-20T04:00:00,M-106,55.4,2.39,229.14,normal
2025-05-20T05:00:00,M-106,54.25,2.18,231.72,normal
2025-05-20T06:00:00,M-106,54.59,2.23,229.5,normal
2025-05-20T07:00:00,M-106,54.63,2.03,230.89,normal
2025-05-20T08:00:00,M-106,55.9,2.4,229.27,normal
2025-05-20T09:00:00,M-106,53.64,2.41,228.75,normal
2025-05-20T10:00:00,M-106,53.41,2.4,229.26,normal
2025-05-20T11:00:00,M-106,55.37,2.35,230.77,normal
2025-05-20T12:00:00,M-106,55.42,1.98,230.13,normal
2025-05-20T13:00:00,M-106,54.5,2.21,227.55,normal
2025-05-20T14:00:00,M-106,55.7,2.05,228.77,normal
2025-05-20T15:00:00,M-106,54.47,2.35,228.86,normal
2025-05-20T16:00:00,M-106,55.7,2.16,229.69,normal
2025-05-20T17:00:00,M-106,56.1,2.23,231.23,normal
2025-05-20T18:00:00,M-106,56.42,2.51,231.83,normal
2025-05-20T19:00:00,M-106,55.72,2.27,231.54,normal
2025-05-20T20:00:00,M-106,56.67,2.21,230.14,normal
2025-05-20T21:00:00,M-106,54.1,2.06,230.53,normal
2025-05-20T22:00:00,M-106,52.96,2.19,229.26,normal
2025-05-20T23:00:00,M-106,52.24,2.33,228.76,normal
2025-05-21T00:00:00,M-106,56.02,2.39,232.94,normal
2025-05-21T01:00:00,M-106,54.1,2.2,231.35,normal
2025-05-21T02:00:00,M-106,54.13,2.4,228.88,normal
2025-05-21T03:00:00,M-106,53.93,2.37,231.35,normal
2025-05-21T04:00:00,M-106,53.02,2.13,229.21,normal
2025-05-21T05:00:00,M-106,55.12,2.22,229.43,normal
2025-05-21T06:00:00,M-106,54.92,2.21,231.79,normal
2025-05-21T07:00:00,M-106,55.66,2.22,229.88,normal
2025-05-21T08:00:00,M-106,54.61,2.11,230.52,normal
2025-05-21T09:00:00,M-106,53.42,2.28,228.43,normal
2025-05-21T10:00:00,M-106,53.93,2.14,230.34,normal
2025-05-21T11:00:00,M-106,56.91,2.3,231.27,normal
2025-05-21T12:00:00,M-106,55.09,2.1,230.78,normal
2025-05-21T13:00:00,M-106,55.18,2.13,229.81,normal
2025-05-21T14:00:00,M-106,53.85,1.84,231.47,normal
2025-05-21T15:00:00,M-106,53.63,2.35,233.04,normal
2025-05-21T16:00:00,M-106,54.63,2.14,229.31,normal
2025-05-21T17:00:00,M-106,54.1,2.33,230.95,normal
2025-05-21T18:00:00,M-106,55.27,2.31,231.64,normal
2025-05-21T19:00:00,M-106,55.26,2.48,230.12,normal
2025-05-21T20:00:00,M-106,55.08,2.36,230.85,normal
2025-05-21T21:00:00,M-106,56.68,2.09,230.32,normal
2025-05-21T22:00:00,M-106,54.47,2.26,232.52,normal
2025-05-21T23:00:00,M-106,55.45,2.06,232.77,normal
2025-05-22T00:00:00,M-106,55.57,2.06,231.43,normal
2025-05-22T01:00:00,M-106,53.82,2.17,231.62,normal
2025-05-22T02:00:00,M-106,54.8,1.95,229.93,normal
2025-05-22T03:00:00,M-106,54.3,2.1,228.73,normal
2025-05-22T04:00:00,M-106,54.89,2.07,229.13,normal
2025-05-22T05:00:00,M-106,55.26,2.49,231.94,normal
2025-05-22T06:00:00,M-106,52.97,2.42,228.69,normal
2025-05-22T07:00:00,M-106,54.92,2.53,227.42,normal
2025-05-22T08:00:00,M-106,52.72,2.24,232.2,normal
2025-05-22T09:00:00,M-106,54.45,2.28,227.09,normal
2025-05-22T10:00:00,M-106,55.07,2.33,231.09,normal
2025-05-22T11:00:00,M-106,55.75,2.49,228.44,normal
2025-05-22T12:00:00,M-106,54.26,2.21,228.59,normal
2025-05-22T13:00:00,M-106,54.79,1.86,229.53,normal
2025-05-22T14:00:00,M-106,52.22,2.18,228.41,normal
2025-05-22T15:00:00,M-106,54.98,1.94,227.16,normal
2025-05-22T16:00:00,M-106,54.47,2.17,232.46,normal
2025-05-22T17:00:00,M-106,54.58,2.14,231.51,normal
2025-05-22T18:00:00,M-106,53.83,2.26,231.91,normal
2025-05-22T19:00:00,M-106,54.05,2.24,228.49,normal
2025-05-22T20:00:00,M-106,55.55,1.92,226.94,normal
2025-05-22T21:00:00,M-106,57.0,2.37,230.22,normal
2025-05-22T22:00:00,M-106,53.41,2.14,229.2,normal
2025-05-22T23:00:00,M-106,52.37,2.1,230.8,normal
2025-05-23T00:00:00,M-106,53.76,2.47,226.68,normal
2025-05-23T01:00:00,M-106,55.68,2.16,230.16,normal
2025-05-23T02:00:00,M-106,55.09,2.36,227.34,normal
2025-05-23T03:00:00,M-106,53.23,2.15,230.26,normal
2025-05-23T04:00:00,M-106,54.8,2.39,230.42,normal
2025-05-23T05:00:00,M-106,54.81,2.35,232.58,normal
2025-05-23T06:00:00,M-106,52.06,2.48,230.12,normal
2025-05-23T07:00:00,M-106,54.45,2.26,231.25,normal
2025-05-23T08:00:00,M-106,54.68,2.22,228.03,normal
2025-05-23T09:00:00,M-106,54.1,1.99,230.56,normal
2025-05-23T10:00:00,M-106,55.55,2.37,228.59,normal
2025-05-23T11:00:00,M-106,57.09,2.11,230.02,normal
2025-05-23T12:00:00,M-106,55.64,2.09,230.43,normal
2025-05-23T13:00:00,M-106,55.8,2.15,230.63,normal
2025-05-23T14:00:00,M-106,55.04,2.27,232.25,normal
2025-05-23T15:00:00,M-106,53.77,2.32,228.9,normal
2025-05-23T16:00:00,M-106,54.55,2.45,228.99,normal
2025-05-23T17:00:00,M-106,57.26,2.15,229.96,normal
2025-05-23T18:00:00,M-106,55.88,2.21,230.61,normal
2025-05-23T19:00:00,M-106,53.58,2.39,231.21,normal
2025-05-23T20:00:00,M-106,55.35,2.2,228.78,normal
2025-05-23T21:00:00,M-106,56.06,2.02,230.5,normal
2025-05-23T22:00:00,M-106,54.62,2.01,230.29,normal
2025-05-23T23:00:00,M-106,54.18,2.13,230.57,normal
2025-05-24T00:00:00,M-106,55.45,2.23,231.01,normal
2025-05-24T01:00:00,M-106,53.82,2.21,232.62,normal
2025-05-24T02:00:00,M-106,56.41,2.41,230.25,normal
2025-05-24T03:00:00,M-106,53.27,2.16,229.83,normal
2025-05-24T04:00:00,M-106,54.22,2.04,230.5,normal
2025-05-24T05:00:00,M-106,53.96,2.26,228.65,normal
2025-05-24T06:00:00,M-106,55.05,2.14,229.05,normal
2025-05-24T07:00:00,M-106,54.35,2.32,228.64,normal
2025-05-24T08:00:00,M-106,52.63,2.03,227.64,normal
2025-05-24T09:00:00,M-106,55.68,2.26,229.88,normal
2025-05-24T10:00:00,M-106,57.2,2.31,228.65,normal
2025-05-24T11:00:00,M-106,54.94,2.15,231.55,normal
2025-05-24T12:00:00,M-106,54.33,2.03,231.61,normal
2025-05-24T13:00:00,M-106,56.76,2.36,230.03,normal
2025-05-24T14:00:00,M-106,55.69,2.12,229.74,normal
2025-05-24T15:00:00,M-106,54.06,2.47,228.13,normal
2025-05-24T16:00:00,M-106,56.67,2.01,232.3,normal
2025-05-24T17:00:00,M-106,54.53,1.86,231.37,normal
2025-05-24T18:00:00,M-106,55.07,2.38,228.5,normal
2025-05-24T19:00:00,M-106,54.84,2.17,231.96,normal
2025-05-24T20:00:00,M-106,55.51,2.26,230.47,normal
2025-05-24T21:00:00,M-106,56.35,2.42,229.86,normal
2025-05-24T22:00:00,M-106,56.81,1.99,228.39,normal
2025-05-24T23:00:00,M-106,55.5,2.1,229.17,normal
2025-05-25T00:00:00,M-106,55.31,2.4,230.71,normal
2025-05-25T01:00:00,M-106,52.83,2.25,229.59,normal
2025-05-25T02:00:00,M-106,54.65,2.15,231.93,normal
2025-05-25T03:00:00,M-106,57.25,2.19,232.04,normal
2025-05-25T04:00:00,M-106,54.39,2.15,229.04,normal
2025-05-25T05:00:00,M-106,56.62,1.88,230.05,normal
2025-05-25T06:00:00,M-106,53.94,2.2,230.07,normal
2025-05-25T07:00:00,M-106,54.34,2.08,226.94,normal
2025-05-25T08:00:00,M-106,53.56,2.28,232.36,normal
2025-05-25T09:00:00,M-106,57.1,2.04,230.19,normal
2025-05-25T10:00:00,M-106,55.33,2.28,229.07,normal
2025-05-25T11:00:00,M-106,55.6,2.37,229.27,normal
2025-05-25T12:00:00,M-106,54.73,2.1,228.82,normal
2025-05-25T13:00:00,M-106,52.62,2.32,228.05,normal
2025-05-25T14:00:00,M-106,53.64,2.08,230.64,normal
2025-05-25T15:00:00,M-106,55.28,2.32,230.46,normal
2025-05-25T16:00:00,M-106,55.67,2.25,229.8,normal
2025-05-25T17:00:00,M-106,56.0,2.31,229.18,normal
2025-05-25T18:00:00,M-106,55.62,2.43,230.17,normal
2025-05-25T19:00:00,M-106,54.19,2.19,233.67,normal
2025-05-25T20:00:00,M-106,54.42,2.27,231.59,normal
2025-05-25T21:00:00,M-106,55.37,2.18,229.89,normal
2025-05-25T22:00:00,M-106,56.3,2.25,229.78,normal
2025-05-25T23:00:00,M-106,56.15,2.09,233.04,normal
2025-05-26T00:00:00,M-106,56.88,2.19,229.5,normal
2025-05-26T01:00:00,M-106,52.63,2.33,227.06,normal
2025-05-26T02:00:00,M-106,55.05,2.0,228.86,normal
2025-05-26T03:00:00,M-106,55.15,2.16,232.54,normal
2025-05-26T04:00:00,M-106,54.25,2.46,231.01,normal
2025-05-26T05:00:00,M-106,54.39,2.34,232.34,normal
2025-05-26T06:00:00,M-106,54.14,2.13,231.36,normal
2025-05-26T07:00:00,M-106,55.28,1.93,228.53,normal
2025-05-26T08:00:00,M-106,54.04,2.14,228.96,normal
2025-05-26T09:00:00,M-106,53.52,2.27,232.54,normal
2025-05-26T10:00:00,M-106,55.38,2.17,230.08,normal
2025-05-26T11:00:00,M-106,55.78,2.62,225.55,normal
2025-05-26T12:00:00,M-106,53.4,2.29,229.65,normal
2025-05-26T13:00:00,M-106,53.62,2.53,228.6,normal
2025-05-26T14:00:00,M-106,55.49,2.09,229.39,normal
2025-05-26T15:00:00,M-106,55.68,2.07,230.78,normal
2025-05-26T16:00:00,M-106,55.07,1.93,227.3,normal
2025-05-26T17:00:00,M-106,57.63,2.19,229.21,normal
2025-05-26T18:00:00,M-106,54.89,1.97,228.61,normal
2025-05-26T19:00:00,M-106,53.76,2.58,229.97,normal
2025-05-26T20:00:00,M-106,53.52,2.3,231.09,normal
2025-05-26T21:00:00,M-106,53.24,2.29,229.59,normal
2025-05-26T22:00:00,M-106,55.11,2.37,229.31,normal
2025-05-26T23:00:00,M-106,54.03,2.08,231.53,normal
2025-05-27T00:00:00,M-106,55.09,2.25,230.72,normal
2025-05-27T01:00:00,M-106,55.34,2.13,230.15,normal
2025-05-27T02:00:00,M-106,55.67,2.04,227.1,normal
2025-05-27T03:00:00,M-106,57.5,2.36,228.94,normal
2025-05-27T04:00:00,M-106,53.0,2.02,229.27,normal
2025-05-27T05:00:00,M-106,55.01,2.42,230.59,normal
2025-05-27T06:00:00,M-106,54.06,2.16,228.19,normal
2025-05-27T07:00:00,M-106,53.97,2.39,226.53,normal
2025-05-27T08:00:00,M-106,55.94,2.09,232.82,normal
2025-05-27T09:00:00,M-106,54.4,2.4,230.5,normal
2025-05-27T10:00:00,M-106,54.95,2.04,230.59,normal
2025-05-27T11:00:00,M-106,52.81,2.35,228.62,normal
2025-05-27T12:00:00,M-106,53.51,2.16,230.52,normal
2025-05-27T13:00:00,M-106,55.35,2.01,227.36,normal
2025-05-27T14:00:00,M-106,55.39,2.1,227.42,normal
2025-05-27T15:00:00,M-106,55.4,2.29,233.09,normal
2025-05-27T16:00:00,M-106,54.68,2.1,233.24,normal
2025-05-27T17:00:00,M-106,55.16,2.09,231.24,normal
2025-05-27T18:00:00,M-106,56.83,2.4,228.94,normal
2025-05-27T19:00:00,M-106,56.02,2.31,231.13,normal
2025-05-27T20:00:00,M-106,55.81,2.21,232.63,normal
2025-05-27T21:00:00,M-106,56.05,2.18,230.16,normal
2025-05-27T22:00:00,M-106,52.83,2.18,228.97,normal
2025-05-27T23:00:00,M-106,54.58,2.21,228.76,normal
2025-05-28T00:00:00,M-106,54.89,2.18,228.91,normal
2025-05-28T01:00:00,M-106,54.17,2.12,229.98,normal
2025-05-28T02:00:00,M-106,55.19,2.09,231.83,normal
2025-05-28T03:00:00,M-106,55.62,1.85,229.56,normal
2025-05-28T04:00:00,M-106,53.94,2.22,225.25,normal
2025-05-28T05:00:00,M-106,54.74,2.36,229.84,normal
2025-05-28T06:00:00,M-106,56.01,1.94,234.24,normal
2025-05-28T07:00:00,M-106,55.18,2.23,229.02,normal
2025-05-28T08:00:00,M-106,54.91,2.2,229.97,normal
2025-05-28T09:00:00,M-106,54.3,2.44,229.56,normal
2025-05-28T10:00:00,M-106,55.22,2.11,230.98,normal
2025-05-28T11:00:00,M-106,52.85,2.48,229.45,normal
2025-05-28T12:00:00,M-106,53.96,2.39,229.33,normal
2025-05-28T13:00:00,M-106,54.69,2.18,228.95,normal
2025-05-28T14:00:00,M-106,57.97,2.16,228.29,normal
2025-05-28T15:00:00,M-106,56.12,2.51,229.39,normal
2025-05-28T16:00:00,M-106,56.93,2.21,230.63,normal
2025-05-28T17:00:00,M-106,53.73,2.4,230.82,normal
2025-05-28T18:00:00,M-106,56.14,2.37,231.06,normal
2025-05-28T19:00:00,M-106,52.62,2.24,228.99,normal
2025-05-28T20:00:00,M-106,56.24,2.3,227.52,normal
2025-05-28T21:00:00,M-106,56.75,2.28,231.25,normal
2025-05-28T22:00:00,M-106,56.15,2.29,229.9,normal
2025-05-28T23:00:00,M-106,55.63,2.19,228.48,normal
2025-05-29T00:00:00,M-106,57.2,2.27,227.47,normal
2025-05-29T01:00:00,M-106,53.01,2.28,229.59,normal
2025-05-29T02:00:00,M-106,55.09,2.06,229.98,normal
2025-05-29T03:00:00,M-106,57.49,2.27,230.01,normal
2025-05-29T04:00:00,M-106,55.29,1.99,232.02,normal
2025-05-29T05:00:00,M-106,57.03,2.21,230.54,normal
2025-05-29T06:00:00,M-106,54.7,2.4,230.87,normal
2025-05-29T07:00:00,M-106,55.42,2.01,229.43,normal
2025-05-29T08:00:00,M-106,54.69,2.07,229.84,normal
2025-05-29T09:00:00,M-106,55.81,2.21,227.93,normal
2025-05-29T10:00:00,M-106,55.12,2.21,230.5,normal
2025-05-29T11:00:00,M-106,55.04,2.03,231.49,normal
2025-05-29T12:00:00,M-106,54.94,2.17,234.91,normal
2025-05-29T13:00:00,M-106,55.8,2.37,229.94,normal
2025-05-29T14:00:00,M-106,55.59,2.43,229.38,normal
2025-05-29T15:00:00,M-106,54.24,2.33,231.02,normal
2025-05-29T16:00:00,M-106,54.02,2.11,227.7,normal
2025-05-29T17:00:00,M-106,54.14,2.12,230.89,normal
2025-05-29T18:00:00,M-106,54.32,2.57,227.84,normal
2025-05-29T19:00:00,M-106,53.31,2.04,230.36,normal
2025-05-29T20:00:00,M-106,56.01,2.25,232.1,normal
2025-05-29T21:00:00,M-106,54.8,2.29,230.55,normal
2025-05-29T22:00:00,M-106,55.57,2.0,231.14,normal
2025-05-29T23:00:00,M-106,54.23,2.18,230.27,normal
2025-05-30T00:00:00,M-106,54.16,2.24,232.34,normal
2025-05-30T01:00:00,M-106,54.47,2.17,230.37,normal
2025-05-30T02:00:00,M-106,53.03,2.38,232.75,normal
2025-05-30T03:00:00,M-106,55.75,2.15,228.76,normal
2025-05-30T04:00:00,M-106,56.53,2.21,231.75,normal
2025-05-30T05:00:00,M-106,55.14,2.06,230.77,normal
2025-05-30T06:00:00,M-106,55.68,2.21,227.89,normal
2025-05-30T07:00:00,M-106,54.18,2.2,228.33,normal
2025-05-30T08:00:00,M-106,56.18,2.26,230.65,normal
2025-05-30T09:00:00,M-106,54.98,2.4,231.38,normal
2025-05-30T10:00:00,M-106,54.07,2.27,228.35,normal
2025-05-30T11:00:00,M-106,56.68,2.13,229.45,normal
2025-05-30T12:00:00,M-106,55.58,2.14,231.8,normal
2025-05-30T13:00:00,M-106,55.97,2.1,230.63,normal
2025-05-30T14:00:00,M-106,55.34,2.39,231.14,normal
2025-05-30T15:00:00,M-106,54.55,2.31,233.64,normal
2025-05-30T16:00:00,M-106,56.18,2.39,230.08,normal
2025-05-30T17:00:00,M-106,55.73,1.83,228.4,normal
2025-05-30T18:00:00,M-106,54.23,2.27,230.31,normal
2025-05-30T19:00:00,M-106,55.64,2.23,232.04,normal
2025-05-30T20:00:00,M-106,54.43,2.18,230.82,normal
2025-05-30T21:00:00,M-106,54.19,2.51,230.65,normal
2025-05-30T22:00:00,M-106,53.79,1.92,229.46,normal
2025-05-30T23:00:00,M-106,53.23,2.04,228.87,normal
2025-05-31T00:00:00,M-106,56.97,2.36,228.83,normal
2025-05-31T01:00:00,M-106,56.29,2.13,230.2,normal
2025-05-31T02:00:00,M-106,53.41,2.07,233.03,normal
2025-05-31T03:00:00,M-106,54.95,2.36,229.5,normal
2025-05-31T04:00:00,M-106,55.85,2.23,230.16,normal
2025-05-31T05:00:00,M-106,55.37,2.19,231.71,normal
2025-05-31T06:00:00,M-106,55.94,2.05,228.23,normal
2025-05-31T07:00:00,M-106,55.7,2.05,229.13,normal
2025-05-31T08:00:00,M-106,56.03,2.02,228.85,normal
2025-05-31T09:00:00,M-106,55.58,2.33,227.7,normal
2025-05-31T10:00:00,M-106,56.07,2.4,233.4,normal
2025-05-31T11:00:00,M-106,53.96,2.19,230.42,normal
2025-05-31T12:00:00,M-106,57.93,2.08,230.71,normal
2025-05-31T13:00:00,M-106,57.67,2.24,230.54,normal
2025-05-31T14:00:00,M-106,53.95,2.1,226.16,normal
2025-05-31T15:00:00,M-106,53.22,2.37,231.29,normal
2025-05-31T16:00:00,M-106,55.35,2.19,229.76,normal
2025-05-31T17:00:00,M-106,55.04,2.5,227.98,normal
2025-05-31T18:00:00,M-106,54.53,2.28,229.26,normal
2025-05-31T19:00:00,M-106,56.52,2.5,228.65,normal
2025-05-31T20:00:00,M-106,55.59,2.22,231.63,normal
2025-05-31T21:00:00,M-106,54.9,2.02,229.88,normal
2025-05-31T22:00:00,M-106,53.88,2.06,227.73,normal
2025-05-31T23:00:00,M-106,53.41,2.01,227.2,normal
2025-06-01T00:00:00,M-106,54.54,2.03,228.69,normal
2025-06-01T01:00:00,M-106,55.66,2.13,230.0,normal
2025-06-01T02:00:00,M-106,55.35,2.11,229.71,normal
2025-06-01T03:00:00,M-106,52.65,2.03,231.66,normal
2025-06-01T04:00:00,M-106,56.5,2.24,231.25,normal
2025-06-01T05:00:00,M-106,56.54,2.28,227.76,normal
2025-06-01T06:00:00,M-106,53.58,1.94,233.37,normal
2025-06-01T07:00:00,M-106,54.24,2.04,228.84,normal
2025-06-01T08:00:00,M-106,57.04,2.21,232.58,normal
2025-06-01T09:00:00,M-106,53.2,2.35,229.02,normal
2025-06-01T10:00:00,M-106,55.19,2.47,231.16,normal
2025-06-01T11:00:00,M-106,56.14,2.28,231.09,normal
2025-06-01T12:00:00,M-106,56.54,2.02,228.25,normal
2025-06-01T13:00:00,M-106,54.47,2.51,230.7,normal
2025-06-01T14:00:00,M-106,55.42,2.19,229.09,normal
2025-06-01T15:00:00,M-106,55.09,2.53,228.68,normal
2025-06-01T16:00:00,M-106,56.63,2.42,228.43,normal
2025-06-01T17:00:00,M-106,54.75,2.33,230.03,normal
2025-06-01T18:00:00,M-106,54.23,1.94,228.35,normal
2025-06-01T19:00:00,M-106,54.42,2.23,229.96,normal
2025-06-01T20:00:00,M-106,55.67,2.21,230.84,normal
2025-06-01T21:00:00,M-106,54.79,2.05,230.28,normal
2025-06-01T22:00:00,M-106,54.0,1.97,234.28,normal
2025-06-01T23:00:00,M-106,54.6,1.96,228.68,normal
2025-06-02T00:00:00,M-106,54.75,1.93,229.55,normal
2025-06-02T01:00:00,M-106,56.05,2.17,231.33,normal
2025-06-02T02:00:00,M-106,54.79,2.11,228.01,normal
2025-06-02T03:00:00,M-106,53.95,2.5,227.68,normal
2025-06-02T04:00:00,M-106,56.58,2.35,230.76,normal
2025-06-02T05:00:00,M-106,54.88,2.1,231.9,normal
2025-06-02T06:00:00,M-106,54.0,2.04,230.45,normal
2025-06-02T07:00:00,M-106,54.58,1.99,235.37,normal
2025-06-02T08:00:00,M-106,55.85,2.22,230.89,normal
2025-06-02T09:00:00,M-106,55.28,2.26,231.23,normal
2025-06-02T10:00:00,M-106,55.77,1.98,231.95,normal
2025-06-02T11:00:00,M-106,53.95,2.31,229.95,normal
2025-06-02T12:00:00,M-106,54.59,1.99,229.0,normal
2025-06-02T13:00:00,M-106,55.02,2.21,230.0,normal
2025-06-02T14:00:00,M-106,55.63,2.26,228.63,normal
2025-06-02T15:00:00,M-106,54.29,2.15,229.35,normal
2025-06-02T16:00:00,M-106,56.34,2.0,231.0,normal
2025-06-02T17:00:00,M-106,55.98,2.09,232.77,normal
2025-06-02T18:00:00,M-106,56.23,2.19,227.65,normal
2025-06-02T19:00:00,M-106,56.99,2.16,228.34,normal
2025-06-02T20:00:00,M-106,55.79,2.05,227.27,normal
2025-06-02T21:00:00,M-106,56.71,2.29,229.62,normal
2025-06-02T22:00:00,M-106,55.15,2.04,226.03,normal
2025-06-02T23:00:00,M-106,54.62,1.94,229.82,normal
2025-06-03T00:00:00,M-106,53.96,2.07,230.19,normal
2025-06-03T01:00:00,M-106,55.79,2.27,229.47,normal
2025-06-03T02:00:00,M-106,54.01,2.02,230.13,normal
2025-06-03T03:00:00,M-106,54.43,1.95,228.18,normal
2025-06-03T04:00:00,M-106,53.74,2.76,228.4,normal
2025-06-03T05:00:00,M-106,53.53,2.17,228.72,normal
2025-06-03T06:00:00,M-106,54.04,2.18,227.22,normal
2025-06-03T07:00:00,M-106,57.01,2.11,231.93,normal
2025-06-03T08:00:00,M-106,55.45,2.04,231.54,normal
2025-06-03T09:00:00,M-106,54.8,2.29,227.96,normal
2025-06-03T10:00:00,M-106,53.08,2.38,228.01,normal
2025-06-03T11:00:00,M-106,54.13,2.19,229.36,normal
2025-06-03T12:00:00,M-106,54.96,2.41,230.51,normal
2025-06-03T13:00:00,M-106,54.6,1.94,231.79,normal
2025-06-03T14:00:00,M-106,55.68,2.23,231.04,normal
2025-06-03T15:00:00,M-106,53.44,2.11,232.44,normal
2025-06-03T16:00:00,M-106,56.33,2.3,230.32,normal
2025-06-03T17:00:00,M-106,56.56,2.29,226.85,normal
2025-06-03T18:00:00,M-106,57.87,2.33,231.95,normal
2025-06-03T19:00:00,M-106,55.85,2.29,228.55,normal
2025-06-03T20:00:00,M-106,55.48,2.27,228.99,normal
2025-06-03T21:00:00,M-106,55.68,2.6,230.5,normal
2025-06-03T22:00:00,M-106,54.16,1.98,230.51,normal
2025-06-03T23:00:00,M-106,54.58,2.36,229.76,normal
2025-06-04T00:00:00,M-106,55.54,2.13,231.21,normal
2025-06-04T01:00:00,M-106,53.32,2.55,232.06,normal
2025-06-04T02:00:00,M-106,55.61,2.2,229.75,normal
2025-06-04T03:00:00,M-106,55.42,2.12,225.59,normal
2025-06-04T04:00:00,M-106,55.57,2.2,228.85,normal
2025-06-04T05:00:00,M-106,53.54,2.06,231.22,normal
2025-06-04T06:00:00,M-106,53.55,2.29,230.91,normal
2025-06-04T07:00:00,M-106,56.49,2.15,230.89,normal
2025-06-04T08:00:00,M-106,55.81,2.26,230.02,normal
2025-06-04T09:00:00,M-106,54.89,2.28,229.92,normal
2025-06-04T10:00:00,M-106,52.92,2.25,229.49,normal
2025-06-04T11:00:00,M-106,55.78,2.18,229.2,normal
2025-06-04T12:00:00,M-106,55.42,2.34,230.41,normal
2025-06-04T13:00:00,M-106,54.31,2.34,230.8,normal
2025-06-04T14:00:00,M-106,57.2,2.15,228.75,normal
2025-06-04T15:00:00,M-106,55.22,1.99,230.94,normal
2025-06-04T16:00:00,M-106,55.61,1.98,233.73,normal
2025-06-04T17:00:00,M-106,54.38,2.08,230.65,normal
2025-06-04T18:00:00,M-106,53.26,2.11,230.67,normal
2025-06-04T19:00:00,M-106,57.02,2.33,233.03,normal
2025-06-04T20:00:00,M-106,55.81,2.0,229.06,normal
2025-06-04T21:00:00,M-106,55.3,2.09,232.29,normal
2025-06-04T22:00:00,M-106,57.23,2.1,228.65,normal
2025-06-04T23:00:00,M-106,56.0,2.2,229.41,normal
2025-06-05T00:00:00,M-106,54.33,2.26,232.36,normal
2025-06-05T01:00:00,M-106,53.25,2.41,231.61,normal
2025-06-05T02:00:00,M-106,54.88,2.47,229.02,normal
2025-06-05T03:00:00,M-106,56.45,2.21,230.44,normal
2025-06-05T04:00:00,M-106,53.61,2.25,230.54,normal
2025-06-05T05:00:00,M-106,55.14,2.13,228.64,normal
2025-06-05T06:00:00,M-106,54.99,2.19,230.68,normal
2025-06-05T07:00:00,M-106,55.05,2.31,231.27,normal
2025-06-05T08:00:00,M-106,57.0,2.08,231.65,normal
2025-06-05T09:00:00,M-106,55.03,2.32,229.05,normal
2025-06-05T10:00:00,M-106,55.3,2.35,230.69,normal
2025-06-05T11:00:00,M-106,53.87,2.31,230.2,normal
2025-06-05T12:00:00,M-106,53.68,2.2,229.64,normal
2025-06-05T13:00:00,M-106,55.51,2.08,231.94,normal
2025-06-05T14:00:00,M-106,56.62,2.08,227.69,normal
2025-06-05T15:00:00,M-106,53.74,2.22,229.84,normal
2025-06-05T16:00:00,M-106,56.34,2.22,227.24,normal
2025-06-05T17:00:00,M-106,55.43,2.26,233.93,normal
2025-06-05T18:00:00,M-106,53.81,2.3,228.34,normal
2025-06-05T19:00:00,M-106,54.31,2.24,228.5,normal
2025-06-05T20:00:00,M-106,54.85,2.14,230.47,normal
2025-06-05T21:00:00,M-106,56.09,2.12,228.72,normal
2025-06-05T22:00:00,M-106,55.38,2.28,231.73,normal
2025-06-05T23:00:00,M-106,54.49,2.24,230.86,normal
2025-06-06T00:00:00,M-106,54.34,1.91,228.7,normal
2025-06-06T01:00:00,M-106,54.65,2.14,232.56,normal
2025-06-06T02:00:00,M-106,54.43,2.29,230.91,normal
2025-06-06T03:00:00,M-106,55.01,1.96,228.53,normal
2025-06-06T04:00:00,M-106,54.12,2.43,229.01,normal
2025-06-06T05:00:00,M-106,54.42,2.36,228.39,normal
2025-06-06T06:00:00,M-106,54.58,2.06,227.77,normal
2025-06-06T07:00:00,M-106,54.69,2.21,230.97,normal
2025-06-06T08:00:00,M-106,56.75,1.87,232.92,normal
2025-06-06T09:00:00,M-106,56.38,2.12,230.74,normal
2025-06-06T10:00:00,M-106,55.75,2.21,227.97,normal
2025-06-06T11:00:00,M-106,56.44,2.31,229.39,normal
2025-06-06T12:00:00,M-106,54.29,2.17,227.79,normal
2025-06-06T13:00:00,M-106,56.63,1.95,231.68,normal
2025-06-06T14:00:00,M-106,53.36,2.18,229.25,normal
2025-06-06T15:00:00,M-106,54.13,2.61,229.18,normal
2025-06-06T16:00:00,M-106,55.04,2.12,229.01,normal
2025-06-06T17:00:00,M-106,53.93,2.14,228.47,normal
2025-06-06T18:00:00,M-106,55.6,2.11,227.86,normal
2025-06-06T19:00:00,M-106,55.37,1.95,231.94,normal
2025-06-06T20:00:00,M-106,54.21,2.34,229.17,normal
2025-06-06T21:00:00,M-106,56.98,2.2,230.22,normal
2025-06-06T22:00:00,M-106,54.97,2.05,232.14,normal
2025-06-06T23:00:00,M-106,55.97,2.01,231.97,normal
2025-06-07T00:00:00,M-106,55.12,2.11,231.95,normal
2025-06-07T01:00:00,M-106,55.24,2.05,231.19,normal
2025-06-07T02:00:00,M-106,53.59,2.37,228.7,normal
2025-06-07T03:00:00,M-106,53.12,2.31,229.5,normal
2025-06-07T04:00:00,M-106,54.73,2.36,230.74,normal
2025-06-07T05:00:00,M-106,54.46,2.09,229.96,normal
2025-06-07T06:00:00,M-106,55.55,2.26,229.28,normal
2025-06-07T07:00:00,M-106,53.92,2.22,231.94,normal
2025-06-07T08:00:00,M-106,57.48,2.16,230.98,normal
2025-06-07T09:00:00,M-106,52.9,2.02,229.71,normal
2025-06-07T10:00:00,M-106,55.38,2.45,229.92,normal
2025-06-07T11:00:00,M-106,54.59,2.01,231.48,normal
2025-06-07T12:00:00,M-106,54.32,2.2,229.8,normal
2025-06-07T13:00:00,M-106,57.79,2.1,231.5,normal
2025-06-07T14:00:00,M-106,56.11,2.51,228.31,normal
2025-06-07T15:00:00,M-106,55.27,1.88,232.15,normal
2025-06-07T16:00:00,M-106,56.32,2.12,230.85,normal
2025-06-07T17:00:00,M-106,54.26,1.92,230.08,normal
2025-06-07T18:00:00,M-106,55.03,2.24,232.31,normal
2025-06-07T19:00:00,M-106,55.03,1.84,229.5,normal
2025-06-07T20:00:00,M-106,54.2,2.1,232.99,normal
2025-06-07T21:00:00,M-106,54.58,2.08,228.63,normal
2025-06-07T22:00:00,M-106,54.45,2.22,229.09,normal
2025-06-07T23:00:00,M-106,53.68,1.92,230.49,normal
2025-06-08T00:00:00,M-106,54.97,2.15,231.76,warning
2025-06-08T01:00:00,M-106,55.26,2.35,228.97,warning
2025-06-08T02:00:00,M-106,53.69,2.43,231.32,warning
2025-06-08T03:00:00,M-106,55.6,2.16,227.01,warning
2025-06-08T04:00:00,M-106,56.14,2.15,227.07,warning
2025-06-08T05:00:00,M-106,55.76,2.07,228.88,warning
2025-06-08T06:00:00,M-106,54.74,2.39,228.05,warning
2025-06-08T07:00:00,M-106,54.85,2.32,229.16,warning
2025-06-08T08:00:00,M-106,54.18,2.06,227.98,warning
2025-06-08T09:00:00,M-106,56.12,2.14,231.72,warning
2025-06-08T10:00:00,M-106,56.06,2.38,229.17,warning
2025-06-08T11:00:00,M-106,56.52,2.01,231.75,warning
2025-06-08T12:00:00,M-106,53.76,2.2,228.19,warning
2025-06-08T13:00:00,M-106,55.41,2.38,233.36,warning
2025-06-08T14:00:00,M-106,56.14,2.15,231.63,warning
2025-06-08T15:00:00,M-106,54.42,2.36,229.18,warning
2025-06-08T16:00:00,M-106,56.02,2.0,227.27,warning
2025-06-08T17:00:00,M-106,56.28,2.14,230.53,warning
2025-06-08T18:00:00,M-106,54.01,2.48,228.93,warning
2025-06-08T19:00:00,M-106,54.0,2.34,229.09,warning
2025-06-08T20:00:00,M-106,54.23,2.56,229.74,warning
2025-06-08T21:00:00,M-106,56.18,2.13,229.37,warning
2025-06-08T22:00:00,M-106,53.16,2.22,229.19,warning
2025-06-08T23:00:00,M-106,56.87,2.48,230.48,warning
2025-06-09T00:00:00,M-106,53.83,2.36,229.74,warning
2025-06-09T01:00:00,M-106,55.9,2.52,231.44,warning
2025-06-09T02:00:00,M-106,56.49,2.67,230.76,warning
2025-06-09T03:00:00,M-106,56.78,2.36,229.3,warning
2025-06-09T04:00:00,M-106,56.0,2.52,230.47,warning
2025-06-09T05:00:00,M-106,54.22,2.49,231.25,warning
2025-06-09T06:00:00,M-106,56.67,2.39,231.61,warning
2025-06-09T07:00:00,M-106,56.26,2.56,230.29,warning
2025-06-09T08:00:00,M-106,57.67,2.47,229.61,warning
2025-06-09T09:00:00,M-106,56.63,2.42,230.54,warning
2025-06-09T10:00:00,M-106,57.55,2.49,229.78,warning
2025-06-09T11:00:00,M-106,56.19,2.38,229.4,warning
2025-06-09T12:00:00,M-106,56.92,2.55,231.52,warning
2025-06-09T13:00:00,M-106,57.51,2.24,229.75,warning
2025-06-09T14:00:00,M-106,55.86,2.52,232.18,warning
2025-06-09T15:00:00,M-106,55.91,2.51,228.17,warning
2025-06-09T16:00:00,M-106,57.72,2.49,230.68,warning
2025-06-09T17:00:00,M-106,55.9,2.56,230.18,warning
2025-06-09T18:00:00,M-106,53.75,2.56,228.88,warning
2025-06-09T19:00:00,M-106,56.65,2.45,231.16,warning
2025-06-09T20:00:00,M-106,56.48,2.77,228.62,warning
2025-06-09T21:00:00,M-106,55.68,2.37,230.07,warning
2025-06-09T22:00:00,M-106,54.35,2.16,229.71,warning
2025-06-09T23:00:00,M-106,57.23,2.41,228.41,warning
2025-06-10T00:00:00,M-106,58.98,2.83,229.14,warning
2025-06-10T01:00:00,M-106,56.83,2.84,230.06,warning
2025-06-10T02:00:00,M-106,57.77,2.78,230.09,warning
2025-06-10T03:00:00,M-106,56.69,2.73,227.84,warning
2025-06-10T04:00:00,M-106,57.58,2.69,228.07,warning
2025-06-10T05:00:00,M-106,57.9,2.85,230.39,warning
2025-06-10T06:00:00,M-106,59.12,2.83,227.52,warning
2025-06-10T07:00:00,M-106,59.93,2.86,228.19,warning
2025-06-10T08:00:00,M-106,58.49,2.7,231.12,warning
2025-06-10T09:00:00,M-106,58.55,2.72,231.07,warning
2025-06-10T10:00:00,M-106,58.78,2.78,229.18,warning
2025-06-10T11:00:00,M-106,57.97,2.75,229.5,warning
2025-06-10T12:00:00,M-106,58.58,2.8,229.56,warning
2025-06-10T13:00:00,M-106,56.9,2.88,229.45,warning
2025-06-10T14:00:00,M-106,58.49,2.76,230.43,warning
2025-06-10T15:00:00,M-106,58.06,2.47,231.46,warning
2025-06-10T16:00:00,M-106,59.51,3.11,229.42,warning
2025-06-10T17:00:00,M-106,58.0,2.77,228.52,warning
2025-06-10T18:00:00,M-106,57.55,2.62,229.97,warning
2025-06-10T19:00:00,M-106,56.09,2.48,230.2,warning
2025-06-10T20:00:00,M-106,57.05,2.78,229.52,warning
2025-06-10T21:00:00,M-106,58.44,2.49,232.16,warning
2025-06-10T22:00:00,M-106,57.96,2.67,227.88,warning
2025-06-10T23:00:00,M-106,56.95,2.61,226.07,warning
2025-06-11T00:00:00,M-106,60.18,3.04,229.08,warning
2025-06-11T01:00:00,M-106,58.34,3.07,231.42,warning
2025-06-11T02:00:00,M-106,60.22,3.27,229.02,warning
2025-06-11T03:00:00,M-106,61.28,3.27,229.08,warning
2025-06-11T04:00:00,M-106,58.95,2.65,231.79,warning
2025-06-11T05:00:00,M-106,57.71,3.12,231.93,warning
2025-06-11T06:00:00,M-106,59.16,3.27,231.23,warning
2025-06-11T07:00:00,M-106,57.96,2.96,229.76,warning
2025-06-11T08:00:00,M-106,57.73,3.12,232.44,warning
2025-06-11T09:00:00,M-106,57.75,3.1,229.67,warning
2025-06-11T10:00:00,M-106,59.38,3.09,230.37,warning
2025-06-11T11:00:00,M-106,57.95,3.06,228.08,warning
2025-06-11T12:00:00,M-106,59.01,3.32,228.95,warning
2025-06-11T13:00:00,M-106,60.19,3.17,230.56,warning
2025-06-11T14:00:00,M-106,59.82,3.17,230.82,warning
2025-06-11T15:00:00,M-106,59.79,2.92,230.37,warning
2025-06-11T16:00:00,M-106,57.94,3.01,231.12,warning
2025-06-11T17:00:00,M-106,60.14,3.18,229.72,warning
2025-06-11T18:00:00,M-106,59.35,3.32,229.64,warning
2025-06-11T19:00:00,M-106,59.58,3.07,229.64,warning
2025-06-11T20:00:00,M-106,58.68,3.01,226.31,warning
2025-06-11T21:00:00,M-106,57.76,2.96,227.73,warning
2025-06-11T22:00:00,M-106,60.52,3.22,228.91,warning
2025-06-11T23:00:00,M-106,59.86,3.25,232.03,warning
2025-06-12T00:00:00,M-106,60.28,3.56,230.42,warning
2025-06-12T01:00:00,M-106,61.18,3.25,231.28,warning
2025-06-12T02:00:00,M-106,60.42,3.04,232.48,warning
2025-06-12T03:00:00,M-106,62.62,3.43,230.65,warning
2025-06-12T04:00:00,M-106,59.62,3.57,231.46,warning
2025-06-12T05:00:00,M-106,60.14,3.08,228.15,warning
2025-06-12T06:00:00,M-106,61.27,3.41,231.42,warning
2025-06-12T07:00:00,M-106,61.84,3.52,229.09,warning
2025-06-12T08:00:00,M-106,61.82,3.34,229.62,warning
2025-06-12T09:00:00,M-106,60.9,3.36,230.98,warning
2025-06-12T10:00:00,M-106,58.27,3.47,229.64,warning
2025-06-12T11:00:00,M-106,60.69,3.31,232.23,warning
2025-06-12T12:00:00,M-106,63.1,3.59,230.92,warning
2025-06-12T13:00:00,M-106,62.62,3.27,231.77,warning
2025-06-12T14:00:00,M-106,60.72,3.61,230.11,warning
2025-06-12T15:00:00,M-106,61.27,3.58,231.05,warning
2025-06-12T16:00:00,M-106,61.73,3.33,229.19,warning
2025-06-12T17:00:00,M-106,59.62,3.5,228.24,warning
2025-06-12T18:00:00,M-106,60.26,3.59,229.56,warning
2025-06-12T19:00:00,M-106,61.08,3.46,231.58,warning
2025-06-12T20:00:00,M-106,59.27,3.34,230.23,warning
2025-06-12T21:00:00,M-106,60.42,3.33,231.54,warning
2025-06-12T22:00:00,M-106,61.69,3.33,229.62,warning
2025-06-12T23:00:00,M-106,58.82,3.42,231.31,warning
2025-06-13T00:00:00,M-106,61.2,3.46,228.43,warning
2025-06-13T01:00:00,M-106,61.8,3.79,231.49,warning
2025-06-13T02:00:00,M-106,63.01,3.86,230.97,warning
2025-06-13T03:00:00,M-106,62.46,3.91,232.55,warning
2025-06-13T04:00:00,M-106,63.1,3.86,229.1,warning
2025-06-13T05:00:00,M-106,60.0,3.84,229.76,warning
2025-06-13T06:00:00,M-106,60.14,3.7,229.06,warning
2025-06-13T07:00:00,M-106,62.66,3.71,227.26,warning
2025-06-13T08:00:00,M-106,62.85,3.43,231.05,warning
2025-06-13T09:00:00,M-106,61.34,3.72,232.07,warning
2025-06-13T10:00:00,M-106,62.4,3.74,229.0,warning
2025-06-13T11:00:00,M-106,62.16,3.64,230.61,warning
2025-06-13T12:00:00,M-106,62.0,4.2,228.83,warning
2025-06-13T13:00:00,M-106,60.17,3.92,230.09,warning
2025-06-13T14:00:00,M-106,61.38,3.71,229.0,warning
2025-06-13T15:00:00,M-106,62.14,3.69,229.91,warning
2025-06-13T16:00:00,M-106,61.45,3.76,228.83,warning
2025-06-13T17:00:00,M-106,61.39,3.84,227.2,warning
2025-06-13T18:00:00,M-106,61.43,3.71,230.82,warning
2025-06-13T19:00:00,M-106,61.48,3.62,230.87,warning
2025-06-13T20:00:00,M-106,62.91,3.75,230.82,warning
2025-06-13T21:00:00,M-106,60.85,3.81,230.59,warning
2025-06-13T22:00:00,M-106,59.92,3.82,229.74,warning
2025-06-13T23:00:00,M-106,65.85,3.76,227.75,warning
2025-06-14T00:00:00,M-106,65.66,4.05,228.77,warning
2025-06-14T01:00:00,M-106,61.58,3.91,228.82,warning
2025-06-14T02:00:00,M-106,64.9,3.94,227.75,warning
2025-06-14T03:00:00,M-106,62.22,3.92,229.74,warning
2025-06-14T04:00:00,M-106,63.03,4.14,233.51,warning
2025-06-14T05:00:00,M-106,63.88,4.04,232.05,warning
2025-06-14T06:00:00,M-106,61.7,4.06,230.73,warning
2025-06-14T07:00:00,M-106,62.48,4.06,230.94,warning
2025-06-14T08:00:00,M-106,63.97,4.05,227.77,warning
2025-06-14T09:00:00,M-106,64.1,4.24,231.17,warning
2025-06-14T10:00:00,M-106,62.83,3.79,227.28,warning
2025-06-14T11:00:00,M-106,62.66,4.22,229.55,warning
2025-06-14T12:00:00,M-106,63.49,4.34,228.37,warning
2025-06-14T13:00:00,M-106,64.22,4.14,228.16,warning
2025-06-14T14:00:00,M-106,65.06,4.04,229.71,warning
2025-06-14T15:00:00,M-106,63.42,4.17,230.43,warning
2025-06-14T16:00:00,M-106,65.23,4.03,230.3,warning
2025-06-14T17:00:00,M-106,61.76,4.09,230.58,warning
2025-06-14T18:00:00,M-106,64.38,4.12,230.24,warning
2025-06-14T19:00:00,M-106,63.68,3.75,228.78,warning
2025-06-14T20:00:00,M-106,63.16,3.91,228.02,warning
2025-06-14T21:00:00,M-106,65.15,4.23,230.68,warning
2025-06-14T22:00:00,M-106,62.21,4.25,229.53,warning
2025-06-14T23:00:00,M-106,65.34,4.1,230.9,warning
2025-06-15T00:00:00,M-106,64.94,4.46,230.64,critical
2025-06-15T01:00:00,M-106,65.76,4.46,229.82,critical
2025-06-15T02:00:00,M-106,63.64,4.47,228.97,critical
2025-06-15T03:00:00,M-106,64.2,4.45,228.17,critical
2025-06-15T04:00:00,M-106,64.8,4.23,230.57,critical
2025-06-15T05:00:00,M-106,63.23,4.45,226.77,critical
2025-06-15T06:00:00,M-106,65.89,4.5,228.68,critical
2025-06-15T07:00:00,M-106,62.27,4.24,228.98,critical
2025-06-15T08:00:00,M-106,64.89,4.48,226.55,critical
2025-06-15T09:00:00,M-106,63.83,4.21,230.09,critical
2025-06-15T10:00:00,M-106,64.02,4.59,229.38,critical
2025-06-15T11:00:00,M-106,63.51,4.39,231.99,critical
2025-06-15T12:00:00,M-106,65.3,4.18,227.98,critical
2025-06-15T13:00:00,M-106,64.24,4.43,231.43,critical
2025-06-15T14:00:00,M-106,65.29,4.34,229.71,critical
2025-06-15T15:00:00,M-106,63.74,4.64,229.73,critical
2025-06-15T16:00:00,M-106,61.52,4.42,231.95,critical
2025-06-15T17:00:00,M-106,66.16,4.31,230.58,critical
2025-06-15T18:00:00,M-106,65.19,4.51,230.03,critical
2025-06-15T19:00:00,M-106,66.33,4.27,230.3,critical
2025-06-15T20:00:00,M-106,65.14,4.34,228.69,critical
2025-06-15T21:00:00,M-106,64.88,4.43,231.58,critical
2025-06-15T22:00:00,M-106,65.95,4.26,231.36,critical
2025-06-15T23:00:00,M-106,64.03,4.38,230.13,critical
2025-06-16T00:00:00,M-106,64.69,4.66,228.85,critical
2025-06-16T01:00:00,M-106,67.5,4.63,230.11,critical
2025-06-16T02:00:00,M-106,65.34,4.75,234.41,critical
2025-06-16T03:00:00,M-106,65.44,4.54,231.86,critical
2025-06-16T04:00:00,M-106,66.64,4.44,231.12,critical
2025-06-16T05:00:00,M-106,64.9,4.9,229.75,critical
2025-06-16T06:00:00,M-106,64.07,4.72,231.68,critical
2025-06-16T07:00:00,M-106,67.01,4.71,232.18,critical
2025-06-16T08:00:00,M-106,65.21,4.58,229.45,critical
2025-06-16T09:00:00,M-106,66.54,4.8,229.94,critical
2025-06-16T10:00:00,M-106,67.02,4.93,231.96,critical
2025-06-16T11:00:00,M-106,65.57,4.78,227.23,critical
2025-06-16T12:00:00,M-106,66.37,4.55,230.52,critical
2025-06-16T13:00:00,M-106,65.3,4.55,229.18,critical
2025-06-16T14:00:00,M-106,66.25,4.93,231.17,critical
2025-06-16T15:00:00,M-106,65.84,4.66,227.65,critical
2025-06-16T16:00:00,M-106,66.28,4.59,231.23,critical
2025-06-16T17:00:00,M-106,65.95,4.59,233.43,critical
2025-06-16T18:00:00,M-106,66.17,4.54,232.51,critical
2025-06-16T19:00:00,M-106,65.92,4.51,230.98,critical
2025-06-16T20:00:00,M-106,67.18,4.63,231.11,critical
2025-06-16T21:00:00,M-106,65.56,4.81,233.6,critical
2025-06-16T22:00:00,M-106,66.09,4.65,232.65,critical
2025-06-16T23:00:00,M-106,63.26,4.68,232.5,critical
2025-06-17T00:00:00,M-106,66.79,5.0,232.1,critical
2025-06-17T01:00:00,M-106,68.67,4.93,231.08,critical
2025-06-17T02:00:00,M-106,69.06,4.98,226.05,critical
2025-06-17T03:00:00,M-106,67.58,5.14,230.97,critical
2025-06-17T04:00:00,M-106,68.47,5.03,230.85,critical
2025-06-17T05:00:00,M-106,66.53,5.15,232.71,critical
2025-06-17T06:00:00,M-106,66.73,4.63,227.55,critical
2025-06-17T07:00:00,M-106,67.52,5.05,229.93,critical
2025-06-17T08:00:00,M-106,66.55,5.21,230.28,critical
2025-06-17T09:00:00,M-106,68.41,5.07,228.09,critical
2025-06-17T10:00:00,M-106,67.28,4.96,233.35,critical
2025-06-17T11:00:00,M-106,66.83,5.13,231.77,critical
2025-06-17T12:00:00,M-106,69.13,5.0,229.07,critical
2025-06-17T13:00:00,M-106,67.35,4.84,231.76,critical
2025-06-17T14:00:00,M-106,66.73,5.08,230.59,critical
2025-06-17T15:00:00,M-106,66.13,5.06,227.96,critical
2025-06-17T16:00:00,M-106,66.75,4.99,230.16,critical
2025-06-17T17:00:00,M-106,67.11,4.89,232.32,critical
2025-06-17T18:00:00,M-106,69.23,5.17,230.61,critical
2025-06-17T19:00:00,M-106,65.65,5.1,230.35,critical
2025-06-17T20:00:00,M-106,67.89,4.93,229.71,critical
2025-06-17T21:00:00,M-106,68.19,4.93,229.58,critical
2025-06-17T22:00:00,M-106,67.5,5.15,229.98,critical
2025-06-17T23:00:00,M-106,66.68,4.76,229.78,critical
2025-06-18T00:00:00,M-106,69.71,5.51,230.27,failure
2025-06-18T01:00:00,M-106,68.36,5.11,230.28,failure
2025-06-18T02:00:00,M-106,67.93,5.38,229.07,failure
2025-06-18T03:00:00,M-106,70.2,5.16,227.22,failure
2025-06-18T04:00:00,M-106,69.31,5.31,229.25,failure
2025-06-18T05:00:00,M-106,68.36,5.31,228.92,failure
2025-06-18T06:00:00,M-106,70.48,5.13,229.42,failure
2025-06-18T07:00:00,M-106,69.89,5.16,229.51,failure
2025-06-18T08:00:00,M-106,70.52,5.26,227.63,failure
2025-06-18T09:00:00,M-106,68.76,5.09,231.27,failure
2025-06-18T10:00:00,M-106,68.26,5.19,230.25,failure
2025-06-18T11:00:00,M-106,69.28,5.32,229.75,failure
2025-06-18T12:00:00,M-106,70.43,5.54,229.02,failure
2025-06-18T13:00:00,M-106,71.0,5.48,227.26,failure
2025-06-18T14:00:00,M-106,68.69,5.37,227.69,failure
2025-06-18T15:00:00,M-106,70.0,5.14,227.98,failure
2025-06-18T16:00:00,M-106,67.67,5.26,229.17,failure
2025-06-18T17:00:00,M-106,69.47,5.03,230.46,failure
2025-06-18T18:00:00,M-106,68.01,5.0,230.23,failure
2025-06-18T19:00:00,M-106,70.16,5.43,226.43,failure
2025-06-18T20:00:00,M-106,71.29,5.5,229.41,failure
2025-06-18T21:00:00,M-106,69.35,5.18,230.47,failure
2025-06-18T22:00:00,M-106,70.29,5.27,228.36,failure
2025-06-18T23:00:00,M-106,67.47,5.24,228.6,failure
2025-06-19T00:00:00,M-106,55.68,2.02,231.05,normal
2025-06-19T01:00:00,M-106,57.31,2.31,228.28,normal
2025-06-19T02:00:00,M-106,55.56,2.03,229.72,normal
2025-06-19T03:00:00,M-106,55.95,2.38,232.2,normal
2025-06-19T04:00:00,M-106,54.52,2.5,228.57,normal
2025-06-19T05:00:00,M-106,56.52,2.34,229.48,normal
2025-06-19T06:00:00,M-106,54.85,2.26,230.26,normal
2025-06-19T07:00:00,M-106,55.35,1.89,231.2,normal
2025-06-19T08:00:00,M-106,54.81,2.3,229.78,normal
2025-06-19T09:00:00,M-106,55.41,2.13,229.99,normal
2025-06-19T10:00:00,M-106,54.82,2.09,229.47,normal
2025-06-19T11:00:00,M-106,55.49,2.17,230.97,normal
2025-06-19T12:00:00,M-106,53.31,2.29,228.2,normal
2025-06-19T13:00:00,M-106,54.76,2.26,231.51,normal
2025-06-19T14:00:00,M-106,54.45,2.16,230.21,normal
2025-06-19T15:00:00,M-106,55.33,2.49,230.38,normal
2025-06-19T16:00:00,M-106,55.43,2.36,228.82,normal
2025-06-19T17:00:00,M-106,53.52,2.2,229.83,normal
2025-06-19T18:00:00,M-106,55.49,2.43,229.75,normal
2025-06-19T19:00:00,M-106,54.76,1.97,228.2,normal
2025-06-19T20:00:00,M-106,53.45,1.97,229.59,normal
2025-06-19T21:00:00,M-106,55.74,2.15,228.48,normal
2025-06-19T22:00:00,M-106,53.14,2.31,229.98,normal
2025-06-19T23:00:00,M-106,53.45,2.34,229.66,normal
2025-06-20T00:00:00,M-106,52.86,2.08,229.33,normal
2025-06-20T01:00:00,M-106,54.63,1.98,230.86,normal
2025-06-20T02:00:00,M-106,55.76,2.29,228.87,normal
2025-06-20T03:00:00,M-106,54.59,2.51,230.43,normal
2025-06-20T04:00:00,M-106,55.3,2.02,230.13,normal
2025-06-20T05:00:00,M-106,55.16,2.02,229.17,normal
2025-06-20T06:00:00,M-106,55.05,2.22,230.46,normal
2025-06-20T07:00:00,M-106,54.27,2.42,228.39,normal
2025-06-20T08:00:00,M-106,53.81,1.96,232.36,normal
2025-06-20T09:00:00,M-106,54.88,2.22,227.44,normal
2025-06-20T10:00:00,M-106,54.09,2.12,228.88,normal
2025-06-20T11:00:00,M-106,55.81,2.12,230.09,normal
2025-06-20T12:00:00,M-106,56.53,2.18,232.34,normal
2025-06-20T13:00:00,M-106,54.87,2.03,227.27,normal
2025-06-20T14:00:00,M-106,54.13,2.39,230.87,normal
2025-06-20T15:00:00,M-106,55.72,2.39,226.94,normal
2025-06-20T16:00:00,M-106,53.58,2.23,229.68,normal
2025-06-20T17:00:00,M-106,55.71,2.21,230.21,normal
2025-06-20T18:00:00,M-106,55.78,2.37,231.0,normal
2025-06-20T19:00:00,M-106,55.06,2.06,228.79,normal
2025-06-20T20:00:00,M-106,55.57,2.2,228.41,normal
2025-06-20T21:00:00,M-106,53.2,2.27,231.28,normal
2025-06-20T22:00:00,M-106,55.62,2.48,227.13,normal
2025-06-20T23:00:00,M-106,55.13,2.17,230.02,normal
2025-06-21T00:00:00,M-106,54.21,1.99,231.04,normal
2025-06-21T01:00:00,M-106,54.2,1.97,230.9,normal
2025-06-21T02:00:00,M-106,55.65,2.17,230.45,normal
2025-06-21T03:00:00,M-106,54.8,2.1,224.6,normal
2025-06-21T04:00:00,M-106,54.69,2.1,228.94,normal
2025-06-21T05:00:00,M-106,56.62,2.11,231.21,normal
2025-06-21T06:00:00,M-106,54.05,2.31,228.09,normal
2025-06-21T07:00:00,M-106,53.48,2.39,230.23,normal
2025-06-21T08:00:00,M-106,55.43,2.26,229.01,normal
2025-06-21T09:00:00,M-106,53.89,2.06,231.27,normal
2025-06-21T10:00:00,M-106,55.61,2.21,229.53,normal
2025-06-21T11:00:00,M-106,53.39,2.39,230.23,normal
2025-06-21T12:00:00,M-106,54.45,2.36,230.07,normal
2025-06-21T13:00:00,M-106,53.65,2.4,229.25,normal
2025-06-21T14:00:00,M-106,54.25,2.25,229.97,normal
2025-06-21T15:00:00,M-106,52.38,2.17,228.16,normal
2025-06-21T16:00:00,M-106,54.7,2.41,230.67,normal
2025-06-21T17:00:00,M-106,54.04,2.08,230.26,normal
2025-06-21T18:00:00,M-106,55.17,2.35,229.39,normal
2025-06-21T19:00:00,M-106,53.52,2.42,229.04,normal
2025-06-21T20:00:00,M-106,55.15,2.28,229.89,normal
2025-06-21T21:00:00,M-106,55.41,2.06,228.97,normal
2025-06-21T22:00:00,M-106,57.03,2.15,228.78,normal
2025-06-21T23:00:00,M-106,54.81,2.24,227.35,normal
2025-06-22T00:00:00,M-106,53.82,1.93,230.37,normal
2025-06-22T01:00:00,M-106,57.17,2.29,230.11,normal
2025-06-22T02:00:00,M-106,55.01,2.32,230.62,normal
2025-06-22T03:00:00,M-106,57.13,2.12,230.86,normal
2025-06-22T04:00:00,M-106,55.19,2.44,232.17,normal
2025-06-22T05:00:00,M-106,56.28,2.34,230.47,normal
2025-06-22T06:00:00,M-106,52.02,1.97,230.63,normal
2025-06-22T07:00:00,M-106,55.69,2.33,229.97,normal
2025-06-22T08:00:00,M-106,53.45,2.18,230.19,normal
2025-06-22T09:00:00,M-106,54.49,2.01,231.69,normal
2025-06-22T10:00:00,M-106,55.69,2.32,229.59,normal
2025-06-22T11:00:00,M-106,55.91,2.05,230.64,normal
2025-06-22T12:00:00,M-106,53.99,2.22,230.12,normal
2025-06-22T13:00:00,M-106,55.72,2.24,227.89,normal
2025-06-22T14:00:00,M-106,54.09,2.24,230.6,normal
2025-06-22T15:00:00,M-106,52.48,2.3,230.44,normal
2025-06-22T16:00:00,M-106,56.36,2.23,230.34,normal
2025-06-22T17:00:00,M-106,55.9,2.09,230.63,normal
2025-06-22T18:00:00,M-106,53.02,2.25,228.08,normal
2025-06-22T19:00:00,M-106,56.53,1.99,229.97,normal
2025-06-22T20:00:00,M-106,53.81,1.91,230.76,normal
2025-06-22T21:00:00,M-106,54.86,2.11,231.19,normal
2025-06-22T22:00:00,M-106,52.9,2.12,228.8,normal
2025-06-22T23:00:00,M-106,57.46,2.41,232.69,normal
2025-06-23T00:00:00,M-106,54.74,2.45,229.04,normal
2025-06-23T01:00:00,M-106,54.19,2.3,230.81,normal
2025-06-23T02:00:00,M-106,52.72,2.32,233.82,normal
2025-06-23T03:00:00,M-106,56.47,2.35,229.33,normal
2025-06-23T04:00:00,M-106,56.5,2.08,229.17,normal
2025-06-23T05:00:00,M-106,53.92,2.32,230.02,normal
2025-06-23T06:00:00,M-106,55.57,2.13,229.58,normal
2025-06-23T07:00:00,M-106,57.24,2.19,227.86,normal
2025-06-23T08:00:00,M-106,55.21,2.34,226.09,normal
2025-06-23T09:00:00,M-106,54.68,2.06,229.72,normal
2025-06-23T10:00:00,M-106,54.58,2.02,231.45,normal
2025-06-23T11:00:00,M-106,52.26,1.89,232.14,normal
2025-06-23T12:00:00,M-106,54.34,2.3,232.95,normal
2025-06-23T13:00:00,M-106,57.04,2.12,225.72,normal
2025-06-23T14:00:00,M-106,55.17,2.46,233.31,normal
2025-06-23T15:00:00,M-106,54.92,1.92,230.91,normal
2025-06-23T16:00:00,M-106,55.98,2.18,230.85,normal
2025-06-23T17:00:00,M-106,56.24,2.18,227.88,normal
2025-06-23T18:00:00,M-106,52.35,2.07,230.5,normal
2025-06-23T19:00:00,M-106,54.54,2.01,230.04,normal
2025-06-23T20:00:00,M-106,56.5,2.06,227.96,normal
2025-06-23T21:00:00,M-106,54.28,2.15,231.37,normal
2025-06-23T22:00:00,M-106,52.47,2.41,225.96,normal
2025-06-23T23:00:00,M-106,54.63,1.96,229.89,normal
2025-06-24T00:00:00,M-106,56.44,2.15,229.71,normal
2025-06-24T01:00:00,M-106,55.01,2.31,230.14,normal
2025-06-24T02:00:00,M-106,51.92,2.56,230.42,normal
2025-06-24T03:00:00,M-106,52.87,1.88,231.95,normal
2025-06-24T04:00:00,M-106,54.11,2.49,229.84,normal
2025-06-24T05:00:00,M-106,55.64,2.3,231.87,normal
2025-06-24T06:00:00,M-106,55.48,2.42,229.26,normal
2025-06-24T07:00:00,M-106,56.16,2.2,232.26,normal
2025-06-24T08:00:00,M-106,57.39,2.38,231.57,normal
2025-06-24T09:00:00,M-106,54.44,2.05,233.18,normal
2025-06-24T10:00:00,M-106,55.42,2.15,230.45,normal
2025-06-24T11:00:00,M-106,55.81,2.04,230.64,normal
2025-06-24T12:00:00,M-106,56.69,2.45,228.33,normal
2025-06-24T13:00:00,M-106,55.11,2.17,231.46,normal
2025-06-24T14:00:00,M-106,55.6,2.15,229.95,normal
2025-06-24T15:00:00,M-106,56.29,2.11,230.67,normal
2025-06-24T16:00:00,M-106,54.03,2.15,229.34,normal
2025-06-24T17:00:00,M-106,56.56,2.07,230.91,normal
2025-06-24T18:00:00,M-106,54.44,2.22,228.73,normal
2025-06-24T19:00:00,M-106,54.17,2.29,229.81,normal
2025-06-24T20:00:00,M-106,54.74,2.19,232.09,normal
2025-06-24T21:00:00,M-106,56.61,2.14,229.62,normal
2025-06-24T22:00:00,M-106,52.82,2.24,226.93,normal
2025-06-24T23:00:00,M-106,54.59,2.41,231.94,normal
2025-06-25T00:00:00,M-106,55.6,2.07,231.46,normal
2025-06-25T01:00:00,M-106,58.04,2.06,230.11,normal
2025-06-25T02:00:00,M-106,53.38,1.87,230.0,normal
2025-06-25T03:00:00,M-106,53.27,2.18,232.4,normal
2025-06-25T04:00:00,M-106,56.39,2.21,231.73,normal
2025-06-25T05:00:00,M-106,54.86,1.82,228.16,normal
2025-06-25T06:00:00,M-106,55.4,2.36,230.83,normal
2025-06-25T07:00:00,M-106,56.82,1.93,232.42,normal
2025-06-25T08:00:00,M-106,55.0,2.19,228.43,normal
2025-06-25T09:00:00,M-106,54.86,2.37,230.15,normal
2025-06-25T10:00:00,M-106,55.23,2.31,231.68,normal
2025-06-25T11:00:00,M-106,55.85,2.12,227.77,normal
2025-06-25T12:00:00,M-106,55.2,2.37,228.59,normal
2025-06-25T13:00:00,M-106,54.48,2.45,230.89,normal
2025-06-25T14:00:00,M-106,54.12,2.21,233.06,normal
2025-06-25T15:00:00,M-106,52.86,2.39,229.27,normal
2025-06-25T16:00:00,M-106,55.52,2.41,232.44,normal
2025-06-25T17:00:00,M-106,55.72,2.07,228.23,normal
2025-06-25T18:00:00,M-106,55.31,2.2,232.6,normal
2025-06-25T19:00:00,M-106,54.89,2.26,228.7,normal
2025-06-25T20:00:00,M-106,54.7,2.04,231.42,normal
2025-06-25T21:00:00,M-106,54.8,2.36,229.22,normal
2025-06-25T22:00:00,M-106,54.66,1.99,231.67,normal
2025-06-25T23:00:00,M-106,53.74,2.42,231.74,normal
2025-06-26T00:00:00,M-106,57.0,2.21,230.35,normal
2025-06-26T01:00:00,M-106,55.69,2.06,230.62,normal
2025-06-26T02:00:00,M-106,53.66,2.39,231.53,normal
2025-06-26T03:00:00,M-106,56.21,1.97,228.93,normal
2025-06-26T04:00:00,M-106,55.95,2.0,231.08,normal
2025-06-26T05:00:00,M-106,55.37,2.55,227.51,normal
2025-06-26T06:00:00,M-106,53.2,2.17,229.9,normal
2025-06-26T07:00:00,M-106,56.77,2.17,231.43,normal
2025-06-26T08:00:00,M-106,56.5,2.42,228.27,normal
2025-06-26T09:00:00,M-106,54.46,2.31,230.64,normal
2025-06-26T10:00:00,M-106,54.15,2.04,227.75,normal
2025-06-26T11:00:00,M-106,57.03,2.11,231.8,normal
2025-06-26T12:00:00,M-106,54.9,2.2,231.21,normal
2025-06-26T13:00:00,M-106,56.24,2.15,230.32,normal
2025-06-26T14:00:00,M-106,54.87,2.09,230.07,normal
2025-06-26T15:00:00,M-106,53.71,2.09,231.64,normal
2025-06-26T16:00:00,M-106,55.62,2.18,230.62,normal
2025-06-26T17:00:00,M-106,55.86,2.12,232.24,normal
2025-06-26T18:00:00,M-106,55.65,2.05,231.2,normal
2025-06-26T19:00:00,M-106,55.42,2.02,231.53,normal
2025-06-26T20:00:00,M-106,56.5,1.83,226.88,normal
2025-06-26T21:00:00,M-106,55.26,2.46,231.18,normal
2025-06-26T22:00:00,M-106,54.06,2.06,229.43,normal
2025-06-26T23:00:00,M-106,55.33,2.12,231.98,normal
2025-06-27T00:00:00,M-106,56.28,2.32,226.52,normal
2025-06-27T01:00:00,M-106,57.25,2.29,227.52,normal
2025-06-27T02:00:00,M-106,53.28,1.98,228.99,normal
2025-06-27T03:00:00,M-106,54.66,2.17,230.69,normal
2025-06-27T04:00:00,M-106,54.94,1.99,229.34,normal
2025-06-27T05:00:00,M-106,54.51,2.3,229.91,normal
2025-06-27T06:00:00,M-106,55.01,2.21,229.13,normal
2025-06-27T07:00:00,M-106,53.32,2.46,228.0,normal
2025-06-27T08:00:00,M-106,55.04,2.45,231.51,normal
2025-06-27T09:00:00,M-106,56.18,2.24,231.31,normal
2025-06-27T10:00:00,M-106,54.38,2.22,232.34,normal
2025-06-27T11:00:00,M-106,56.29,2.18,230.28,normal
2025-06-27T12:00:00,M-106,54.92,2.43,229.56,normal
2025-06-27T13:00:00,M-106,54.16,2.03,231.07,normal
2025-06-27T14:00:00,M-106,53.66,1.94,229.66,normal
2025-06-27T15:00:00,M-106,53.56,1.96,229.58,normal
2025-06-27T16:00:00,M-106,54.44,2.31,233.1,normal
2025-06-27T17:00:00,M-106,54.1,2.3,231.09,normal
2025-06-27T18:00:00,M-106,53.03,2.1,232.89,normal
2025-06-27T19:00:00,M-106,54.96,2.06,230.57,normal
2025-06-27T20:00:00,M-106,54.3,2.06,230.04,normal
2025-06-27T21:00:00,M-106,55.93,2.47,228.12,normal
2025-06-27T22:00:00,M-106,55.39,2.25,231.94,normal
2025-06-27T23:00:00,M-106,52.82,2.04,231.16,normal
2025-06-28T00:00:00,M-106,56.49,2.37,229.26,normal
2025-06-28T01:00:00,M-106,56.37,2.11,231.56,normal
2025-06-28T02:00:00,M-106,55.2,1.96,228.2,normal
2025-06-28T03:00:00,M-106,57.31,1.9,228.93,normal
2025-06-28T04:00:00,M-106,57.16,2.3,230.66,normal
2025-06-28T05:00:00,M-106,55.73,2.21,227.05,normal
2025-06-28T06:00:00,M-106,55.76,2.3,227.66,normal
2025-06-28T07:00:00,M-106,56.82,2.16,229.67,normal
2025-06-28T08:00:00,M-106,55.3,2.15,228.52,normal
2025-06-28T09:00:00,M-106,54.33,2.1,230.49,normal
2025-06-28T10:00:00,M-106,53.29,2.15,229.52,normal
2025-06-28T11:00:00,M-106,55.48,2.42,230.57,normal
2025-06-28T12:00:00,M-106,54.48,2.1,231.99,normal
2025-06-28T13:00:00,M-106,54.83,2.24,231.27,normal
2025-06-28T14:00:00,M-106,55.16,2.15,229.92,normal
2025-06-28T15:00:00,M-106,55.03,2.12,229.63,normal
2025-06-28T16:00:00,M-106,55.2,2.36,231.33,normal
2025-06-28T17:00:00,M-106,53.82,2.03,228.55,normal
2025-06-28T18:00:00,M-106,53.57,2.17,231.61,normal
2025-06-28T19:00:00,M-106,56.28,2.35,231.66,normal
2025-06-28T20:00:00,M-106,53.1,2.24,230.42,normal
2025-06-28T21:00:00,M-106,55.31,2.19,231.21,normal
2025-06-28T22:00:00,M-106,53.32,2.48,228.31,normal
2025-06-28T23:00:00,M-106,54.43,2.19,230.88,normal
2025-06-29T00:00:00,M-106,53.42,2.07,229.3,normal
2025-06-29T01:00:00,M-106,56.35,1.97,230.66,normal
2025-06-29T02:00:00,M-106,54.77,2.19,229.96,normal
2025-06-29T03:00:00,M-106,56.23,1.99,230.37,normal
2025-06-29T04:00:00,M-106,55.15,2.08,229.4,normal
2025-06-29T05:00:00,M-106,54.82,1.97,229.69,normal
2025-06-29T06:00:00,M-106,53.52,2.47,231.99,normal
2025-06-29T07:00:00,M-106,56.49,2.34,227.92,normal
2025-06-29T08:00:00,M-106,56.05,2.11,231.11,normal
2025-06-29T09:00:00,M-106,53.24,2.32,229.73,normal
2025-06-29T10:00:00,M-106,56.64,2.04,230.83,normal
2025-06-29T11:00:00,M-106,54.19,2.53,230.2,normal
2025-06-29T12:00:00,M-106,54.87,2.16,230.16,normal
2025-06-29T13:00:00,M-106,55.42,2.21,228.81,normal
2025-06-29T14:00:00,M-106,55.1,2.24,229.78,normal
2025-06-29T15:00:00,M-106,54.62,2.12,229.0,normal
2025-06-29T16:00:00,M-106,57.33,2.54,229.22,normal
2025-06-29T17:00:00,M-106,52.65,2.22,231.09,normal
2025-06-29T18:00:00,M-106,54.95,2.02,232.29,normal
2025-06-29T19:00:00,M-106,54.82,2.09,230.7,normal
2025-06-29T20:00:00,M-106,53.7,2.05,230.24,normal
2025-06-29T21:00:00,M-106,56.85,2.71,228.55,normal
2025-06-29T22:00:00,M-106,55.82,2.28,231.54,normal
2025-06-29T23:00:00,M-106,54.24,1.98,230.63,normal
